price_id,customer,article,article_variant,fabric_name,composition,full_width_cm,usable_width_cm,weight_gsm,moq,qty_min,qty_max,qty_unit,color_tier,price_usd,price_thb,terms,valid_from,valid_to,quote_ref,source_sheet,source_row,notes
1,CENTER,210816,,SOFTY e 1 hydrophilic + antibacteria finish,100%PES,170 - 180 cm.,165 - 175 cm.,145 - 160 g/m2,"2,000m.",500,,M,All_colors,6.16666666666667,185,FOB Bangkok,,,Center price sheet,CENTER PRICE USD for internal,15,
2,CENTER,210786,,SOFTY e 1 hydrophilic + antibacteria finish,100% PES,148 - 153 cm.,143 - 148 cm.,125 - 135 g/m2,"2,000m.",500,,M,All_colors,5.33333333333333,160,FOB Bangkok,,,Center price sheet,CENTER PRICE USD for internal,16,
3,CENTER,251051,,PA CHARMEUSE 2020,100% PA,153 - 158 cm.,148 - 153 cm.,28 - 33 g/m2,"3,000m.",200,600,M,PFE/PFD,2,60,FOB Bangkok,,,Center price sheet,CENTER PRICE USD for internal,18,
4,CENTER,251051,,PA CHARMEUSE 2020,100% PA,153 - 158 cm.,148 - 153 cm.,28 - 33 g/m2,"3,000m.",200,600,M,All_colors,2.6,78,FOB Bangkok,,,Center price sheet,CENTER PRICE USD for internal,18,
5,CENTER,251051,,PA CHARMEUSE 2020,100% PA,153 - 158 cm.,148 - 153 cm.,28 - 33 g/m2,"3,000m.",601,2000,M,PFE/PFD,1.66666666666667,50,FOB Bangkok,,,Center price sheet,CENTER PRICE USD for internal,19,
6,CENTER,251051,,PA CHARMEUSE 2020,100% PA,153 - 158 cm.,148 - 153 cm.,28 - 33 g/m2,"3,000m.",601,2000,M,All_colors,2.13333333333333,64,FOB Bangkok,,,Center price sheet,CENTER PRICE USD for internal,19,
7,CENTER,251051,,PA CHARMEUSE 2020,100% PA,153 - 158 cm.,148 - 153 cm.,28 - 33 g/m2,"3,000m.",2001,5000,M,PFE/PFD,1.6,48,FOB Bangkok,,,Center price sheet,CENTER PRICE USD for internal,20,
8,CENTER,251051,,PA CHARMEUSE 2020,100% PA,153 - 158 cm.,148 - 153 cm.,28 - 33 g/m2,"3,000m.",2001,5000,M,All_colors,1.96666666666667,59,FOB Bangkok,,,Center price sheet,CENTER PRICE USD for internal,20,
9,CENTER,251166,,ELASTIC CHARMEUSE,"80% PA, 20% ELASTANE",150 - 155 cm.,145 - 150 cm.,145 - 160 g/m2,"3,000m.",200,600,M,PFE/PFD,4.5,135,FOB Bangkok,,,Center price sheet,CENTER PRICE USD for internal,22,
10,CENTER,251166,,ELASTIC CHARMEUSE,"80% PA, 20% ELASTANE",150 - 155 cm.,145 - 150 cm.,145 - 160 g/m2,"3,000m.",200,600,M,All_colors,5.33333333333333,160,FOB Bangkok,,,Center price sheet,CENTER PRICE USD for internal,22,
11,CENTER,251166,,ELASTIC CHARMEUSE,"80% PA, 20% ELASTANE",150 - 155 cm.,145 - 150 cm.,145 - 160 g/m2,"3,000m.",601,2000,M,PFE/PFD,4.23333333333333,127,FOB Bangkok,,,Center price sheet,CENTER PRICE USD for internal,23,
12,CENTER,251166,,ELASTIC CHARMEUSE,"80% PA, 20% ELASTANE",150 - 155 cm.,145 - 150 cm.,145 - 160 g/m2,"3,000m.",601,2000,M,All_colors,5,150,FOB Bangkok,,,Center price sheet,CENTER PRICE USD for internal,23,
13,CENTER,251166,,ELASTIC CHARMEUSE,"80% PA, 20% ELASTANE",150 - 155 cm.,145 - 150 cm.,145 - 160 g/m2,"3,000m.",2001,5000,M,PFE/PFD,4.16666666666667,125,FOB Bangkok,,,Center price sheet,CENTER PRICE USD for internal,24,
14,CENTER,251166,,ELASTIC CHARMEUSE,"80% PA, 20% ELASTANE",150 - 155 cm.,145 - 150 cm.,145 - 160 g/m2,"3,000m.",2001,5000,M,All_colors,4.83333333333333,145,FOB Bangkok,,,Center price sheet,CENTER PRICE USD for internal,24,
15,CENTER,251168,,ELASTIC CHARMEUSE,"72% PA, 28% ELASTANE",153 - 158 cm.,148 - 153 cm.,125 - 135 g/m2,"3,000m.",200,600,M,PFE/PFD,4.66666666666667,140,FOB Bangkok,,,Center price sheet,CENTER PRICE USD for internal,26,
16,CENTER,251168,,ELASTIC CHARMEUSE,"72% PA, 28% ELASTANE",153 - 158 cm.,148 - 153 cm.,125 - 135 g/m2,"3,000m.",200,600,M,All_colors,5.5,165,FOB Bangkok,,,Center price sheet,CENTER PRICE USD for internal,26,
17,CENTER,251168,,ELASTIC CHARMEUSE,"72% PA, 28% ELASTANE",153 - 158 cm.,148 - 153 cm.,125 - 135 g/m2,"3,000m.",601,2000,M,PFE/PFD,4.33333333333333,130,FOB Bangkok,,,Center price sheet,CENTER PRICE USD for internal,27,
18,CENTER,251168,,ELASTIC CHARMEUSE,"72% PA, 28% ELASTANE",153 - 158 cm.,148 - 153 cm.,125 - 135 g/m2,"3,000m.",601,2000,M,All_colors,5.16666666666667,155,FOB Bangkok,,,Center price sheet,CENTER PRICE USD for internal,27,
19,CENTER,251168,,ELASTIC CHARMEUSE,"72% PA, 28% ELASTANE",153 - 158 cm.,148 - 153 cm.,125 - 135 g/m2,"3,000m.",2001,5000,M,PFE/PFD,4.26666666666667,128,FOB Bangkok,,,Center price sheet,CENTER PRICE USD for internal,28,
20,CENTER,251168,,ELASTIC CHARMEUSE,"72% PA, 28% ELASTANE",153 - 158 cm.,148 - 153 cm.,125 - 135 g/m2,"3,000m.",2001,5000,M,All_colors,4.93333333333333,148,FOB Bangkok,,,Center price sheet,CENTER PRICE USD for internal,28,
21,CENTER,251170,,ELASTIC CHARMEUSE BR,"80% PA, 20% ELASTANE",158 - 163 cm.,153 - 158 cm.,130 - 140 g/m2,"3,000m.",300,,M,PFE/PFD,4.83333333333333,145,FOB Bangkok,,,Center price sheet,CENTER PRICE USD for internal,30,
22,CENTER,251170,,ELASTIC CHARMEUSE BR,"80% PA, 20% ELASTANE",158 - 163 cm.,153 - 158 cm.,130 - 140 g/m2,"3,000m.",300,,M,All_colors,5.45,163.5,FOB Bangkok,,,Center price sheet,CENTER PRICE USD for internal,30,
23,CENTER,251170,,ELASTIC CHARMEUSE BR,"80% PA, 20% ELASTANE",158 - 163 cm.,153 - 158 cm.,130 - 140 g/m2,"3,000m.",700,,M,PFE/PFD,4.5,135,FOB Bangkok,,,Center price sheet,CENTER PRICE USD for internal,31,
24,CENTER,251170,,ELASTIC CHARMEUSE BR,"80% PA, 20% ELASTANE",158 - 163 cm.,153 - 158 cm.,130 - 140 g/m2,"3,000m.",700,,M,All_colors,5.2,156,FOB Bangkok,,,Center price sheet,CENTER PRICE USD for internal,31,
25,CENTER,251170,,ELASTIC CHARMEUSE BR,"80% PA, 20% ELASTANE",158 - 163 cm.,153 - 158 cm.,130 - 140 g/m2,"3,000m.",1100,,M,PFE/PFD,4.46666666666667,134,FOB Bangkok,,,Center price sheet,CENTER PRICE USD for internal,32,
26,CENTER,251170,,ELASTIC CHARMEUSE BR,"80% PA, 20% ELASTANE",158 - 163 cm.,153 - 158 cm.,130 - 140 g/m2,"3,000m.",1100,,M,All_colors,5,150,FOB Bangkok,,,Center price sheet,CENTER PRICE USD for internal,32,
27,CENTER,251173,,PA MARQUISETTE,100% PA,150 - 155 cm.,145 - 150 cm.,40 - 45 g/m2,"3,000m.",200,600,M,PFE/PFD,2.03333333333333,61,FOB Bangkok,,,Center price sheet,CENTER PRICE USD for internal,34,
28,CENTER,251173,,PA MARQUISETTE,100% PA,150 - 155 cm.,145 - 150 cm.,40 - 45 g/m2,"3,000m.",200,600,M,All_colors,2.63333333333333,79,FOB Bangkok,,,Center price sheet,CENTER PRICE USD for internal,34,
29,CENTER,251173,,PA MARQUISETTE,100% PA,150 - 155 cm.,145 - 150 cm.,40 - 45 g/m2,"3,000m.",601,2000,M,PFE/PFD,1.7,51,FOB Bangkok,,,Center price sheet,CENTER PRICE USD for internal,35,
30,CENTER,251173,,PA MARQUISETTE,100% PA,150 - 155 cm.,145 - 150 cm.,40 - 45 g/m2,"3,000m.",601,2000,M,All_colors,2.2,66,FOB Bangkok,,,Center price sheet,CENTER PRICE USD for internal,35,
31,CENTER,251173,,PA MARQUISETTE,100% PA,150 - 155 cm.,145 - 150 cm.,40 - 45 g/m2,"3,000m.",2001,5000,M,PFE/PFD,1.66666666666667,50,FOB Bangkok,,,Center price sheet,CENTER PRICE USD for internal,36,
32,CENTER,251173,,PA MARQUISETTE,100% PA,150 - 155 cm.,145 - 150 cm.,40 - 45 g/m2,"3,000m.",2001,5000,M,All_colors,2.03333333333333,61,FOB Bangkok,,,Center price sheet,CENTER PRICE USD for internal,36,
33,CENTER,251195,,PA CHARMEUSE SILK TOUCH,100% PA,150 - 155 cm.,145 - 150 cm.,36 - 41 g/m2,"3,000m.",200,600,M,PFE/PFD,2.23333333333333,67,FOB Bangkok,,,Center price sheet,CENTER PRICE USD for internal,38,
34,CENTER,251195,,PA CHARMEUSE SILK TOUCH,100% PA,150 - 155 cm.,145 - 150 cm.,36 - 41 g/m2,"3,000m.",200,600,M,All_colors,2.9,87,FOB Bangkok,,,Center price sheet,CENTER PRICE USD for internal,38,
35,CENTER,251195,,PA CHARMEUSE SILK TOUCH,100% PA,150 - 155 cm.,145 - 150 cm.,36 - 41 g/m2,"3,000m.",601,2000,M,PFE/PFD,1.86666666666667,56,FOB Bangkok,,,Center price sheet,CENTER PRICE USD for internal,39,
36,CENTER,251195,,PA CHARMEUSE SILK TOUCH,100% PA,150 - 155 cm.,145 - 150 cm.,36 - 41 g/m2,"3,000m.",601,2000,M,All_colors,2.4,72,FOB Bangkok,,,Center price sheet,CENTER PRICE USD for internal,39,
37,CENTER,251195,,PA CHARMEUSE SILK TOUCH,100% PA,150 - 155 cm.,145 - 150 cm.,36 - 41 g/m2,"3,000m.",2001,5000,M,PFE/PFD,1.83333333333333,55,FOB Bangkok,,,Center price sheet,CENTER PRICE USD for internal,40,
38,CENTER,251195,,PA CHARMEUSE SILK TOUCH,100% PA,150 - 155 cm.,145 - 150 cm.,36 - 41 g/m2,"3,000m.",2001,5000,M,All_colors,2.2,66,FOB Bangkok,,,Center price sheet,CENTER PRICE USD for internal,40,
39,CENTER,251205,,POWER MESH,"86% PA, 14% ELASTANE",185 - 190 cm.,180 - 185 cm.,130 - 140 g/m2,"3,000m.",200,600,M,PFE/PFD,5.5,165,FOB Bangkok,,,Center price sheet,CENTER PRICE USD for internal,42,
40,CENTER,251205,,POWER MESH,"86% PA, 14% ELASTANE",185 - 190 cm.,180 - 185 cm.,130 - 140 g/m2,"3,000m.",200,600,M,All_colors,6.66666666666667,200,FOB Bangkok,,,Center price sheet,CENTER PRICE USD for internal,42,
41,CENTER,251205,,POWER MESH,"86% PA, 14% ELASTANE",185 - 190 cm.,180 - 185 cm.,130 - 140 g/m2,"3,000m.",601,2000,M,PFE/PFD,5.16666666666667,155,FOB Bangkok,,,Center price sheet,CENTER PRICE USD for internal,43,
42,CENTER,251205,,POWER MESH,"86% PA, 14% ELASTANE",185 - 190 cm.,180 - 185 cm.,130 - 140 g/m2,"3,000m.",601,2000,M,All_colors,6.16666666666667,185,FOB Bangkok,,,Center price sheet,CENTER PRICE USD for internal,43,
43,CENTER,251205,,POWER MESH,"86% PA, 14% ELASTANE",185 - 190 cm.,180 - 185 cm.,130 - 140 g/m2,"3,000m.",2001,5000,M,PFE/PFD,5.06666666666667,152,FOB Bangkok,,,Center price sheet,CENTER PRICE USD for internal,44,
44,CENTER,251205,,POWER MESH,"86% PA, 14% ELASTANE",185 - 190 cm.,180 - 185 cm.,130 - 140 g/m2,"3,000m.",2001,5000,M,All_colors,6.06666666666667,182,FOB Bangkok,,,Center price sheet,CENTER PRICE USD for internal,44,
45,CENTER,251208,,ELASTIC CHARMEUSE,"80% PA, 20% ELASTANE",143 - 148 cm.,138 - 143 cm.,68 - 73 g/m2,"3,000m.",200,600,M,PFE/PFD,3.73333333333333,112,FOB Bangkok,,,Center price sheet,CENTER PRICE USD for internal,46,
46,CENTER,251208,,ELASTIC CHARMEUSE,"80% PA, 20% ELASTANE",143 - 148 cm.,138 - 143 cm.,68 - 73 g/m2,"3,000m.",200,600,M,All_colors,4.33333333333333,130,FOB Bangkok,,,Center price sheet,CENTER PRICE USD for internal,46,
47,CENTER,251208,,ELASTIC CHARMEUSE,"80% PA, 20% ELASTANE",143 - 148 cm.,138 - 143 cm.,68 - 73 g/m2,"3,000m.",601,2000,M,PFE/PFD,3.36666666666667,101,FOB Bangkok,,,Center price sheet,CENTER PRICE USD for internal,47,
48,CENTER,251208,,ELASTIC CHARMEUSE,"80% PA, 20% ELASTANE",143 - 148 cm.,138 - 143 cm.,68 - 73 g/m2,"3,000m.",601,2000,M,All_colors,3.9,117,FOB Bangkok,,,Center price sheet,CENTER PRICE USD for internal,47,
49,CENTER,251208,,ELASTIC CHARMEUSE,"80% PA, 20% ELASTANE",143 - 148 cm.,138 - 143 cm.,68 - 73 g/m2,"3,000m.",2001,5000,M,PFE/PFD,3.3,99,FOB Bangkok,,,Center price sheet,CENTER PRICE USD for internal,48,
50,CENTER,251208,,ELASTIC CHARMEUSE,"80% PA, 20% ELASTANE",143 - 148 cm.,138 - 143 cm.,68 - 73 g/m2,"3,000m.",2001,5000,M,All_colors,3.76666666666667,113,FOB Bangkok,,,Center price sheet,CENTER PRICE USD for internal,48,
51,CENTER,254509,,PA CHARMEUSE,100% PA,160 - 165 cm.,155 - 160 cm.,78 - 83 g/m2,"3,000m.",200,600,M,PFE/PFD,2.96666666666667,89,FOB Bangkok,,,Center price sheet,CENTER PRICE USD for internal,50,
52,CENTER,254509,,PA CHARMEUSE,100% PA,160 - 165 cm.,155 - 160 cm.,78 - 83 g/m2,"3,000m.",200,600,M,All_colors,3.56666666666667,107,FOB Bangkok,,,Center price sheet,CENTER PRICE USD for internal,50,
53,CENTER,254509,,PA CHARMEUSE,100% PA,160 - 165 cm.,155 - 160 cm.,78 - 83 g/m2,"3,000m.",601,2000,M,PFE/PFD,2.63333333333333,79,FOB Bangkok,,,Center price sheet,CENTER PRICE USD for internal,51,
54,CENTER,254509,,PA CHARMEUSE,100% PA,160 - 165 cm.,155 - 160 cm.,78 - 83 g/m2,"3,000m.",601,2000,M,All_colors,3.1,93,FOB Bangkok,,,Center price sheet,CENTER PRICE USD for internal,51,
55,CENTER,254509,,PA CHARMEUSE,100% PA,160 - 165 cm.,155 - 160 cm.,78 - 83 g/m2,"3,000m.",2001,5000,M,PFE/PFD,2.6,78,FOB Bangkok,,,Center price sheet,CENTER PRICE USD for internal,52,
56,CENTER,254509,,PA CHARMEUSE,100% PA,160 - 165 cm.,155 - 160 cm.,78 - 83 g/m2,"3,000m.",2001,5000,M,All_colors,2.96666666666667,89,FOB Bangkok,,,Center price sheet,CENTER PRICE USD for internal,52,
57,CENTER,254553,,PA TULLE,100%PA,145 - 150 cm.,140 - 145 cm.,30 - 35 g/m2,"3,000m.",200,600,M,PFE/PFD,2.3,69,FOB Bangkok,,,Center price sheet,CENTER PRICE USD for internal,54,
58,CENTER,254553,,PA TULLE,100%PA,145 - 150 cm.,140 - 145 cm.,30 - 35 g/m2,"3,000m.",200,600,M,All_colors,2.96666666666667,89,FOB Bangkok,,,Center price sheet,CENTER PRICE USD for internal,54,
59,CENTER,254553,,PA TULLE,100%PA,145 - 150 cm.,140 - 145 cm.,30 - 35 g/m2,"3,000m.",601,2000,M,PFE/PFD,1.96666666666667,59,FOB Bangkok,,,Center price sheet,CENTER PRICE USD for internal,55,
60,CENTER,254553,,PA TULLE,100%PA,145 - 150 cm.,140 - 145 cm.,30 - 35 g/m2,"3,000m.",601,2000,M,All_colors,2.46666666666667,74,FOB Bangkok,,,Center price sheet,CENTER PRICE USD for internal,55,
61,CENTER,254553,,PA TULLE,100%PA,145 - 150 cm.,140 - 145 cm.,30 - 35 g/m2,"3,000m.",2001,5000,M,PFE/PFD,1.9,57,FOB Bangkok,,,Center price sheet,CENTER PRICE USD for internal,56,
62,CENTER,254553,,PA TULLE,100%PA,145 - 150 cm.,140 - 145 cm.,30 - 35 g/m2,"3,000m.",2001,5000,M,All_colors,2.3,69,FOB Bangkok,,,Center price sheet,CENTER PRICE USD for internal,56,
63,CENTER,254580,,PA TULLE,100%PA,150 - 155cm,145 - 150 cm.,30 - 35 g/m2,"3,000m.",200,600,M,PFE/PFD,1.65,,FOB Bangkok,,,Center price sheet,CENTER PRICE USD for internal,58,
64,CENTER,254580,,PA TULLE,100%PA,150 - 155cm,145 - 150 cm.,30 - 35 g/m2,"3,000m.",200,600,M,All_colors,2.8,,FOB Bangkok,,,Center price sheet,CENTER PRICE USD for internal,58,
65,CENTER,254580,,PA TULLE,100%PA,150 - 155cm,145 - 150 cm.,30 - 35 g/m2,"3,000m.",601,2000,M,PFE/PFD,1.45,,FOB Bangkok,,,Center price sheet,CENTER PRICE USD for internal,59,
66,CENTER,254580,,PA TULLE,100%PA,150 - 155cm,145 - 150 cm.,30 - 35 g/m2,"3,000m.",601,2000,M,All_colors,2.1,,FOB Bangkok,,,Center price sheet,CENTER PRICE USD for internal,59,
67,CENTER,254580,,PA TULLE,100%PA,150 - 155cm,145 - 150 cm.,30 - 35 g/m2,"3,000m.",2001,5000,M,PFE/PFD,1.35,,FOB Bangkok,,,Center price sheet,CENTER PRICE USD for internal,60,
68,CENTER,254580,,PA TULLE,100%PA,150 - 155cm,145 - 150 cm.,30 - 35 g/m2,"3,000m.",2001,5000,M,All_colors,2.05,,FOB Bangkok,,,Center price sheet,CENTER PRICE USD for internal,60,
69,CENTER,254555,,PES TULLE,100%PES,157 - 162 cm.,152 - 157 cm.,30 - 35 g/m2,"3,000m.",200,600,M,PFE/PFD,1.35,,FOB Bangkok,,,Center price sheet,CENTER PRICE USD for internal,62,
70,CENTER,254555,,PES TULLE,100%PES,157 - 162 cm.,152 - 157 cm.,30 - 35 g/m2,"3,000m.",200,600,M,All_colors,2.5,,FOB Bangkok,,,Center price sheet,CENTER PRICE USD for internal,62,
71,CENTER,254555,,PES TULLE,100%PES,157 - 162 cm.,152 - 157 cm.,30 - 35 g/m2,"3,000m.",601,2000,M,PFE/PFD,1.15,,FOB Bangkok,,,Center price sheet,CENTER PRICE USD for internal,63,
72,CENTER,254555,,PES TULLE,100%PES,157 - 162 cm.,152 - 157 cm.,30 - 35 g/m2,"3,000m.",601,2000,M,All_colors,1.8,,FOB Bangkok,,,Center price sheet,CENTER PRICE USD for internal,63,
73,CENTER,254555,,PES TULLE,100%PES,157 - 162 cm.,152 - 157 cm.,30 - 35 g/m2,"3,000m.",2001,4999,M,PFE/PFD,1.05,,FOB Bangkok,,,Center price sheet,CENTER PRICE USD for internal,64,
74,CENTER,254555,,PES TULLE,100%PES,157 - 162 cm.,152 - 157 cm.,30 - 35 g/m2,"3,000m.",2001,4999,M,All_colors,1.75,,FOB Bangkok,,,Center price sheet,CENTER PRICE USD for internal,64,
75,CENTER,254555,,PES TULLE,100%PES,157 - 162 cm.,152 - 157 cm.,30 - 35 g/m2,"3,000m.",5000,9999,M,PFE/PFD,0.95,,FOB Bangkok,,,Center price sheet,CENTER PRICE USD for internal,65,
76,CENTER,254555,,PES TULLE,100%PES,157 - 162 cm.,152 - 157 cm.,30 - 35 g/m2,"3,000m.",10000,,M,PFE/PFD,0.9,,FOB Bangkok,,,Center price sheet,CENTER PRICE USD for internal,66,
77,CENTER,254559,,PA TULLE MICRO-TOUCH,100% PA,165 - 170 cm.,160 - 165 cm.,20 - 25 g/m2,"3,000m.",200,600,M,PFE/PFD,2.26666666666667,68,FOB Bangkok,,,Center price sheet,CENTER PRICE USD for internal,68,
78,CENTER,254559,,PA TULLE MICRO-TOUCH,100% PA,165 - 170 cm.,160 - 165 cm.,20 - 25 g/m2,"3,000m.",200,600,M,All_colors,2.9,87,FOB Bangkok,,,Center price sheet,CENTER PRICE USD for internal,68,
79,CENTER,254559,,PA TULLE MICRO-TOUCH,100% PA,165 - 170 cm.,160 - 165 cm.,20 - 25 g/m2,"3,000m.",601,2000,M,PFE/PFD,1.93333333333333,58,FOB Bangkok,,,Center price sheet,CENTER PRICE USD for internal,69,
80,CENTER,254559,,PA TULLE MICRO-TOUCH,100% PA,165 - 170 cm.,160 - 165 cm.,20 - 25 g/m2,"3,000m.",601,2000,M,All_colors,2.43333333333333,73,FOB Bangkok,,,Center price sheet,CENTER PRICE USD for internal,69,
81,CENTER,254559,,PA TULLE MICRO-TOUCH,100% PA,165 - 170 cm.,160 - 165 cm.,20 - 25 g/m2,"3,000m.",2001,5000,M,PFE/PFD,1.86666666666667,56,FOB Bangkok,,,Center price sheet,CENTER PRICE USD for internal,70,
82,CENTER,254559,,PA TULLE MICRO-TOUCH,100% PA,165 - 170 cm.,160 - 165 cm.,20 - 25 g/m2,"3,000m.",2001,5000,M,All_colors,2.26666666666667,68,FOB Bangkok,,,Center price sheet,CENTER PRICE USD for internal,70,
83,CENTER,254582,,PA TULLE,100 % PA,157 - 162 cm.,152 - 157 cm.,18 - 23 g/m2,"3,000m.",200,600,M,PFE/PFD,2,60,FOB Bangkok,,,Center price sheet,CENTER PRICE USD for internal,72,
84,CENTER,254582,,PA TULLE,100 % PA,157 - 162 cm.,152 - 157 cm.,18 - 23 g/m2,"3,000m.",200,600,M,All_colors,2.66666666666667,80,FOB Bangkok,,,Center price sheet,CENTER PRICE USD for internal,72,
85,CENTER,254582,,PA TULLE,100 % PA,157 - 162 cm.,152 - 157 cm.,18 - 23 g/m2,"3,000m.",601,2000,M,PFE/PFD,1.66666666666667,50,FOB Bangkok,,,Center price sheet,CENTER PRICE USD for internal,73,
86,CENTER,254582,,PA TULLE,100 % PA,157 - 162 cm.,152 - 157 cm.,18 - 23 g/m2,"3,000m.",601,2000,M,All_colors,2.16666666666667,65,FOB Bangkok,,,Center price sheet,CENTER PRICE USD for internal,73,
87,CENTER,254582,,PA TULLE,100 % PA,157 - 162 cm.,152 - 157 cm.,18 - 23 g/m2,"3,000m.",2001,5000,M,PFE/PFD,1.56666666666667,47,FOB Bangkok,,,Center price sheet,CENTER PRICE USD for internal,74,
88,CENTER,254582,,PA TULLE,100 % PA,157 - 162 cm.,152 - 157 cm.,18 - 23 g/m2,"3,000m.",2001,5000,M,All_colors,2,60,FOB Bangkok,,,Center price sheet,CENTER PRICE USD for internal,74,
89,CENTER,254588,,PES TULLE ALPHA,100% PES,148 - 153 cm.,143 - 148 cm.,20 - 25 g/m2,"3,000m.",200,600,M,PFE/PFD,1.83333333333333,55,FOB Bangkok,,,Center price sheet,CENTER PRICE USD for internal,76,
90,CENTER,254588,,PES TULLE ALPHA,100% PES,148 - 153 cm.,143 - 148 cm.,20 - 25 g/m2,"3,000m.",200,600,M,All_colors,2.66666666666667,80,FOB Bangkok,,,Center price sheet,CENTER PRICE USD for internal,76,
91,CENTER,254588,,PES TULLE ALPHA,100% PES,148 - 153 cm.,143 - 148 cm.,20 - 25 g/m2,"3,000m.",601,2000,M,PFE/PFD,1.5,45,FOB Bangkok,,,Center price sheet,CENTER PRICE USD for internal,77,
92,CENTER,254588,,PES TULLE ALPHA,100% PES,148 - 153 cm.,143 - 148 cm.,20 - 25 g/m2,"3,000m.",601,2000,M,All_colors,2.16666666666667,65,FOB Bangkok,,,Center price sheet,CENTER PRICE USD for internal,77,
93,CENTER,254588,,PES TULLE ALPHA,100% PES,148 - 153 cm.,143 - 148 cm.,20 - 25 g/m2,"3,000m.",2001,5000,M,PFE/PFD,1.43333333333333,43,FOB Bangkok,,,Center price sheet,CENTER PRICE USD for internal,78,
94,CENTER,254588,,PES TULLE ALPHA,100% PES,148 - 153 cm.,143 - 148 cm.,20 - 25 g/m2,"3,000m.",2001,5000,M,All_colors,2,60,FOB Bangkok,,,Center price sheet,CENTER PRICE USD for internal,78,
95,CENTER,254615,,PA TULLE SH,100% PA,138 - 143 cm.,133 - 138 cm.,40 - 45 g/m2,"3,000m.",200,600,M,PFE/PFD,2.56666666666667,77,FOB Bangkok,,,Center price sheet,CENTER PRICE USD for internal,80,
96,CENTER,254615,,PA TULLE SH,100% PA,138 - 143 cm.,133 - 138 cm.,40 - 45 g/m2,"3,000m.",200,600,M,All_colors,3.23333333333333,97,FOB Bangkok,,,Center price sheet,CENTER PRICE USD for internal,80,
97,CENTER,254615,,PA TULLE SH,100% PA,138 - 143 cm.,133 - 138 cm.,40 - 45 g/m2,"3,000m.",601,2000,M,PFE/PFD,2.2,66,FOB Bangkok,,,Center price sheet,CENTER PRICE USD for internal,81,
98,CENTER,254615,,PA TULLE SH,100% PA,138 - 143 cm.,133 - 138 cm.,40 - 45 g/m2,"3,000m.",601,2000,M,All_colors,2.73333333333333,82,FOB Bangkok,,,Center price sheet,CENTER PRICE USD for internal,81,
99,CENTER,254615,,PA TULLE SH,100% PA,138 - 143 cm.,133 - 138 cm.,40 - 45 g/m2,"3,000m.",2001,5000,M,PFE/PFD,2.16666666666667,65,FOB Bangkok,,,Center price sheet,CENTER PRICE USD for internal,82,
100,CENTER,254615,,PA TULLE SH,100% PA,138 - 143 cm.,133 - 138 cm.,40 - 45 g/m2,"3,000m.",2001,5000,M,All_colors,2.53333333333333,76,FOB Bangkok,,,Center price sheet,CENTER PRICE USD for internal,82,
101,CENTER,254622,,PA MARQUISETTE,100% PA,150 - 155 cm.,145 - 150 cm.,45 - 50 g/m2,"3,000m.",200,600,M,PFE/PFD,1.83333333333333,55,FOB Bangkok,,,Center price sheet,CENTER PRICE USD for internal,84,
102,CENTER,254622,,PA MARQUISETTE,100% PA,150 - 155 cm.,145 - 150 cm.,45 - 50 g/m2,"3,000m.",200,600,M,All_colors,2.5,75,FOB Bangkok,,,Center price sheet,CENTER PRICE USD for internal,84,
103,CENTER,254622,,PA MARQUISETTE,100% PA,150 - 155 cm.,145 - 150 cm.,45 - 50 g/m2,"3,000m.",601,2000,M,PFE/PFD,1.5,45,FOB Bangkok,,,Center price sheet,CENTER PRICE USD for internal,85,
104,CENTER,254622,,PA MARQUISETTE,100% PA,150 - 155 cm.,145 - 150 cm.,45 - 50 g/m2,"3,000m.",601,2000,M,All_colors,1.66666666666667,50,FOB Bangkok,,,Center price sheet,CENTER PRICE USD for internal,85,
105,CENTER,254622,,PA MARQUISETTE,100% PA,150 - 155 cm.,145 - 150 cm.,45 - 50 g/m2,"3,000m.",2001,5000,M,PFE/PFD,1.33333333333333,40,FOB Bangkok,,,Center price sheet,CENTER PRICE USD for internal,86,
106,CENTER,254622,,PA MARQUISETTE,100% PA,150 - 155 cm.,145 - 150 cm.,45 - 50 g/m2,"3,000m.",2001,5000,M,All_colors,1.6,48,FOB Bangkok,,,Center price sheet,CENTER PRICE USD for internal,86,
107,CENTER,254701,,CO/PES TULLE 451/130/2,"70% PES, 30% CO",143 - 148 cm.,138 - 143 cm.,35 - 40 g/m2,"3,000m.",200,600,M,PFE/PFD,3.43333333333333,103,FOB Bangkok,,,Center price sheet,CENTER PRICE USD for internal,88,
108,CENTER,254701,,CO/PES TULLE 451/130/2,"70% PES, 30% CO",143 - 148 cm.,138 - 143 cm.,35 - 40 g/m2,"3,000m.",200,600,M,All_colors,4.33333333333333,130,FOB Bangkok,,,Center price sheet,CENTER PRICE USD for internal,88,
109,CENTER,254701,,CO/PES TULLE 451/130/2,"70% PES, 30% CO",143 - 148 cm.,138 - 143 cm.,35 - 40 g/m2,"3,000m.",601,2000,M,PFE/PFD,3.2,96,FOB Bangkok,,,Center price sheet,CENTER PRICE USD for internal,89,
110,CENTER,254701,,CO/PES TULLE 451/130/2,"70% PES, 30% CO",143 - 148 cm.,138 - 143 cm.,35 - 40 g/m2,"3,000m.",601,2000,M,All_colors,4,120,FOB Bangkok,,,Center price sheet,CENTER PRICE USD for internal,89,
111,CENTER,254701,,CO/PES TULLE 451/130/2,"70% PES, 30% CO",143 - 148 cm.,138 - 143 cm.,35 - 40 g/m2,"3,000m.",2001,5000,M,PFE/PFD,3,90,FOB Bangkok,,,Center price sheet,CENTER PRICE USD for internal,90,
112,CENTER,254701,,CO/PES TULLE 451/130/2,"70% PES, 30% CO",143 - 148 cm.,138 - 143 cm.,35 - 40 g/m2,"3,000m.",2001,5000,M,All_colors,3.8,114,FOB Bangkok,,,Center price sheet,CENTER PRICE USD for internal,90,
113,CENTER,254723,,PES TULLE TORINO 35,100% PES,155 - 160 cm.,150 - 155 cm.,17 - 22 g/m2,"3,000m.",200,600,M,PFE/PFD,2,60,FOB Bangkok,,,Center price sheet,CENTER PRICE USD for internal,92,
114,CENTER,254723,,PES TULLE TORINO 35,100% PES,155 - 160 cm.,150 - 155 cm.,17 - 22 g/m2,"3,000m.",200,600,M,All_colors,2.83333333333333,85,FOB Bangkok,,,Center price sheet,CENTER PRICE USD for internal,92,
115,CENTER,254723,,PES TULLE TORINO 35,100% PES,155 - 160 cm.,150 - 155 cm.,17 - 22 g/m2,"3,000m.",601,2000,M,PFE/PFD,1.66666666666667,50,FOB Bangkok,,,Center price sheet,CENTER PRICE USD for internal,93,
116,CENTER,254723,,PES TULLE TORINO 35,100% PES,155 - 160 cm.,150 - 155 cm.,17 - 22 g/m2,"3,000m.",601,2000,M,All_colors,2.33333333333333,70,FOB Bangkok,,,Center price sheet,CENTER PRICE USD for internal,93,
117,CENTER,254723,,PES TULLE TORINO 35,100% PES,155 - 160 cm.,150 - 155 cm.,17 - 22 g/m2,"3,000m.",2001,5000,M,PFE/PFD,1.5,45,FOB Bangkok,,,Center price sheet,CENTER PRICE USD for internal,94,
118,CENTER,254723,,PES TULLE TORINO 35,100% PES,155 - 160 cm.,150 - 155 cm.,17 - 22 g/m2,"3,000m.",2001,5000,M,All_colors,2,60,FOB Bangkok,,,Center price sheet,CENTER PRICE USD for internal,94,
119,CENTER,254740,,PES TULLE PUNTO,100% PES,153 - 158 cm.,148 - 153 cm.,30 - 35 g/m2,"3,000m.",200,600,M,PFE/PFD,3.1,93,FOB Bangkok,,,Center price sheet,CENTER PRICE USD for internal,96,
120,CENTER,254740,,PES TULLE PUNTO,100% PES,153 - 158 cm.,148 - 153 cm.,30 - 35 g/m2,"3,000m.",200,600,M,All_colors,3.7,111,FOB Bangkok,,,Center price sheet,CENTER PRICE USD for internal,96,
121,CENTER,254740,,PES TULLE PUNTO,100% PES,153 - 158 cm.,148 - 153 cm.,30 - 35 g/m2,"3,000m.",601,2000,M,PFE/PFD,2.7,81,FOB Bangkok,,,Center price sheet,CENTER PRICE USD for internal,97,
122,CENTER,254740,,PES TULLE PUNTO,100% PES,153 - 158 cm.,148 - 153 cm.,30 - 35 g/m2,"3,000m.",601,2000,M,All_colors,3.26666666666667,98,FOB Bangkok,,,Center price sheet,CENTER PRICE USD for internal,97,
123,CENTER,254740,,PES TULLE PUNTO,100% PES,153 - 158 cm.,148 - 153 cm.,30 - 35 g/m2,"3,000m.",2001,5000,M,PFE/PFD,2.63333333333333,79,FOB Bangkok,,,Center price sheet,CENTER PRICE USD for internal,98,
124,CENTER,254740,,PES TULLE PUNTO,100% PES,153 - 158 cm.,148 - 153 cm.,30 - 35 g/m2,"3,000m.",2001,5000,M,All_colors,3.06666666666667,92,FOB Bangkok,,,Center price sheet,CENTER PRICE USD for internal,98,
125,CENTER,254741,,PES TULLE POINT,100% PES,170 - 175 cm.,165 - 170 cm.,22 - 27 g/m2,"3,000m.",200,600,M,All_colors,2.75,,FOB Bangkok,,,Center price sheet,CENTER PRICE USD for internal,100,
126,CENTER,254741,,PES TULLE POINT,100% PES,170 - 175 cm.,165 - 170 cm.,22 - 27 g/m2,"3,000m.",601,2000,M,All_colors,2.4,,FOB Bangkok,,,Center price sheet,CENTER PRICE USD for internal,101,
127,CENTER,254741,,PES TULLE POINT,100% PES,170 - 175 cm.,165 - 170 cm.,22 - 27 g/m2,"3,000m.",2001,5000,M,All_colors,2.3,,FOB Bangkok,,,Center price sheet,CENTER PRICE USD for internal,102,
128,CENTER,254746,,ELASTIC TULLE RONDO,"83% PA, 17% ELASTANE",148 - 153 cm.,143 - 148 cm.,35 - 40 g/m2,"3,000m.",200,600,M,PFE/PFD,3.76666666666667,113,FOB Bangkok,,,Center price sheet,CENTER PRICE USD for internal,104,
129,CENTER,254746,,ELASTIC TULLE RONDO,"83% PA, 17% ELASTANE",148 - 153 cm.,143 - 148 cm.,35 - 40 g/m2,"3,000m.",200,600,M,All_colors,4.4,132,FOB Bangkok,,,Center price sheet,CENTER PRICE USD for internal,104,
130,CENTER,254746,,ELASTIC TULLE RONDO,"83% PA, 17% ELASTANE",148 - 153 cm.,143 - 148 cm.,35 - 40 g/m2,"3,000m.",601,2000,M,PFE/PFD,3.4,102,FOB Bangkok,,,Center price sheet,CENTER PRICE USD for internal,105,
131,CENTER,254746,,ELASTIC TULLE RONDO,"83% PA, 17% ELASTANE",148 - 153 cm.,143 - 148 cm.,35 - 40 g/m2,"3,000m.",601,2000,M,All_colors,3.93333333333333,118,FOB Bangkok,,,Center price sheet,CENTER PRICE USD for internal,105,
132,CENTER,254746,,ELASTIC TULLE RONDO,"83% PA, 17% ELASTANE",148 - 153 cm.,143 - 148 cm.,35 - 40 g/m2,"3,000m.",2001,5000,M,PFE/PFD,3.33333333333333,100,FOB Bangkok,,,Center price sheet,CENTER PRICE USD for internal,106,
133,CENTER,254746,,ELASTIC TULLE RONDO,"83% PA, 17% ELASTANE",148 - 153 cm.,143 - 148 cm.,35 - 40 g/m2,"3,000m.",2001,5000,M,All_colors,3.8,114,FOB Bangkok,,,Center price sheet,CENTER PRICE USD for internal,106,
134,CENTER,254755,,ELASTIC TULLE ISABELLA,"85% PA, 15% ELASTANE",155 - 160 cm.,150 - 155 cm.,33 - 38 g/m2,"3,000m.",200,600,M,PFE/PFD,3.6,108,FOB Bangkok,,,Center price sheet,CENTER PRICE USD for internal,108,
135,CENTER,254755,,ELASTIC TULLE ISABELLA,"85% PA, 15% ELASTANE",155 - 160 cm.,150 - 155 cm.,33 - 38 g/m2,"3,000m.",200,600,M,All_colors,4.23333333333333,127,FOB Bangkok,,,Center price sheet,CENTER PRICE USD for internal,108,
136,CENTER,254755,,ELASTIC TULLE ISABELLA,"85% PA, 15% ELASTANE",155 - 160 cm.,150 - 155 cm.,33 - 38 g/m2,"3,000m.",601,2000,M,PFE/PFD,3.23333333333333,97,FOB Bangkok,,,Center price sheet,CENTER PRICE USD for internal,109,
137,CENTER,254755,,ELASTIC TULLE ISABELLA,"85% PA, 15% ELASTANE",155 - 160 cm.,150 - 155 cm.,33 - 38 g/m2,"3,000m.",601,2000,M,All_colors,3.76666666666667,113,FOB Bangkok,,,Center price sheet,CENTER PRICE USD for internal,109,
138,CENTER,254755,,ELASTIC TULLE ISABELLA,"85% PA, 15% ELASTANE",155 - 160 cm.,150 - 155 cm.,33 - 38 g/m2,"3,000m.",2001,5000,M,PFE/PFD,3.16666666666667,95,FOB Bangkok,,,Center price sheet,CENTER PRICE USD for internal,110,
139,CENTER,254755,,ELASTIC TULLE ISABELLA,"85% PA, 15% ELASTANE",155 - 160 cm.,150 - 155 cm.,33 - 38 g/m2,"3,000m.",2001,5000,M,All_colors,3.63333333333333,109,FOB Bangkok,,,Center price sheet,CENTER PRICE USD for internal,110,
140,CENTER,254763,,ELASTIC TULLE PUNTINO,"84% PA, 16% ELASTANE",150 - 155 cm.,145 - 150 cm.,40 - 45 g/m2,"3,000m.",200,600,M,PFE/PFD,3.83333333333333,115,FOB Bangkok,,,Center price sheet,CENTER PRICE USD for internal,112,
141,CENTER,254763,,ELASTIC TULLE PUNTINO,"84% PA, 16% ELASTANE",150 - 155 cm.,145 - 150 cm.,40 - 45 g/m2,"3,000m.",200,600,M,All_colors,4.46666666666667,134,FOB Bangkok,,,Center price sheet,CENTER PRICE USD for internal,112,
142,CENTER,254763,,ELASTIC TULLE PUNTINO,"84% PA, 16% ELASTANE",150 - 155 cm.,145 - 150 cm.,40 - 45 g/m2,"3,000m.",601,2000,M,PFE/PFD,3.43333333333333,103,FOB Bangkok,,,Center price sheet,CENTER PRICE USD for internal,113,
143,CENTER,254763,,ELASTIC TULLE PUNTINO,"84% PA, 16% ELASTANE",150 - 155 cm.,145 - 150 cm.,40 - 45 g/m2,"3,000m.",601,2000,M,All_colors,4,120,FOB Bangkok,,,Center price sheet,CENTER PRICE USD for internal,113,
144,CENTER,254763,,ELASTIC TULLE PUNTINO,"84% PA, 16% ELASTANE",150 - 155 cm.,145 - 150 cm.,40 - 45 g/m2,"3,000m.",2001,5000,M,PFE/PFD,3.36666666666667,101,FOB Bangkok,,,Center price sheet,CENTER PRICE USD for internal,114,
145,CENTER,254763,,ELASTIC TULLE PUNTINO,"84% PA, 16% ELASTANE",150 - 155 cm.,145 - 150 cm.,40 - 45 g/m2,"3,000m.",2001,5000,M,All_colors,3.86666666666667,116,FOB Bangkok,,,Center price sheet,CENTER PRICE USD for internal,114,
146,CENTER,254786,,PES TORINO POINT,100% PES,154 - 159 cm.,149 - 154 cm.,18 - 23 g/m2,"3,000m.",200,600,M,PFE/PFD,2.43333333333333,73,FOB Bangkok,,,Center price sheet,CENTER PRICE USD for internal,116,
147,CENTER,254786,,PES TORINO POINT,100% PES,154 - 159 cm.,149 - 154 cm.,18 - 23 g/m2,"3,000m.",200,600,M,All_colors,3.03333333333333,91,FOB Bangkok,,,Center price sheet,CENTER PRICE USD for internal,116,
148,CENTER,254786,,PES TORINO POINT,100% PES,154 - 159 cm.,149 - 154 cm.,18 - 23 g/m2,"3,000m.",601,2000,M,PFE/PFD,2.06666666666667,62,FOB Bangkok,,,Center price sheet,CENTER PRICE USD for internal,117,
149,CENTER,254786,,PES TORINO POINT,100% PES,154 - 159 cm.,149 - 154 cm.,18 - 23 g/m2,"3,000m.",601,2000,M,All_colors,2.6,78,FOB Bangkok,,,Center price sheet,CENTER PRICE USD for internal,117,
150,CENTER,254786,,PES TORINO POINT,100% PES,154 - 159 cm.,149 - 154 cm.,18 - 23 g/m2,"3,000m.",2001,5000,M,PFE/PFD,2,60,FOB Bangkok,,,Center price sheet,CENTER PRICE USD for internal,118,
151,CENTER,254786,,PES TORINO POINT,100% PES,154 - 159 cm.,149 - 154 cm.,18 - 23 g/m2,"3,000m.",2001,5000,M,All_colors,2.4,72,FOB Bangkok,,,Center price sheet,CENTER PRICE USD for internal,118,
152,CENTER,254795,,PES TULLE TORINO 50,100% PES,150 - 155 cm.,145 - 150 cm.,30 - 35 g/m2,"3,000m.",200,600,M,PFE/PFD,2.1,63,FOB Bangkok,,,Center price sheet,CENTER PRICE USD for internal,120,
153,CENTER,254795,,PES TULLE TORINO 50,100% PES,150 - 155 cm.,145 - 150 cm.,30 - 35 g/m2,"3,000m.",200,600,M,All_colors,2.93333333333333,88,FOB Bangkok,,,Center price sheet,CENTER PRICE USD for internal,120,
154,CENTER,254795,,PES TULLE TORINO 50,100% PES,150 - 155 cm.,145 - 150 cm.,30 - 35 g/m2,"3,000m.",601,2000,M,PFE/PFD,1.66666666666667,50,FOB Bangkok,,,Center price sheet,CENTER PRICE USD for internal,121,
155,CENTER,254795,,PES TULLE TORINO 50,100% PES,150 - 155 cm.,145 - 150 cm.,30 - 35 g/m2,"3,000m.",601,2000,M,All_colors,2.5,75,FOB Bangkok,,,Center price sheet,CENTER PRICE USD for internal,121,
156,CENTER,254795,,PES TULLE TORINO 50,100% PES,150 - 155 cm.,145 - 150 cm.,30 - 35 g/m2,"3,000m.",2001,5000,M,PFE/PFD,1.56666666666667,47,FOB Bangkok,,,Center price sheet,CENTER PRICE USD for internal,122,
157,CENTER,254795,,PES TULLE TORINO 50,100% PES,150 - 155 cm.,145 - 150 cm.,30 - 35 g/m2,"3,000m.",2001,5000,M,All_colors,2.16666666666667,65,FOB Bangkok,,,Center price sheet,CENTER PRICE USD for internal,122,
158,CENTER,254804,,ELASTIC TULLE,"86% PA, 14% ELASTANE",147 - 152 cm.,142 - 147 cm.,45 - 50 g/m2,"3,000m.",200,600,M,PFE/PFD,3,90,FOB Bangkok,,,Center price sheet,CENTER PRICE USD for internal,124,
159,CENTER,254804,,ELASTIC TULLE,"86% PA, 14% ELASTANE",147 - 152 cm.,142 - 147 cm.,45 - 50 g/m2,"3,000m.",200,600,M,All_colors,3.6,108,FOB Bangkok,,,Center price sheet,CENTER PRICE USD for internal,124,
160,CENTER,254804,,ELASTIC TULLE,"86% PA, 14% ELASTANE",147 - 152 cm.,142 - 147 cm.,45 - 50 g/m2,"3,000m.",601,2000,M,PFE/PFD,2.63333333333333,79,FOB Bangkok,,,Center price sheet,CENTER PRICE USD for internal,125,
161,CENTER,254804,,ELASTIC TULLE,"86% PA, 14% ELASTANE",147 - 152 cm.,142 - 147 cm.,45 - 50 g/m2,"3,000m.",601,2000,M,All_colors,3.16666666666667,95,FOB Bangkok,,,Center price sheet,CENTER PRICE USD for internal,125,
162,CENTER,254804,,ELASTIC TULLE,"86% PA, 14% ELASTANE",147 - 152 cm.,142 - 147 cm.,45 - 50 g/m2,"3,000m.",2001,5000,M,PFE/PFD,2.56666666666667,77,FOB Bangkok,,,Center price sheet,CENTER PRICE USD for internal,126,
163,CENTER,254804,,ELASTIC TULLE,"86% PA, 14% ELASTANE",147 - 152 cm.,142 - 147 cm.,45 - 50 g/m2,"3,000m.",2001,5000,M,All_colors,3.03333333333333,91,FOB Bangkok,,,Center price sheet,CENTER PRICE USD for internal,126,
164,CENTER,254823,,ELASTIC TULLE,"90% PA, 10% ELASTANE",163 - 168 cm.,158 - 163 cm.,40 - 45 g/m2,"3,000m.",200,600,M,PFE/PFD,2.83333333333333,85,FOB Bangkok,,,Center price sheet,CENTER PRICE USD for internal,128,
165,CENTER,254823,,ELASTIC TULLE,"90% PA, 10% ELASTANE",163 - 168 cm.,158 - 163 cm.,40 - 45 g/m2,"3,000m.",200,600,M,All_colors,3.5,105,FOB Bangkok,,,Center price sheet,CENTER PRICE USD for internal,128,
166,CENTER,254823,,ELASTIC TULLE,"90% PA, 10% ELASTANE",163 - 168 cm.,158 - 163 cm.,40 - 45 g/m2,"3,000m.",601,2000,M,PFE/PFD,2.5,75,FOB Bangkok,,,Center price sheet,CENTER PRICE USD for internal,129,
167,CENTER,254823,,ELASTIC TULLE,"90% PA, 10% ELASTANE",163 - 168 cm.,158 - 163 cm.,40 - 45 g/m2,"3,000m.",601,2000,M,All_colors,3,90,FOB Bangkok,,,Center price sheet,CENTER PRICE USD for internal,129,
168,CENTER,254823,,ELASTIC TULLE,"90% PA, 10% ELASTANE",163 - 168 cm.,158 - 163 cm.,40 - 45 g/m2,"3,000m.",2001,5000,M,PFE/PFD,2.4,72,FOB Bangkok,,,Center price sheet,CENTER PRICE USD for internal,130,
169,CENTER,254823,,ELASTIC TULLE,"90% PA, 10% ELASTANE",163 - 168 cm.,158 - 163 cm.,40 - 45 g/m2,"3,000m.",2001,5000,M,All_colors,2.93333333333333,88,FOB Bangkok,,,Center price sheet,CENTER PRICE USD for internal,130,
170,CENTER,254824,,ELASTIC TULLE PASCAL,"70% PA, 30% ELASTANE",147 - 152 cm.,142 - 147 cm.,50 - 55 g/m2,"3,000m.",200,600,M,PFE/PFD,3.17,,FOB Bangkok,,,Center price sheet,CENTER PRICE USD for internal,132,
171,CENTER,254824,,ELASTIC TULLE PASCAL,"70% PA, 30% ELASTANE",147 - 152 cm.,142 - 147 cm.,50 - 55 g/m2,"3,000m.",200,600,M,All_colors,3.77,,FOB Bangkok,,,Center price sheet,CENTER PRICE USD for internal,132,
172,CENTER,254824,,ELASTIC TULLE PASCAL,"70% PA, 30% ELASTANE",147 - 152 cm.,142 - 147 cm.,50 - 55 g/m2,"3,000m.",601,2000,M,PFE/PFD,2.83,,FOB Bangkok,,,Center price sheet,CENTER PRICE USD for internal,133,
173,CENTER,254824,,ELASTIC TULLE PASCAL,"70% PA, 30% ELASTANE",147 - 152 cm.,142 - 147 cm.,50 - 55 g/m2,"3,000m.",601,2000,M,All_colors,3.33,,FOB Bangkok,,,Center price sheet,CENTER PRICE USD for internal,133,
174,CENTER,254824,,ELASTIC TULLE PASCAL,"70% PA, 30% ELASTANE",147 - 152 cm.,142 - 147 cm.,50 - 55 g/m2,"3,000m.",2001,5000,M,PFE/PFD,2.77,,FOB Bangkok,,,Center price sheet,CENTER PRICE USD for internal,134,
175,CENTER,254824,,ELASTIC TULLE PASCAL,"70% PA, 30% ELASTANE",147 - 152 cm.,142 - 147 cm.,50 - 55 g/m2,"3,000m.",2001,5000,M,All_colors,3.23,,FOB Bangkok,,,Center price sheet,CENTER PRICE USD for internal,134,
176,CENTER,254933,,ELASTIC TULLE CREO,"87% PES, 13% ELASTANE",152 - 157 cm.,147 - 152 cm.,40 - 45 g/m2,"3,000m.",200,600,M,PFE/PFD,2.63333333333333,79,FOB Bangkok,,,Center price sheet,CENTER PRICE USD for internal,136,
177,CENTER,254933,,ELASTIC TULLE CREO,"87% PES, 13% ELASTANE",152 - 157 cm.,147 - 152 cm.,40 - 45 g/m2,"3,000m.",200,600,M,All_colors,3.26666666666667,98,FOB Bangkok,,,Center price sheet,CENTER PRICE USD for internal,136,
178,CENTER,254933,,ELASTIC TULLE CREO,"87% PES, 13% ELASTANE",152 - 157 cm.,147 - 152 cm.,40 - 45 g/m2,"3,000m.",601,2000,M,PFE/PFD,2.33333333333333,70,FOB Bangkok,,,Center price sheet,CENTER PRICE USD for internal,137,
179,CENTER,254933,,ELASTIC TULLE CREO,"87% PES, 13% ELASTANE",152 - 157 cm.,147 - 152 cm.,40 - 45 g/m2,"3,000m.",601,2000,M,All_colors,2.96666666666667,89,FOB Bangkok,,,Center price sheet,CENTER PRICE USD for internal,137,
180,CENTER,254933,,ELASTIC TULLE CREO,"87% PES, 13% ELASTANE",152 - 157 cm.,147 - 152 cm.,40 - 45 g/m2,"3,000m.",2001,5000,M,PFE/PFD,2.26666666666667,68,FOB Bangkok,,,Center price sheet,CENTER PRICE USD for internal,138,
181,CENTER,254933,,ELASTIC TULLE CREO,"87% PES, 13% ELASTANE",152 - 157 cm.,147 - 152 cm.,40 - 45 g/m2,"3,000m.",2001,5000,M,All_colors,2.8,84,FOB Bangkok,,,Center price sheet,CENTER PRICE USD for internal,138,
182,CENTER,254948,,ELASTIC TULLE ESPRIT II,"85% PA, 15% ELASTANE",150 - 155 cm.,145 - 150 cm.,43 - 48 g/m2,"3,000m.",200,600,M,PFE/PFD,4.06666666666667,122,FOB Bangkok,,,Center price sheet,CENTER PRICE USD for internal,140,
183,CENTER,254948,,ELASTIC TULLE ESPRIT II,"85% PA, 15% ELASTANE",150 - 155 cm.,145 - 150 cm.,43 - 48 g/m2,"3,000m.",200,600,M,All_colors,4.7,141,FOB Bangkok,,,Center price sheet,CENTER PRICE USD for internal,140,
184,CENTER,254948,,ELASTIC TULLE ESPRIT II,"85% PA, 15% ELASTANE",150 - 155 cm.,145 - 150 cm.,43 - 48 g/m2,"3,000m.",601,2000,M,PFE/PFD,3.66666666666667,110,FOB Bangkok,,,Center price sheet,CENTER PRICE USD for internal,141,
185,CENTER,254948,,ELASTIC TULLE ESPRIT II,"85% PA, 15% ELASTANE",150 - 155 cm.,145 - 150 cm.,43 - 48 g/m2,"3,000m.",601,2000,M,All_colors,4.23333333333333,127,FOB Bangkok,,,Center price sheet,CENTER PRICE USD for internal,141,
186,CENTER,254948,,ELASTIC TULLE ESPRIT II,"85% PA, 15% ELASTANE",150 - 155 cm.,145 - 150 cm.,43 - 48 g/m2,"3,000m.",2001,5000,M,PFE/PFD,3.6,108,FOB Bangkok,,,Center price sheet,CENTER PRICE USD for internal,142,
187,CENTER,254948,,ELASTIC TULLE ESPRIT II,"85% PA, 15% ELASTANE",150 - 155 cm.,145 - 150 cm.,43 - 48 g/m2,"3,000m.",2001,5000,M,All_colors,4.1,123,FOB Bangkok,,,Center price sheet,CENTER PRICE USD for internal,142,
188,CENTER,254949,,ELASTIC TULLE ESPRIT,"87% PA, 13% ELASTANE",148 - 153 cm.,143 - 148 cm.,38 - 43 g/m2,"3,000m.",200,600,M,PFE/PFD,3.83333333333333,115,FOB Bangkok,,,Center price sheet,CENTER PRICE USD for internal,144,
189,CENTER,254949,,ELASTIC TULLE ESPRIT,"87% PA, 13% ELASTANE",148 - 153 cm.,143 - 148 cm.,38 - 43 g/m2,"3,000m.",200,600,M,All_colors,4.46666666666667,134,FOB Bangkok,,,Center price sheet,CENTER PRICE USD for internal,144,
190,CENTER,254949,,ELASTIC TULLE ESPRIT,"87% PA, 13% ELASTANE",148 - 153 cm.,143 - 148 cm.,38 - 43 g/m2,"3,000m.",601,2000,M,PFE/PFD,3.43333333333333,103,FOB Bangkok,,,Center price sheet,CENTER PRICE USD for internal,145,
191,CENTER,254949,,ELASTIC TULLE ESPRIT,"87% PA, 13% ELASTANE",148 - 153 cm.,143 - 148 cm.,38 - 43 g/m2,"3,000m.",601,2000,M,All_colors,4,120,FOB Bangkok,,,Center price sheet,CENTER PRICE USD for internal,145,
192,CENTER,254949,,ELASTIC TULLE ESPRIT,"87% PA, 13% ELASTANE",148 - 153 cm.,143 - 148 cm.,38 - 43 g/m2,"3,000m.",2001,5000,M,PFE/PFD,3.36666666666667,101,FOB Bangkok,,,Center price sheet,CENTER PRICE USD for internal,146,
193,CENTER,254949,,ELASTIC TULLE ESPRIT,"87% PA, 13% ELASTANE",148 - 153 cm.,143 - 148 cm.,38 - 43 g/m2,"3,000m.",2001,5000,M,All_colors,3.86666666666667,116,FOB Bangkok,,,Center price sheet,CENTER PRICE USD for internal,146,
194,CENTER,254955,,ELASTIC TULLE BR,"86% PA, 14% ELASTANE",153 - 158 cm.,148 - 153 cm.,40 - 45 g/m2,"3,000m.",200,600,M,PFE/PFD,2.7,78,FOB Bangkok,,,Center price sheet,CENTER PRICE USD for internal,148,
195,CENTER,254955,,ELASTIC TULLE BR,"86% PA, 14% ELASTANE",153 - 158 cm.,148 - 153 cm.,40 - 45 g/m2,"3,000m.",200,600,M,All_colors,3.33,97,FOB Bangkok,,,Center price sheet,CENTER PRICE USD for internal,148,
196,CENTER,254955,,ELASTIC TULLE BR,"86% PA, 14% ELASTANE",153 - 158 cm.,148 - 153 cm.,40 - 45 g/m2,"3,000m.",601,2000,M,PFE/PFD,2.33,67,FOB Bangkok,,,Center price sheet,CENTER PRICE USD for internal,149,
197,CENTER,254955,,ELASTIC TULLE BR,"86% PA, 14% ELASTANE",153 - 158 cm.,148 - 153 cm.,40 - 45 g/m2,"3,000m.",601,2000,M,All_colors,2.97,86,FOB Bangkok,,,Center price sheet,CENTER PRICE USD for internal,149,
198,CENTER,254955,,ELASTIC TULLE BR,"86% PA, 14% ELASTANE",153 - 158 cm.,148 - 153 cm.,40 - 45 g/m2,"3,000m.",2001,5000,M,PFE/PFD,2.27,65,FOB Bangkok,,,Center price sheet,CENTER PRICE USD for internal,150,
199,CENTER,254955,,ELASTIC TULLE BR,"86% PA, 14% ELASTANE",153 - 158 cm.,148 - 153 cm.,40 - 45 g/m2,"3,000m.",2001,5000,M,All_colors,2.8,81,FOB Bangkok,,,Center price sheet,CENTER PRICE USD for internal,150,
200,CENTER,254973,,ELASTIC TULLE QUER / POINT,"87% PA, 13% ELASTANE",155 - 160 cm.,150 - 155 cm.,38 - 43 g/m2,"3,000m.",200,600,M,PFE/PFD,3.86666666666667,116,FOB Bangkok,,,Center price sheet,CENTER PRICE USD for internal,152,
201,CENTER,254973,,ELASTIC TULLE QUER / POINT,"87% PA, 13% ELASTANE",155 - 160 cm.,150 - 155 cm.,38 - 43 g/m2,"3,000m.",200,600,M,All_colors,4.5,135,FOB Bangkok,,,Center price sheet,CENTER PRICE USD for internal,152,
202,CENTER,254973,,ELASTIC TULLE QUER / POINT,"87% PA, 13% ELASTANE",155 - 160 cm.,150 - 155 cm.,38 - 43 g/m2,"3,000m.",601,2000,M,PFE/PFD,3.46666666666667,104,FOB Bangkok,,,Center price sheet,CENTER PRICE USD for internal,153,
203,CENTER,254973,,ELASTIC TULLE QUER / POINT,"87% PA, 13% ELASTANE",155 - 160 cm.,150 - 155 cm.,38 - 43 g/m2,"3,000m.",601,2000,M,All_colors,4.03333333333333,121,FOB Bangkok,,,Center price sheet,CENTER PRICE USD for internal,153,
204,CENTER,254973,,ELASTIC TULLE QUER / POINT,"87% PA, 13% ELASTANE",155 - 160 cm.,150 - 155 cm.,38 - 43 g/m2,"3,000m.",2001,5000,M,PFE/PFD,3.43333333333333,103,FOB Bangkok,,,Center price sheet,CENTER PRICE USD for internal,154,
205,CENTER,254973,,ELASTIC TULLE QUER / POINT,"87% PA, 13% ELASTANE",155 - 160 cm.,150 - 155 cm.,38 - 43 g/m2,"3,000m.",2001,5000,M,All_colors,3.9,117,FOB Bangkok,,,Center price sheet,CENTER PRICE USD for internal,154,
206,CENTER,254989,,POWER MESH,"93% PES, 7% ELASTANE",150 - 160 cm.,145- 155 cm.,66 - 74 g/m2,"3,000m.",200,600,M,PFE/PFD,2.83333333333333,85,FOB Bangkok,,,Center price sheet,CENTER PRICE USD for internal,156,
207,CENTER,254989,,POWER MESH,"93% PES, 7% ELASTANE",150 - 160 cm.,145- 155 cm.,66 - 74 g/m2,"3,000m.",200,600,M,All_colors,3.5,105,FOB Bangkok,,,Center price sheet,CENTER PRICE USD for internal,156,
208,CENTER,254989,,POWER MESH,"93% PES, 7% ELASTANE",150 - 160 cm.,145- 155 cm.,66 - 74 g/m2,"3,000m.",601,2000,M,PFE/PFD,2.5,75,FOB Bangkok,,,Center price sheet,CENTER PRICE USD for internal,157,
209,CENTER,254989,,POWER MESH,"93% PES, 7% ELASTANE",150 - 160 cm.,145- 155 cm.,66 - 74 g/m2,"3,000m.",601,2000,M,All_colors,3.16666666666667,95,FOB Bangkok,,,Center price sheet,CENTER PRICE USD for internal,157,
210,CENTER,254989,,POWER MESH,"93% PES, 7% ELASTANE",150 - 160 cm.,145- 155 cm.,66 - 74 g/m2,"3,000m.",2001,5000,M,PFE/PFD,2.33333333333333,70,FOB Bangkok,,,Center price sheet,CENTER PRICE USD for internal,158,
211,CENTER,254989,,POWER MESH,"93% PES, 7% ELASTANE",150 - 160 cm.,145- 155 cm.,66 - 74 g/m2,"3,000m.",2001,5000,M,All_colors,3,90,FOB Bangkok,,,Center price sheet,CENTER PRICE USD for internal,158,
212,CENTER,254990,,PA TULLE,100% PA,155 - 160 cm.,150 - 155 cm.,35 - 40 g/m2,"3,000m.",200,600,M,PFE/PFD,2.66666666666667,80,FOB Bangkok,,,Center price sheet,CENTER PRICE USD for internal,160,
213,CENTER,254990,,PA TULLE,100% PA,155 - 160 cm.,150 - 155 cm.,35 - 40 g/m2,"3,000m.",200,600,M,All_colors,3.16666666666667,95,FOB Bangkok,,,Center price sheet,CENTER PRICE USD for internal,160,
214,CENTER,254990,,PA TULLE,100% PA,155 - 160 cm.,150 - 155 cm.,35 - 40 g/m2,"3,000m.",601,2000,M,PFE/PFD,2.33333333333333,70,FOB Bangkok,,,Center price sheet,CENTER PRICE USD for internal,161,
215,CENTER,254990,,PA TULLE,100% PA,155 - 160 cm.,150 - 155 cm.,35 - 40 g/m2,"3,000m.",601,2000,M,All_colors,2.83333333333333,85,FOB Bangkok,,,Center price sheet,CENTER PRICE USD for internal,161,
216,CENTER,254990,,PA TULLE,100% PA,155 - 160 cm.,150 - 155 cm.,35 - 40 g/m2,"3,000m.",2001,5000,M,PFE/PFD,2.26666666666667,68,FOB Bangkok,,,Center price sheet,CENTER PRICE USD for internal,162,
217,CENTER,254990,,PA TULLE,100% PA,155 - 160 cm.,150 - 155 cm.,35 - 40 g/m2,"3,000m.",2001,5000,M,All_colors,2.66666666666667,80,FOB Bangkok,,,Center price sheet,CENTER PRICE USD for internal,162,
218,CENTER,254992,,POWER MESH,"88% PA, 12% ELASTANE",160 - 170 cm.,155 – 165 cm.,85 - 95  g/m2,"3,000m.",200,600,M,PFE/PFD,3.43333333333333,103,FOB Bangkok,,,Center price sheet,CENTER PRICE USD for internal,164,
219,CENTER,254992,,POWER MESH,"88% PA, 12% ELASTANE",160 - 170 cm.,155 – 165 cm.,85 - 95  g/m2,"3,000m.",200,600,M,All_colors,4.4,132,FOB Bangkok,,,Center price sheet,CENTER PRICE USD for internal,164,
220,CENTER,254992,,POWER MESH,"88% PA, 12% ELASTANE",160 - 170 cm.,155 – 165 cm.,85 - 95  g/m2,"3,000m.",601,2000,M,PFE/PFD,3.1,93,FOB Bangkok,,,Center price sheet,CENTER PRICE USD for internal,165,
221,CENTER,254992,,POWER MESH,"88% PA, 12% ELASTANE",160 - 170 cm.,155 – 165 cm.,85 - 95  g/m2,"3,000m.",601,2000,M,All_colors,4.06666666666667,122,FOB Bangkok,,,Center price sheet,CENTER PRICE USD for internal,165,
222,CENTER,254992,,POWER MESH,"88% PA, 12% ELASTANE",160 - 170 cm.,155 – 165 cm.,85 - 95  g/m2,"3,000m.",2001,5000,M,PFE/PFD,3.03333333333333,91,FOB Bangkok,,,Center price sheet,CENTER PRICE USD for internal,166,
223,CENTER,254992,,POWER MESH,"88% PA, 12% ELASTANE",160 - 170 cm.,155 – 165 cm.,85 - 95  g/m2,"3,000m.",2001,5000,M,All_colors,3.93333333333333,118,FOB Bangkok,,,Center price sheet,CENTER PRICE USD for internal,166,
224,CENTER,255004,,ELASTIC EYELET,"83% PES, 17% ELASTANE",145 - 150 cm.,140 - 145 cm.,160 - 170 g/m2,1500m.,200,600,M,PFE/PFD,,105,FOB Bangkok,,,Center price sheet,CENTER PRICE USD for internal,168,
225,CENTER,255004,,ELASTIC EYELET,"83% PES, 17% ELASTANE",145 - 150 cm.,140 - 145 cm.,160 - 170 g/m2,1500m.,200,600,M,All_colors,4.1,150,FOB Bangkok,,,Center price sheet,CENTER PRICE USD for internal,168,
226,CENTER,255004,,ELASTIC EYELET,"83% PES, 17% ELASTANE",145 - 150 cm.,140 - 145 cm.,160 - 170 g/m2,1500m.,601,2000,M,PFE/PFD,,100,FOB Bangkok,,,Center price sheet,CENTER PRICE USD for internal,169,
227,CENTER,255004,,ELASTIC EYELET,"83% PES, 17% ELASTANE",145 - 150 cm.,140 - 145 cm.,160 - 170 g/m2,1500m.,601,2000,M,All_colors,3.85,140,FOB Bangkok,,,Center price sheet,CENTER PRICE USD for internal,169,
228,CENTER,255004,,ELASTIC EYELET,"83% PES, 17% ELASTANE",145 - 150 cm.,140 - 145 cm.,160 - 170 g/m2,1500m.,2001,5000,M,PFE/PFD,,95,FOB Bangkok,,,Center price sheet,CENTER PRICE USD for internal,170,
229,CENTER,255004,,ELASTIC EYELET,"83% PES, 17% ELASTANE",145 - 150 cm.,140 - 145 cm.,160 - 170 g/m2,1500m.,2001,5000,M,All_colors,3.75,130,FOB Bangkok,,,Center price sheet,CENTER PRICE USD for internal,170,
230,CENTER,255010,,PES TULLE RHOMBE / POINT,100% PES,145 - 150 cm.,140 - 145 cm.,24 - 29 g/m2,"3,000m.",200,600,M,PFE/PFD,2.46666666666667,74,FOB Bangkok,,,Center price sheet,CENTER PRICE USD for internal,172,
231,CENTER,255010,,PES TULLE RHOMBE / POINT,100% PES,145 - 150 cm.,140 - 145 cm.,24 - 29 g/m2,"3,000m.",200,600,M,All_colors,3.06666666666667,92,FOB Bangkok,,,Center price sheet,CENTER PRICE USD for internal,172,
232,CENTER,255010,,PES TULLE RHOMBE / POINT,100% PES,145 - 150 cm.,140 - 145 cm.,24 - 29 g/m2,"3,000m.",601,2000,M,PFE/PFD,2.06666666666667,62,FOB Bangkok,,,Center price sheet,CENTER PRICE USD for internal,173,
233,CENTER,255010,,PES TULLE RHOMBE / POINT,100% PES,145 - 150 cm.,140 - 145 cm.,24 - 29 g/m2,"3,000m.",601,2000,M,All_colors,2.63333333333333,79,FOB Bangkok,,,Center price sheet,CENTER PRICE USD for internal,173,
234,CENTER,255010,,PES TULLE RHOMBE / POINT,100% PES,145 - 150 cm.,140 - 145 cm.,24 - 29 g/m2,"3,000m.",2001,5000,M,PFE/PFD,2,60,FOB Bangkok,,,Center price sheet,CENTER PRICE USD for internal,174,
235,CENTER,255010,,PES TULLE RHOMBE / POINT,100% PES,145 - 150 cm.,140 - 145 cm.,24 - 29 g/m2,"3,000m.",2001,5000,M,All_colors,2.43333333333333,73,FOB Bangkok,,,Center price sheet,CENTER PRICE USD for internal,174,
236,CENTER,255018,,PA TULLE RONDO 2,100% PA,165 - 170 cm.,160 - 165 cm.,30 - 35 g/m2,"3,000m.",200,600,M,PFE/PFD,3.2,96,FOB Bangkok,,,Center price sheet,CENTER PRICE USD for internal,176,
237,CENTER,255018,,PA TULLE RONDO 2,100% PA,165 - 170 cm.,160 - 165 cm.,30 - 35 g/m2,"3,000m.",200,600,M,All_colors,3.9,117,FOB Bangkok,,,Center price sheet,CENTER PRICE USD for internal,176,
238,CENTER,255018,,PA TULLE RONDO 2,100% PA,165 - 170 cm.,160 - 165 cm.,30 - 35 g/m2,"3,000m.",601,2000,M,PFE/PFD,2.83333333333333,85,FOB Bangkok,,,Center price sheet,CENTER PRICE USD for internal,177,
239,CENTER,255018,,PA TULLE RONDO 2,100% PA,165 - 170 cm.,160 - 165 cm.,30 - 35 g/m2,"3,000m.",601,2000,M,All_colors,3.36666666666667,101,FOB Bangkok,,,Center price sheet,CENTER PRICE USD for internal,177,
240,CENTER,255018,,PA TULLE RONDO 2,100% PA,165 - 170 cm.,160 - 165 cm.,30 - 35 g/m2,"3,000m.",2001,5000,M,PFE/PFD,2.76666666666667,83,FOB Bangkok,,,Center price sheet,CENTER PRICE USD for internal,178,
241,CENTER,255018,,PA TULLE RONDO 2,100% PA,165 - 170 cm.,160 - 165 cm.,30 - 35 g/m2,"3,000m.",2001,5000,M,All_colors,3.16666666666667,95,FOB Bangkok,,,Center price sheet,CENTER PRICE USD for internal,178,
242,CENTER,255021,,PA TULLE PUNTO,100% PA,158 - 163 cm.,153 - 158 cm.,35 - 40 g/m2,"3,000m.",200,600,M,PFE/PFD,3.33333333333333,100,FOB Bangkok,,,Center price sheet,CENTER PRICE USD for internal,180,
243,CENTER,255021,,PA TULLE PUNTO,100% PA,158 - 163 cm.,153 - 158 cm.,35 - 40 g/m2,"3,000m.",200,600,M,All_colors,4.03333333333333,121,FOB Bangkok,,,Center price sheet,CENTER PRICE USD for internal,180,
244,CENTER,255021,,PA TULLE PUNTO,100% PA,158 - 163 cm.,153 - 158 cm.,35 - 40 g/m2,"3,000m.",601,2000,M,PFE/PFD,2.96666666666667,89,FOB Bangkok,,,Center price sheet,CENTER PRICE USD for internal,181,
245,CENTER,255021,,PA TULLE PUNTO,100% PA,158 - 163 cm.,153 - 158 cm.,35 - 40 g/m2,"3,000m.",601,2000,M,All_colors,3.5,105,FOB Bangkok,,,Center price sheet,CENTER PRICE USD for internal,181,
246,CENTER,255021,,PA TULLE PUNTO,100% PA,158 - 163 cm.,153 - 158 cm.,35 - 40 g/m2,"3,000m.",2001,5000,M,PFE/PFD,2.9,87,FOB Bangkok,,,Center price sheet,CENTER PRICE USD for internal,182,
247,CENTER,255021,,PA TULLE PUNTO,100% PA,158 - 163 cm.,153 - 158 cm.,35 - 40 g/m2,"3,000m.",2001,5000,M,All_colors,3.3,99,FOB Bangkok,,,Center price sheet,CENTER PRICE USD for internal,182,
248,CENTER,255022,,POWER MESH,"82% PA, 18% ELASTANE",183 - 193 cm.,178 - 188 cm.,103 - 113 g/m2,"3,000m.",200,600,M,PFE/PFD,4.16666666666667,125,FOB Bangkok,,,Center price sheet,CENTER PRICE USD for internal,184,
249,CENTER,255022,,POWER MESH,"82% PA, 18% ELASTANE",183 - 193 cm.,178 - 188 cm.,103 - 113 g/m2,"3,000m.",200,600,M,All_colors,5.33333333333333,160,FOB Bangkok,,,Center price sheet,CENTER PRICE USD for internal,184,
250,CENTER,255022,,POWER MESH,"82% PA, 18% ELASTANE",183 - 193 cm.,178 - 188 cm.,103 - 113 g/m2,"3,000m.",601,2000,M,PFE/PFD,4,120,FOB Bangkok,,,Center price sheet,CENTER PRICE USD for internal,185,
251,CENTER,255022,,POWER MESH,"82% PA, 18% ELASTANE",183 - 193 cm.,178 - 188 cm.,103 - 113 g/m2,"3,000m.",601,2000,M,All_colors,5,150,FOB Bangkok,,,Center price sheet,CENTER PRICE USD for internal,185,
252,CENTER,255022,,POWER MESH,"82% PA, 18% ELASTANE",183 - 193 cm.,178 - 188 cm.,103 - 113 g/m2,"3,000m.",2001,5000,M,PFE/PFD,3.83333333333333,115,FOB Bangkok,,,Center price sheet,CENTER PRICE USD for internal,186,
253,CENTER,255022,,POWER MESH,"82% PA, 18% ELASTANE",183 - 193 cm.,178 - 188 cm.,103 - 113 g/m2,"3,000m.",2001,5000,M,All_colors,4.83333333333333,145,FOB Bangkok,,,Center price sheet,CENTER PRICE USD for internal,186,
254,CENTER,255026,,POWER MESH,"65% PA, 35% ELASTANE",203 - 216 cm.,198 - 212 cm.,170 - 190 g/m2,"3,000m.",130,,M,PFE/PFD,10.3333333333333,310,FOB Bangkok,,,Center price sheet,CENTER PRICE USD for internal,188,
255,CENTER,255026,,POWER MESH,"65% PA, 35% ELASTANE",203 - 216 cm.,198 - 212 cm.,170 - 190 g/m2,"3,000m.",130,,M,All_colors,11.5,345,FOB Bangkok,,,Center price sheet,CENTER PRICE USD for internal,188,
256,CENTER,255026,,POWER MESH,"65% PA, 35% ELASTANE",203 - 216 cm.,198 - 212 cm.,170 - 190 g/m2,"3,000m.",220,,M,PFE/PFD,9.66666666666667,290,FOB Bangkok,,,Center price sheet,CENTER PRICE USD for internal,189,
257,CENTER,255026,,POWER MESH,"65% PA, 35% ELASTANE",203 - 216 cm.,198 - 212 cm.,170 - 190 g/m2,"3,000m.",220,,M,All_colors,10.8,324,FOB Bangkok,,,Center price sheet,CENTER PRICE USD for internal,189,
258,CENTER,255026,,POWER MESH,"65% PA, 35% ELASTANE",203 - 216 cm.,198 - 212 cm.,170 - 190 g/m2,"3,000m.",570,,M,PFE/PFD,9.65,289.5,FOB Bangkok,,,Center price sheet,CENTER PRICE USD for internal,190,
259,CENTER,255026,,POWER MESH,"65% PA, 35% ELASTANE",203 - 216 cm.,198 - 212 cm.,170 - 190 g/m2,"3,000m.",570,,M,All_colors,10.5,315,FOB Bangkok,,,Center price sheet,CENTER PRICE USD for internal,190,
260,CENTER,255026,,POWER MESH,"65% PA, 35% ELASTANE",203 - 216 cm.,198 - 212 cm.,170 - 190 g/m2,"3,000m.",1200,,M,PFE/PFD,9.33,279.9,FOB Bangkok,,,Center price sheet,CENTER PRICE USD for internal,191,
261,CENTER,255026,,POWER MESH,"65% PA, 35% ELASTANE",203 - 216 cm.,198 - 212 cm.,170 - 190 g/m2,"3,000m.",1200,,M,All_colors,10,300,FOB Bangkok,,,Center price sheet,CENTER PRICE USD for internal,191,
262,CENTER,255028,,POWER MESH,"75% PA, 25% ELASTANE",185 - 190 cm.,180 - 185 cm.,95 - 105 g/m2,"3,000m.",200,600,M,PFE/PFD,5.33333333333333,160,FOB Bangkok,,,Center price sheet,CENTER PRICE USD for internal,193,
263,CENTER,255028,,POWER MESH,"75% PA, 25% ELASTANE",185 - 190 cm.,180 - 185 cm.,95 - 105 g/m2,"3,000m.",200,600,M,All_colors,6.16666666666667,185,FOB Bangkok,,,Center price sheet,CENTER PRICE USD for internal,193,
264,CENTER,255028,,POWER MESH,"75% PA, 25% ELASTANE",185 - 190 cm.,180 - 185 cm.,95 - 105 g/m2,"3,000m.",601,2000,M,PFE/PFD,5,150,FOB Bangkok,,,Center price sheet,CENTER PRICE USD for internal,194,
265,CENTER,255028,,POWER MESH,"75% PA, 25% ELASTANE",185 - 190 cm.,180 - 185 cm.,95 - 105 g/m2,"3,000m.",601,2000,M,All_colors,5.83333333333333,175,FOB Bangkok,,,Center price sheet,CENTER PRICE USD for internal,194,
266,CENTER,255028,,POWER MESH,"75% PA, 25% ELASTANE",185 - 190 cm.,180 - 185 cm.,95 - 105 g/m2,"3,000m.",2001,5000,M,PFE/PFD,4.93333333333333,148,FOB Bangkok,,,Center price sheet,CENTER PRICE USD for internal,195,
267,CENTER,255028,,POWER MESH,"75% PA, 25% ELASTANE",185 - 190 cm.,180 - 185 cm.,95 - 105 g/m2,"3,000m.",2001,5000,M,All_colors,5.66666666666667,170,FOB Bangkok,,,Center price sheet,CENTER PRICE USD for internal,195,
268,CENTER,255029,,POWER MESH,"75% PA, 25% ELASTANE",195 - 200 cm.,190 - 195 cm.,90 - 100 g/m2,"3,000m.",200,600,M,All_colors,5.9,188.8,FOB Bangkok,,,Center price sheet,CENTER PRICE USD for internal,197,
269,CENTER,255029,,POWER MESH,"75% PA, 25% ELASTANE",195 - 200 cm.,190 - 195 cm.,90 - 100 g/m2,"3,000m.",601,2000,M,All_colors,5.1,163.2,FOB Bangkok,,,Center price sheet,CENTER PRICE USD for internal,198,
270,CENTER,255029,,POWER MESH,"75% PA, 25% ELASTANE",195 - 200 cm.,190 - 195 cm.,90 - 100 g/m2,"3,000m.",2001,5000,M,All_colors,4.9,156.8,FOB Bangkok,,,Center price sheet,CENTER PRICE USD for internal,199,
271,CENTER,255031,,POWER MESH,"90% PA, 10% ELASTANE",205 - 210 cm.,200 - 205 cm.,90 - 100 g/m2,"3,000m.",200,600,M,PFE/PFD,5.16666666666667,155,FOB Bangkok,,,Center price sheet,CENTER PRICE USD for internal,201,
272,CENTER,255031,,POWER MESH,"90% PA, 10% ELASTANE",205 - 210 cm.,200 - 205 cm.,90 - 100 g/m2,"3,000m.",200,600,M,All_colors,6.16666666666667,185,FOB Bangkok,,,Center price sheet,CENTER PRICE USD for internal,201,
273,CENTER,255031,,POWER MESH,"90% PA, 10% ELASTANE",205 - 210 cm.,200 - 205 cm.,90 - 100 g/m2,"3,000m.",601,2000,M,PFE/PFD,4.93333333333333,148,FOB Bangkok,,,Center price sheet,CENTER PRICE USD for internal,202,
274,CENTER,255031,,POWER MESH,"90% PA, 10% ELASTANE",205 - 210 cm.,200 - 205 cm.,90 - 100 g/m2,"3,000m.",601,2000,M,All_colors,5.83333333333333,175,FOB Bangkok,,,Center price sheet,CENTER PRICE USD for internal,202,
275,CENTER,255031,,POWER MESH,"90% PA, 10% ELASTANE",205 - 210 cm.,200 - 205 cm.,90 - 100 g/m2,"3,000m.",2001,5000,M,PFE/PFD,4.83333333333333,145,FOB Bangkok,,,Center price sheet,CENTER PRICE USD for internal,203,
276,CENTER,255031,,POWER MESH,"90% PA, 10% ELASTANE",205 - 210 cm.,200 - 205 cm.,90 - 100 g/m2,"3,000m.",2001,5000,M,All_colors,5.66666666666667,170,FOB Bangkok,,,Center price sheet,CENTER PRICE USD for internal,203,
277,CENTER,255035,,easyShape,"58% PA, 42% ELASTANE",160 - 170 cm.,155 - 165 cm.,228 - 252 g/m2,"3,000m.",100,,M,PFE/PFD,10.5633333333333,316.899999999999,FOB Bangkok,,,Center price sheet,CENTER PRICE USD for internal,205,
278,CENTER,255035,,easyShape,"58% PA, 42% ELASTANE",160 - 170 cm.,155 - 165 cm.,228 - 252 g/m2,"3,000m.",100,,M,All_colors,11.6,348,FOB Bangkok,,,Center price sheet,CENTER PRICE USD for internal,205,
279,CENTER,255035,,easyShape,"58% PA, 42% ELASTANE",160 - 170 cm.,155 - 165 cm.,228 - 252 g/m2,"3,000m.",220,,M,PFE/PFD,9.8966666666667,296.900000000001,FOB Bangkok,,,Center price sheet,CENTER PRICE USD for internal,206,
280,CENTER,255035,,easyShape,"58% PA, 42% ELASTANE",160 - 170 cm.,155 - 165 cm.,228 - 252 g/m2,"3,000m.",220,,M,All_colors,11.1,333,FOB Bangkok,,,Center price sheet,CENTER PRICE USD for internal,206,
281,CENTER,255035,,easyShape,"58% PA, 42% ELASTANE",160 - 170 cm.,155 - 165 cm.,228 - 252 g/m2,"3,000m.",600,,M,PFE/PFD,9.23,276.9,FOB Bangkok,,,Center price sheet,CENTER PRICE USD for internal,207,
282,CENTER,255035,,easyShape,"58% PA, 42% ELASTANE",160 - 170 cm.,155 - 165 cm.,228 - 252 g/m2,"3,000m.",600,,M,All_colors,9.4,282,FOB Bangkok,,,Center price sheet,CENTER PRICE USD for internal,207,
283,CENTER,255035,,easyShape,"58% PA, 42% ELASTANE",160 - 170 cm.,155 - 165 cm.,228 - 252 g/m2,"3,000m.",1200,,M,PFE/PFD,8.89666666666667,266.9,FOB Bangkok,,,Center price sheet,CENTER PRICE USD for internal,208,
284,CENTER,255035,,easyShape,"58% PA, 42% ELASTANE",160 - 170 cm.,155 - 165 cm.,228 - 252 g/m2,"3,000m.",1200,,M,All_colors,9.6,288,FOB Bangkok,,,Center price sheet,CENTER PRICE USD for internal,208,
285,CENTER,255037,,easyShape,"81% PA, 19% ELASTANE",160 - 165 cm.,155 - 160 cm.,170 - 180 g/m2,"3,000m.",100,299,M,PFE/PFD,6.66666666666667,200,FOB Bangkok,,,Center price sheet,CENTER PRICE USD for internal,210,
286,CENTER,255037,,easyShape,"81% PA, 19% ELASTANE",160 - 165 cm.,155 - 160 cm.,170 - 180 g/m2,"3,000m.",100,299,M,All_colors,7.33333333333333,220,FOB Bangkok,,,Center price sheet,CENTER PRICE USD for internal,210,
287,CENTER,255037,,easyShape,"81% PA, 19% ELASTANE",160 - 165 cm.,155 - 160 cm.,170 - 180 g/m2,"3,000m.",300,999,M,PFE/PFD,5.66666666666667,170,FOB Bangkok,,,Center price sheet,CENTER PRICE USD for internal,211,
288,CENTER,255037,,easyShape,"81% PA, 19% ELASTANE",160 - 165 cm.,155 - 160 cm.,170 - 180 g/m2,"3,000m.",300,999,M,All_colors,6.5,195,FOB Bangkok,,,Center price sheet,CENTER PRICE USD for internal,211,
289,CENTER,255037,,easyShape,"81% PA, 19% ELASTANE",160 - 165 cm.,155 - 160 cm.,170 - 180 g/m2,"3,000m.",1000,1499,M,PFE/PFD,5.5,165,FOB Bangkok,,,Center price sheet,CENTER PRICE USD for internal,212,
290,CENTER,255037,,easyShape,"81% PA, 19% ELASTANE",160 - 165 cm.,155 - 160 cm.,170 - 180 g/m2,"3,000m.",1000,1499,M,All_colors,6.16666666666667,185,FOB Bangkok,,,Center price sheet,CENTER PRICE USD for internal,212,
291,CENTER,255037,,easyShape,"81% PA, 19% ELASTANE",160 - 165 cm.,155 - 160 cm.,170 - 180 g/m2,"3,000m.",1500,,M,PFE/PFD,5,150,FOB Bangkok,,,Center price sheet,CENTER PRICE USD for internal,213,
292,CENTER,255037,,easyShape,"81% PA, 19% ELASTANE",160 - 165 cm.,155 - 160 cm.,170 - 180 g/m2,"3,000m.",1500,,M,All_colors,6,180,FOB Bangkok,,,Center price sheet,CENTER PRICE USD for internal,213,
293,CENTER,255038,,easyShape,"75% PA, 25% ELASTANE",163 - 168 cm.,158 - 163 cm.,140 - 150 g/m2,"3,000m.",100,299,M,PFE/PFD,6.83333333333333,205,FOB Bangkok,,,Center price sheet,CENTER PRICE USD for internal,215,
294,CENTER,255038,,easyShape,"75% PA, 25% ELASTANE",163 - 168 cm.,158 - 163 cm.,140 - 150 g/m2,"3,000m.",100,299,M,All_colors,7.5,225,FOB Bangkok,,,Center price sheet,CENTER PRICE USD for internal,215,
295,CENTER,255038,,easyShape,"75% PA, 25% ELASTANE",163 - 168 cm.,158 - 163 cm.,140 - 150 g/m2,"3,000m.",300,999,M,PFE/PFD,6,180,FOB Bangkok,,,Center price sheet,CENTER PRICE USD for internal,216,
296,CENTER,255038,,easyShape,"75% PA, 25% ELASTANE",163 - 168 cm.,158 - 163 cm.,140 - 150 g/m2,"3,000m.",300,999,M,All_colors,6.66666666666667,200,FOB Bangkok,,,Center price sheet,CENTER PRICE USD for internal,216,
297,CENTER,255038,,easyShape,"75% PA, 25% ELASTANE",163 - 168 cm.,158 - 163 cm.,140 - 150 g/m2,"3,000m.",1000,1499,M,PFE/PFD,5.83333333333333,175,FOB Bangkok,,,Center price sheet,CENTER PRICE USD for internal,217,
298,CENTER,255038,,easyShape,"75% PA, 25% ELASTANE",163 - 168 cm.,158 - 163 cm.,140 - 150 g/m2,"3,000m.",1000,1499,M,All_colors,6.5,195,FOB Bangkok,,,Center price sheet,CENTER PRICE USD for internal,217,
299,CENTER,255038,,easyShape,"75% PA, 25% ELASTANE",163 - 168 cm.,158 - 163 cm.,140 - 150 g/m2,"3,000m.",1500,,M,PFE/PFD,5.66666666666667,170,FOB Bangkok,,,Center price sheet,CENTER PRICE USD for internal,218,
300,CENTER,255038,,easyShape,"75% PA, 25% ELASTANE",163 - 168 cm.,158 - 163 cm.,140 - 150 g/m2,"3,000m.",1500,,M,All_colors,6.16666666666667,185,FOB Bangkok,,,Center price sheet,CENTER PRICE USD for internal,218,
301,CENTER,255040,,POWER MESH,"85% PA, 15% ELASTANE",188 - 193 cm.,183 - 188 cm.,145 - 155 g/m2,"3,000m.",180,299,M,PFE/PFD,6.33333333333333,190,FOB Bangkok,,,Center price sheet,CENTER PRICE USD for internal,220,
302,CENTER,255040,,POWER MESH,"85% PA, 15% ELASTANE",188 - 193 cm.,183 - 188 cm.,145 - 155 g/m2,"3,000m.",180,299,M,All_colors,7.06666666666667,212,FOB Bangkok,,,Center price sheet,CENTER PRICE USD for internal,220,
303,CENTER,255040,,POWER MESH,"85% PA, 15% ELASTANE",188 - 193 cm.,183 - 188 cm.,145 - 155 g/m2,"3,000m.",300,1000,M,PFE/PFD,5.66666666666667,170,FOB Bangkok,,,Center price sheet,CENTER PRICE USD for internal,221,
304,CENTER,255040,,POWER MESH,"85% PA, 15% ELASTANE",188 - 193 cm.,183 - 188 cm.,145 - 155 g/m2,"3,000m.",300,1000,M,All_colors,6.3,189,FOB Bangkok,,,Center price sheet,CENTER PRICE USD for internal,221,
305,CENTER,255040,,POWER MESH,"85% PA, 15% ELASTANE",188 - 193 cm.,183 - 188 cm.,145 - 155 g/m2,"3,000m.",1001,,M,PFE/PFD,5.33333333333333,160,FOB Bangkok,,,Center price sheet,CENTER PRICE USD for internal,222,
306,CENTER,255040,,POWER MESH,"85% PA, 15% ELASTANE",188 - 193 cm.,183 - 188 cm.,145 - 155 g/m2,"3,000m.",1001,,M,All_colors,6.03333333333333,181,FOB Bangkok,,,Center price sheet,CENTER PRICE USD for internal,222,
307,CENTER,255042,,POWER MESH,"72% PA, 28% ELASTANE",170  - 180 cm.,165 - 175 cm.,152-168 g/m2,"3,000m.",240,,M,PFE/PFD,8,,FOB Bangkok,,,Center price sheet,CENTER PRICE USD for internal,224,
308,CENTER,255042,,POWER MESH,"72% PA, 28% ELASTANE",170  - 180 cm.,165 - 175 cm.,152-168 g/m2,"3,000m.",240,,M,All_colors,8.67,,FOB Bangkok,,,Center price sheet,CENTER PRICE USD for internal,224,
309,CENTER,255042,,POWER MESH,"72% PA, 28% ELASTANE",170  - 180 cm.,165 - 175 cm.,152-168 g/m2,"3,000m.",360,,M,PFE/PFD,7.17,,FOB Bangkok,,,Center price sheet,CENTER PRICE USD for internal,225,
310,CENTER,255042,,POWER MESH,"72% PA, 28% ELASTANE",170  - 180 cm.,165 - 175 cm.,152-168 g/m2,"3,000m.",360,,M,All_colors,8,,FOB Bangkok,,,Center price sheet,CENTER PRICE USD for internal,225,
311,CENTER,255042,,POWER MESH,"72% PA, 28% ELASTANE",170  - 180 cm.,165 - 175 cm.,152-168 g/m2,"3,000m.",720,,M,PFE/PFD,6.83,,FOB Bangkok,,,Center price sheet,CENTER PRICE USD for internal,226,
312,CENTER,255042,,POWER MESH,"72% PA, 28% ELASTANE",170  - 180 cm.,165 - 175 cm.,152-168 g/m2,"3,000m.",720,,M,All_colors,7.67,,FOB Bangkok,,,Center price sheet,CENTER PRICE USD for internal,226,
313,CENTER,255048,,PES TULLE INVISIBLE,100% PES,170 - 175 cm.,165 - 170 cm.,18 - 23 g/m2,"3,000m.",200,600,M,PFE/PFD,1.83333333333333,55,FOB Bangkok,,,Center price sheet,CENTER PRICE USD for internal,228,
314,CENTER,255048,,PES TULLE INVISIBLE,100% PES,170 - 175 cm.,165 - 170 cm.,18 - 23 g/m2,"3,000m.",200,600,M,All_colors,2.5,75,FOB Bangkok,,,Center price sheet,CENTER PRICE USD for internal,228,
315,CENTER,255048,,PES TULLE INVISIBLE,100% PES,170 - 175 cm.,165 - 170 cm.,18 - 23 g/m2,"3,000m.",601,2000,M,PFE/PFD,1.66666666666667,50,FOB Bangkok,,,Center price sheet,CENTER PRICE USD for internal,229,
316,CENTER,255048,,PES TULLE INVISIBLE,100% PES,170 - 175 cm.,165 - 170 cm.,18 - 23 g/m2,"3,000m.",601,2000,M,All_colors,2.16666666666667,65,FOB Bangkok,,,Center price sheet,CENTER PRICE USD for internal,229,
317,CENTER,255048,,PES TULLE INVISIBLE,100% PES,170 - 175 cm.,165 - 170 cm.,18 - 23 g/m2,"3,000m.",2001,5000,M,PFE/PFD,1.5,45,FOB Bangkok,,,Center price sheet,CENTER PRICE USD for internal,230,
318,CENTER,255048,,PES TULLE INVISIBLE,100% PES,170 - 175 cm.,165 - 170 cm.,18 - 23 g/m2,"3,000m.",2001,5000,M,All_colors,2,60,FOB Bangkok,,,Center price sheet,CENTER PRICE USD for internal,230,
319,CENTER,255049,,POWER MESH,"85% PA, 15% ELASTANE",157 - 162 cm.,152 - 157 cm.,78 - 83 g/m2,"3,000m.",200,600,M,PFE/PFD,3.13333333333333,94,FOB Bangkok,,,Center price sheet,CENTER PRICE USD for internal,232,
320,CENTER,255049,,POWER MESH,"85% PA, 15% ELASTANE",157 - 162 cm.,152 - 157 cm.,78 - 83 g/m2,"3,000m.",200,600,M,All_colors,3.8,114,FOB Bangkok,,,Center price sheet,CENTER PRICE USD for internal,232,
321,CENTER,255049,,POWER MESH,"85% PA, 15% ELASTANE",157 - 162 cm.,152 - 157 cm.,78 - 83 g/m2,"3,000m.",601,2000,M,PFE/PFD,2.83333333333333,85,FOB Bangkok,,,Center price sheet,CENTER PRICE USD for internal,233,
322,CENTER,255049,,POWER MESH,"85% PA, 15% ELASTANE",157 - 162 cm.,152 - 157 cm.,78 - 83 g/m2,"3,000m.",601,2000,M,All_colors,3.5,105,FOB Bangkok,,,Center price sheet,CENTER PRICE USD for internal,233,
323,CENTER,255049,,POWER MESH,"85% PA, 15% ELASTANE",157 - 162 cm.,152 - 157 cm.,78 - 83 g/m2,"3,000m.",2001,5000,M,PFE/PFD,2.76666666666667,83,FOB Bangkok,,,Center price sheet,CENTER PRICE USD for internal,234,
324,CENTER,255049,,POWER MESH,"85% PA, 15% ELASTANE",157 - 162 cm.,152 - 157 cm.,78 - 83 g/m2,"3,000m.",2001,5000,M,All_colors,3.36666666666667,101,FOB Bangkok,,,Center price sheet,CENTER PRICE USD for internal,234,
325,CENTER,255055,,easyShape,"47% PA, 53% ELASTANE",152 - 162 cm.,147 - 157 cm.,268 - 296 g/m2,"3,000m.",50,99,M,PFE/PFD,12.3333333333333,370,FOB Bangkok,,,Center price sheet,CENTER PRICE USD for internal,236,
326,CENTER,255055,,easyShape,"47% PA, 53% ELASTANE",152 - 162 cm.,147 - 157 cm.,268 - 296 g/m2,"3,000m.",50,99,M,All_colors,13.3333333333333,400,FOB Bangkok,,,Center price sheet,CENTER PRICE USD for internal,236,
327,CENTER,255055,,easyShape,"47% PA, 53% ELASTANE",152 - 162 cm.,147 - 157 cm.,268 - 296 g/m2,"3,000m.",100,299,M,PFE/PFD,11.5,345,FOB Bangkok,,,Center price sheet,CENTER PRICE USD for internal,237,
328,CENTER,255055,,easyShape,"47% PA, 53% ELASTANE",152 - 162 cm.,147 - 157 cm.,268 - 296 g/m2,"3,000m.",100,299,M,All_colors,12.6666666666667,380,FOB Bangkok,,,Center price sheet,CENTER PRICE USD for internal,237,
329,CENTER,255055,,easyShape,"47% PA, 53% ELASTANE",152 - 162 cm.,147 - 157 cm.,268 - 296 g/m2,"3,000m.",300,1499,M,PFE/PFD,11,330,FOB Bangkok,,,Center price sheet,CENTER PRICE USD for internal,238,
330,CENTER,255055,,easyShape,"47% PA, 53% ELASTANE",152 - 162 cm.,147 - 157 cm.,268 - 296 g/m2,"3,000m.",300,1499,M,All_colors,12.1666666666667,365,FOB Bangkok,,,Center price sheet,CENTER PRICE USD for internal,238,
331,CENTER,255055,,easyShape,"47% PA, 53% ELASTANE",152 - 162 cm.,147 - 157 cm.,268 - 296 g/m2,"3,000m.",1500,,M,PFE/PFD,10.5,315,FOB Bangkok,,,Center price sheet,CENTER PRICE USD for internal,239,
332,CENTER,255055,,easyShape,"47% PA, 53% ELASTANE",152 - 162 cm.,147 - 157 cm.,268 - 296 g/m2,"3,000m.",1500,,M,All_colors,11.6666666666667,350,FOB Bangkok,,,Center price sheet,CENTER PRICE USD for internal,239,
333,CENTER,255057,,easyShape,"67% PA, 33% ELASTANE",153 - 158 cm.,148 - 153 cm.,230- 240 g/m2,"3,000m.",50,99,M,PFE/PFD,10,300,FOB Bangkok,,,Center price sheet,CENTER PRICE USD for internal,241,
334,CENTER,255057,,easyShape,"67% PA, 33% ELASTANE",153 - 158 cm.,148 - 153 cm.,230- 240 g/m2,"3,000m.",50,99,M,All_colors,11.1666666666667,335,FOB Bangkok,,,Center price sheet,CENTER PRICE USD for internal,241,
335,CENTER,255057,,easyShape,"67% PA, 33% ELASTANE",153 - 158 cm.,148 - 153 cm.,230- 240 g/m2,"3,000m.",100,299,M,PFE/PFD,9,270,FOB Bangkok,,,Center price sheet,CENTER PRICE USD for internal,242,
336,CENTER,255057,,easyShape,"67% PA, 33% ELASTANE",153 - 158 cm.,148 - 153 cm.,230- 240 g/m2,"3,000m.",100,299,M,All_colors,10,300,FOB Bangkok,,,Center price sheet,CENTER PRICE USD for internal,242,
337,CENTER,255057,,easyShape,"67% PA, 33% ELASTANE",153 - 158 cm.,148 - 153 cm.,230- 240 g/m2,"3,000m.",300,1499,M,PFE/PFD,8.66666666666667,260,FOB Bangkok,,,Center price sheet,CENTER PRICE USD for internal,243,
338,CENTER,255057,,easyShape,"67% PA, 33% ELASTANE",153 - 158 cm.,148 - 153 cm.,230- 240 g/m2,"3,000m.",300,1499,M,All_colors,9.66666666666667,290,FOB Bangkok,,,Center price sheet,CENTER PRICE USD for internal,243,
339,CENTER,255057,,easyShape,"67% PA, 33% ELASTANE",153 - 158 cm.,148 - 153 cm.,230- 240 g/m2,"3,000m.",1500,,M,PFE/PFD,8.33333333333333,250,FOB Bangkok,,,Center price sheet,CENTER PRICE USD for internal,244,
340,CENTER,255057,,easyShape,"67% PA, 33% ELASTANE",153 - 158 cm.,148 - 153 cm.,230- 240 g/m2,"3,000m.",1500,,M,All_colors,9.16666666666667,275,FOB Bangkok,,,Center price sheet,CENTER PRICE USD for internal,244,
341,CENTER,255060,,easyShape,"75% PA, 25% ELASTANE",143 - 148 cm.,138 - 143 cm.,140 - 150 g/m2,"3,000m.",100,299,M,PFE/PFD,6,180,FOB Bangkok,,,Center price sheet,CENTER PRICE USD for internal,246,
342,CENTER,255060,,easyShape,"75% PA, 25% ELASTANE",143 - 148 cm.,138 - 143 cm.,140 - 150 g/m2,"3,000m.",100,299,M,All_colors,6.66666666666667,200,FOB Bangkok,,,Center price sheet,CENTER PRICE USD for internal,246,
343,CENTER,255060,,easyShape,"75% PA, 25% ELASTANE",143 - 148 cm.,138 - 143 cm.,140 - 150 g/m2,"3,000m.",300,999,M,PFE/PFD,5.33333333333333,160,FOB Bangkok,,,Center price sheet,CENTER PRICE USD for internal,247,
344,CENTER,255060,,easyShape,"75% PA, 25% ELASTANE",143 - 148 cm.,138 - 143 cm.,140 - 150 g/m2,"3,000m.",300,999,M,All_colors,6,180,FOB Bangkok,,,Center price sheet,CENTER PRICE USD for internal,247,
345,CENTER,255060,,easyShape,"75% PA, 25% ELASTANE",143 - 148 cm.,138 - 143 cm.,140 - 150 g/m2,"3,000m.",1000,1499,M,PFE/PFD,5.16666666666667,155,FOB Bangkok,,,Center price sheet,CENTER PRICE USD for internal,248,
346,CENTER,255060,,easyShape,"75% PA, 25% ELASTANE",143 - 148 cm.,138 - 143 cm.,140 - 150 g/m2,"3,000m.",1000,1499,M,All_colors,5.66666666666667,170,FOB Bangkok,,,Center price sheet,CENTER PRICE USD for internal,248,
347,CENTER,255060,,easyShape,"75% PA, 25% ELASTANE",143 - 148 cm.,138 - 143 cm.,140 - 150 g/m2,"3,000m.",1500,,M,PFE/PFD,4.83333333333333,145,FOB Bangkok,,,Center price sheet,CENTER PRICE USD for internal,249,
348,CENTER,255060,,easyShape,"75% PA, 25% ELASTANE",143 - 148 cm.,138 - 143 cm.,140 - 150 g/m2,"3,000m.",1500,,M,All_colors,5.5,165,FOB Bangkok,,,Center price sheet,CENTER PRICE USD for internal,249,
349,CENTER,255080,,PES TULLE  BUDGET,100% PES,150-155 cm.,145-150 cm.,35 - 40 g/m2,"3,000m.",200,600,M,PFE/PFD,1.66666666666667,50,FOB Bangkok,,,Center price sheet,CENTER PRICE USD for internal,251,
350,CENTER,255080,,PES TULLE  BUDGET,100% PES,150-155 cm.,145-150 cm.,35 - 40 g/m2,"3,000m.",200,600,M,All_colors,2.16666666666667,65,FOB Bangkok,,,Center price sheet,CENTER PRICE USD for internal,251,
351,CENTER,255080,,PES TULLE  BUDGET,100% PES,150-155 cm.,145-150 cm.,35 - 40 g/m2,"3,000m.",601,2000,M,PFE/PFD,1.33333333333333,40,FOB Bangkok,,,Center price sheet,CENTER PRICE USD for internal,252,
352,CENTER,255080,,PES TULLE  BUDGET,100% PES,150-155 cm.,145-150 cm.,35 - 40 g/m2,"3,000m.",601,2000,M,All_colors,1.66666666666667,50,FOB Bangkok,,,Center price sheet,CENTER PRICE USD for internal,252,
353,CENTER,255080,,PES TULLE  BUDGET,100% PES,150-155 cm.,145-150 cm.,35 - 40 g/m2,"3,000m.",2001,5000,M,PFE/PFD,1.23333333333333,37,FOB Bangkok,,,Center price sheet,CENTER PRICE USD for internal,253,
354,CENTER,255080,,PES TULLE  BUDGET,100% PES,150-155 cm.,145-150 cm.,35 - 40 g/m2,"3,000m.",2001,5000,M,All_colors,1.5,45,FOB Bangkok,,,Center price sheet,CENTER PRICE USD for internal,253,
355,CENTER,255080,,PES TULLE  BUDGET,100% PES,150-155 cm.,145-150 cm.,35 - 40 g/m2,"3,000m.",10000,,M,PFE/PFD,0.933333333333333,28,FOB Bangkok,,,Center price sheet,CENTER PRICE USD for internal,254,
356,CENTER,255099,,PES TULLE,100% PES,150 - 155 cm.,145 - 150 cm.,20 - 25 g/m2,"3,000m.",200,600,M,PFE/PFD,1.83333333333333,55,FOB Bangkok,,,Center price sheet,CENTER PRICE USD for internal,264,
357,CENTER,255099,,PES TULLE,100% PES,150 - 155 cm.,145 - 150 cm.,20 - 25 g/m2,"3,000m.",200,600,M,All_colors,2.33333333333333,70,FOB Bangkok,,,Center price sheet,CENTER PRICE USD for internal,264,
358,CENTER,255099,,PES TULLE,100% PES,150 - 155 cm.,145 - 150 cm.,20 - 25 g/m2,"3,000m.",601,2000,M,PFE/PFD,1.5,45,FOB Bangkok,,,Center price sheet,CENTER PRICE USD for internal,265,
359,CENTER,255099,,PES TULLE,100% PES,150 - 155 cm.,145 - 150 cm.,20 - 25 g/m2,"3,000m.",601,2000,M,All_colors,2,60,FOB Bangkok,,,Center price sheet,CENTER PRICE USD for internal,265,
360,CENTER,255099,,PES TULLE,100% PES,150 - 155 cm.,145 - 150 cm.,20 - 25 g/m2,"3,000m.",2001,5000,M,PFE/PFD,1.33333333333333,40,FOB Bangkok,,,Center price sheet,CENTER PRICE USD for internal,266,
361,CENTER,255099,,PES TULLE,100% PES,150 - 155 cm.,145 - 150 cm.,20 - 25 g/m2,"3,000m.",2001,5000,M,All_colors,1.83333333333333,55,FOB Bangkok,,,Center price sheet,CENTER PRICE USD for internal,266,
362,CENTER,255102,,Satin net,"68% PA, 32% ELASTANE",190 - 195 cm.,185 - 190 cm.,78 - 83 g/m2,"3,000m.",200,600,M,PFE/PFD,4.66666666666667,140,FOB Bangkok,,,Center price sheet,CENTER PRICE USD for internal,268,
363,CENTER,255102,,Satin net,"68% PA, 32% ELASTANE",190 - 195 cm.,185 - 190 cm.,78 - 83 g/m2,"3,000m.",200,600,M,All_colors,5.66666666666667,170,FOB Bangkok,,,Center price sheet,CENTER PRICE USD for internal,268,
364,CENTER,255102,,Satin net,"68% PA, 32% ELASTANE",190 - 195 cm.,185 - 190 cm.,78 - 83 g/m2,"3,000m.",601,2000,M,PFE/PFD,4.5,135,FOB Bangkok,,,Center price sheet,CENTER PRICE USD for internal,269,
365,CENTER,255102,,Satin net,"68% PA, 32% ELASTANE",190 - 195 cm.,185 - 190 cm.,78 - 83 g/m2,"3,000m.",601,2000,M,All_colors,5.5,165,FOB Bangkok,,,Center price sheet,CENTER PRICE USD for internal,269,
366,CENTER,255102,,Satin net,"68% PA, 32% ELASTANE",190 - 195 cm.,185 - 190 cm.,78 - 83 g/m2,"3,000m.",2001,5000,M,PFE/PFD,4.33333333333333,130,FOB Bangkok,,,Center price sheet,CENTER PRICE USD for internal,270,
367,CENTER,255102,,Satin net,"68% PA, 32% ELASTANE",190 - 195 cm.,185 - 190 cm.,78 - 83 g/m2,"3,000m.",2001,5000,M,All_colors,5.33333333333333,160,FOB Bangkok,,,Center price sheet,CENTER PRICE USD for internal,270,
368,CENTER,255119,,PA TULLE INVISIBLE,100% PA,162 - 167 cm.,157 - 162 cm.,20 - 25 g/m2,"3,000m.",200,600,M,PFE/PFD,2,60,FOB Bangkok,,,Center price sheet,CENTER PRICE USD for internal,272,
369,CENTER,255119,,PA TULLE INVISIBLE,100% PA,162 - 167 cm.,157 - 162 cm.,20 - 25 g/m2,"3,000m.",200,600,M,All_colors,2.66666666666667,80,FOB Bangkok,,,Center price sheet,CENTER PRICE USD for internal,272,
370,CENTER,255119,,PA TULLE INVISIBLE,100% PA,162 - 167 cm.,157 - 162 cm.,20 - 25 g/m2,"3,000m.",601,2000,M,PFE/PFD,1.83333333333333,55,FOB Bangkok,,,Center price sheet,CENTER PRICE USD for internal,273,
371,CENTER,255119,,PA TULLE INVISIBLE,100% PA,162 - 167 cm.,157 - 162 cm.,20 - 25 g/m2,"3,000m.",601,2000,M,All_colors,2.16666666666667,65,FOB Bangkok,,,Center price sheet,CENTER PRICE USD for internal,273,
372,CENTER,255119,,PA TULLE INVISIBLE,100% PA,162 - 167 cm.,157 - 162 cm.,20 - 25 g/m2,"3,000m.",2001,5000,M,PFE/PFD,1.66666666666667,50,FOB Bangkok,,,Center price sheet,CENTER PRICE USD for internal,274,
373,CENTER,255119,,PA TULLE INVISIBLE,100% PA,162 - 167 cm.,157 - 162 cm.,20 - 25 g/m2,"3,000m.",2001,5000,M,All_colors,2,60,FOB Bangkok,,,Center price sheet,CENTER PRICE USD for internal,274,
374,CENTER,255123,,PES CHARMEUSE,100% PES,165 - 170 cm.,160 - 165 cm.,105 - 110 g/m2,"3,000m.",200,600,M,PFE/PFD,3.33333333333333,100,FOB Bangkok,,,Center price sheet,CENTER PRICE USD for internal,276,
375,CENTER,255123,,PES CHARMEUSE,100% PES,165 - 170 cm.,160 - 165 cm.,105 - 110 g/m2,"3,000m.",200,600,M,All_colors,3.83333333333333,115,FOB Bangkok,,,Center price sheet,CENTER PRICE USD for internal,276,
376,CENTER,255123,,PES CHARMEUSE,100% PES,165 - 170 cm.,160 - 165 cm.,105 - 110 g/m2,"3,000m.",601,2000,M,PFE/PFD,2.83333333333333,85,FOB Bangkok,,,Center price sheet,CENTER PRICE USD for internal,277,
377,CENTER,255123,,PES CHARMEUSE,100% PES,165 - 170 cm.,160 - 165 cm.,105 - 110 g/m2,"3,000m.",601,2000,M,All_colors,3.33333333333333,100,FOB Bangkok,,,Center price sheet,CENTER PRICE USD for internal,277,
378,CENTER,255123,,PES CHARMEUSE,100% PES,165 - 170 cm.,160 - 165 cm.,105 - 110 g/m2,"3,000m.",2001,5000,M,PFE/PFD,2.66666666666667,80,FOB Bangkok,,,Center price sheet,CENTER PRICE USD for internal,278,
379,CENTER,255123,,PES CHARMEUSE,100% PES,165 - 170 cm.,160 - 165 cm.,105 - 110 g/m2,"3,000m.",2001,5000,M,All_colors,3.16666666666667,95,FOB Bangkok,,,Center price sheet,CENTER PRICE USD for internal,278,
380,CENTER,255135,,ELASTIC TULLE,"86% PA, 14% ELASTANE",155 - 160 cm.,150 - 155 cm.,50 - 55 g/m2,"3,000m.",200,600,M,PFE/PFD,3.55,104,FOB Bangkok,,,Center price sheet,CENTER PRICE USD for internal,280,
381,CENTER,255135,,ELASTIC TULLE,"86% PA, 14% ELASTANE",155 - 160 cm.,150 - 155 cm.,50 - 55 g/m2,"3,000m.",200,600,M,All_colors,4.55,135,FOB Bangkok,,,Center price sheet,CENTER PRICE USD for internal,280,
382,CENTER,255135,,ELASTIC TULLE,"86% PA, 14% ELASTANE",155 - 160 cm.,150 - 155 cm.,50 - 55 g/m2,"3,000m.",601,2000,M,PFE/PFD,3.1,90,FOB Bangkok,,,Center price sheet,CENTER PRICE USD for internal,281,
383,CENTER,255135,,ELASTIC TULLE,"86% PA, 14% ELASTANE",155 - 160 cm.,150 - 155 cm.,50 - 55 g/m2,"3,000m.",601,2000,M,All_colors,4.07,120,FOB Bangkok,,,Center price sheet,CENTER PRICE USD for internal,281,
384,CENTER,255135,,ELASTIC TULLE,"86% PA, 14% ELASTANE",155 - 160 cm.,150 - 155 cm.,50 - 55 g/m2,"3,000m.",2001,5000,M,PFE/PFD,2.88,83,FOB Bangkok,,,Center price sheet,CENTER PRICE USD for internal,282,
385,CENTER,255135,,ELASTIC TULLE,"86% PA, 14% ELASTANE",155 - 160 cm.,150 - 155 cm.,50 - 55 g/m2,"3,000m.",2001,5000,M,All_colors,3.91,115,FOB Bangkok,,,Center price sheet,CENTER PRICE USD for internal,282,
386,CENTER,255141,,ELASTIC TULLE GRAPHIC,"85% PA, 15%  ELASTANE",142 - 152cm,137 - 147 cm.,46 - 52 g/m2,"3,000m.",200,600,M,PFE/PFD,4,120,FOB Bangkok,,,Center price sheet,CENTER PRICE USD for internal,284,
387,CENTER,255141,,ELASTIC TULLE GRAPHIC,"85% PA, 15%  ELASTANE",142 - 152cm,137 - 147 cm.,46 - 52 g/m2,"3,000m.",200,600,M,All_colors,4.5,135,FOB Bangkok,,,Center price sheet,CENTER PRICE USD for internal,284,
388,CENTER,255141,,ELASTIC TULLE GRAPHIC,"85% PA, 15%  ELASTANE",142 - 152cm,137 - 147 cm.,46 - 52 g/m2,"3,000m.",601,2000,M,PFE/PFD,3.66666666666667,110,FOB Bangkok,,,Center price sheet,CENTER PRICE USD for internal,285,
389,CENTER,255141,,ELASTIC TULLE GRAPHIC,"85% PA, 15%  ELASTANE",142 - 152cm,137 - 147 cm.,46 - 52 g/m2,"3,000m.",601,2000,M,All_colors,4.16666666666667,125,FOB Bangkok,,,Center price sheet,CENTER PRICE USD for internal,285,
390,CENTER,255141,,ELASTIC TULLE GRAPHIC,"85% PA, 15%  ELASTANE",142 - 152cm,137 - 147 cm.,46 - 52 g/m2,"3,000m.",2001,5000,M,PFE/PFD,3.5,105,FOB Bangkok,,,Center price sheet,CENTER PRICE USD for internal,286,
391,CENTER,255141,,ELASTIC TULLE GRAPHIC,"85% PA, 15%  ELASTANE",142 - 152cm,137 - 147 cm.,46 - 52 g/m2,"3,000m.",2001,5000,M,All_colors,4,120,FOB Bangkok,,,Center price sheet,CENTER PRICE USD for internal,286,
392,CENTER,255149,,PA ELASTIC CLEANCUT,"78% PA, 22% ELASTANE",163 - 168 cm.,158 - 163 cm.,130 - 135 g/m2,"3,000m.",100,499,M,PFE/PFD,5.33333333333333,160,FOB Bangkok,,,Center price sheet,CENTER PRICE USD for internal,288,
393,CENTER,255149,,PA ELASTIC CLEANCUT,"78% PA, 22% ELASTANE",163 - 168 cm.,158 - 163 cm.,130 - 135 g/m2,"3,000m.",100,499,M,All_colors,6,180,FOB Bangkok,,,Center price sheet,CENTER PRICE USD for internal,288,
394,CENTER,255149,,PA ELASTIC CLEANCUT,"78% PA, 22% ELASTANE",163 - 168 cm.,158 - 163 cm.,130 - 135 g/m2,"3,000m.",500,1500,M,PFE/PFD,4.66666666666667,140,FOB Bangkok,,,Center price sheet,CENTER PRICE USD for internal,289,
395,CENTER,255149,,PA ELASTIC CLEANCUT,"78% PA, 22% ELASTANE",163 - 168 cm.,158 - 163 cm.,130 - 135 g/m2,"3,000m.",500,1500,M,All_colors,5.16666666666667,155,FOB Bangkok,,,Center price sheet,CENTER PRICE USD for internal,289,
396,CENTER,255149,,PA ELASTIC CLEANCUT,"78% PA, 22% ELASTANE",163 - 168 cm.,158 - 163 cm.,130 - 135 g/m2,"3,000m.",1501,,M,PFE/PFD,4.5,135,FOB Bangkok,,,Center price sheet,CENTER PRICE USD for internal,290,
397,CENTER,255149,,PA ELASTIC CLEANCUT,"78% PA, 22% ELASTANE",163 - 168 cm.,158 - 163 cm.,130 - 135 g/m2,"3,000m.",1501,,M,All_colors,5,150,FOB Bangkok,,,Center price sheet,CENTER PRICE USD for internal,290,
398,CENTER,255152,,PES CHARMEUSE,100% PES,150 - 155 cm.,145 - 150 cm.,123 - 128 g/m2,"3,000m.",200,600,M,PFE/PFD,2.5,75,FOB Bangkok,,,Center price sheet,CENTER PRICE USD for internal,292,
399,CENTER,255152,,PES CHARMEUSE,100% PES,150 - 155 cm.,145 - 150 cm.,123 - 128 g/m2,"3,000m.",200,600,M,All_colors,3.16666666666667,95,FOB Bangkok,,,Center price sheet,CENTER PRICE USD for internal,292,
400,CENTER,255152,,PES CHARMEUSE,100% PES,150 - 155 cm.,145 - 150 cm.,123 - 128 g/m2,"3,000m.",601,2000,M,PFE/PFD,2.16666666666667,65,FOB Bangkok,,,Center price sheet,CENTER PRICE USD for internal,293,
401,CENTER,255152,,PES CHARMEUSE,100% PES,150 - 155 cm.,145 - 150 cm.,123 - 128 g/m2,"3,000m.",601,2000,M,All_colors,2.83333333333333,85,FOB Bangkok,,,Center price sheet,CENTER PRICE USD for internal,293,
402,CENTER,255152,,PES CHARMEUSE,100% PES,150 - 155 cm.,145 - 150 cm.,123 - 128 g/m2,"3,000m.",2001,5000,M,PFE/PFD,2,60,FOB Bangkok,,,Center price sheet,CENTER PRICE USD for internal,294,
403,CENTER,255152,,PES CHARMEUSE,100% PES,150 - 155 cm.,145 - 150 cm.,123 - 128 g/m2,"3,000m.",2001,5000,M,All_colors,2.66666666666667,80,FOB Bangkok,,,Center price sheet,CENTER PRICE USD for internal,294,
404,CENTER,255153,,PA ELASTIC CLEANCUT,"75 % PA, 25% ELASTANE",145 - 155 cm.,140 - 150 cm.,134 - 148 g/m2,"3,000m.",100,499,M,PFE/PFD,5.83333333333333,175,FOB Bangkok,,,Center price sheet,CENTER PRICE USD for internal,296,
405,CENTER,255153,,PA ELASTIC CLEANCUT,"75 % PA, 25% ELASTANE",145 - 155 cm.,140 - 150 cm.,134 - 148 g/m2,"3,000m.",100,499,M,All_colors,6.5,195,FOB Bangkok,,,Center price sheet,CENTER PRICE USD for internal,296,
406,CENTER,255153,,PA ELASTIC CLEANCUT,"75 % PA, 25% ELASTANE",145 - 155 cm.,140 - 150 cm.,134 - 148 g/m2,"3,000m.",500,1500,M,PFE/PFD,5.33333333333333,160,FOB Bangkok,,,Center price sheet,CENTER PRICE USD for internal,297,
407,CENTER,255153,,PA ELASTIC CLEANCUT,"75 % PA, 25% ELASTANE",145 - 155 cm.,140 - 150 cm.,134 - 148 g/m2,"3,000m.",500,1500,M,All_colors,5.83333333333333,175,FOB Bangkok,,,Center price sheet,CENTER PRICE USD for internal,297,
408,CENTER,255153,,PA ELASTIC CLEANCUT,"75 % PA, 25% ELASTANE",145 - 155 cm.,140 - 150 cm.,134 - 148 g/m2,"3,000m.",1501,,M,PFE/PFD,5,150,FOB Bangkok,,,Center price sheet,CENTER PRICE USD for internal,298,
409,CENTER,255153,,PA ELASTIC CLEANCUT,"75 % PA, 25% ELASTANE",145 - 155 cm.,140 - 150 cm.,134 - 148 g/m2,"3,000m.",1501,,M,All_colors,5.66666666666667,170,FOB Bangkok,,,Center price sheet,CENTER PRICE USD for internal,298,
410,CENTER,255156,,PA ELASTIC CLEANCUT,"65 % PA, 35% ELASTANE",170 - 175 cm.,165 - 170 cm.,177 - 182 g/m2,"3,000m.",100,499,M,PFE/PFD,7.16666666666667,215,FOB Bangkok,,,Center price sheet,CENTER PRICE USD for internal,300,
411,CENTER,255156,,PA ELASTIC CLEANCUT,"65 % PA, 35% ELASTANE",170 - 175 cm.,165 - 170 cm.,177 - 182 g/m2,"3,000m.",100,499,M,All_colors,8,240,FOB Bangkok,,,Center price sheet,CENTER PRICE USD for internal,300,
412,CENTER,255156,,PA ELASTIC CLEANCUT,"65 % PA, 35% ELASTANE",170 - 175 cm.,165 - 170 cm.,177 - 182 g/m2,"3,000m.",500,1500,M,PFE/PFD,6.33333333333333,190,FOB Bangkok,,,Center price sheet,CENTER PRICE USD for internal,301,
413,CENTER,255156,,PA ELASTIC CLEANCUT,"65 % PA, 35% ELASTANE",170 - 175 cm.,165 - 170 cm.,177 - 182 g/m2,"3,000m.",500,1500,M,All_colors,7,210,FOB Bangkok,,,Center price sheet,CENTER PRICE USD for internal,301,
414,CENTER,255156,,PA ELASTIC CLEANCUT,"65 % PA, 35% ELASTANE",170 - 175 cm.,165 - 170 cm.,177 - 182 g/m2,"3,000m.",1501,,M,PFE/PFD,6.16666666666667,185,FOB Bangkok,,,Center price sheet,CENTER PRICE USD for internal,302,
415,CENTER,255156,,PA ELASTIC CLEANCUT,"65 % PA, 35% ELASTANE",170 - 175 cm.,165 - 170 cm.,177 - 182 g/m2,"3,000m.",1501,,M,All_colors,6.83333333333333,205,FOB Bangkok,,,Center price sheet,CENTER PRICE USD for internal,302,
416,CENTER,255165,,TATTOO,100% PES,137 - 142 cm.,132 - 137 cm.,12 - 17 g/m2,"3,000m.",200,600,M,PFE/PFD,2.33333333333333,70,FOB Bangkok,,,Center price sheet,CENTER PRICE USD for internal,304,
417,CENTER,255165,,TATTOO,100% PES,137 - 142 cm.,132 - 137 cm.,12 - 17 g/m2,"3,000m.",200,600,M,All_colors,2.9,87,FOB Bangkok,,,Center price sheet,CENTER PRICE USD for internal,304,
418,CENTER,255165,,TATTOO,100% PES,137 - 142 cm.,132 - 137 cm.,12 - 17 g/m2,"3,000m.",601,2000,M,PFE/PFD,1.9,57,FOB Bangkok,,,Center price sheet,CENTER PRICE USD for internal,305,
419,CENTER,255165,,TATTOO,100% PES,137 - 142 cm.,132 - 137 cm.,12 - 17 g/m2,"3,000m.",601,2000,M,All_colors,2.5,75,FOB Bangkok,,,Center price sheet,CENTER PRICE USD for internal,305,
420,CENTER,255165,,TATTOO,100% PES,137 - 142 cm.,132 - 137 cm.,12 - 17 g/m2,"3,000m.",2001,5000,M,PFE/PFD,1.83333333333333,55,FOB Bangkok,,,Center price sheet,CENTER PRICE USD for internal,306,
421,CENTER,255165,,TATTOO,100% PES,137 - 142 cm.,132 - 137 cm.,12 - 17 g/m2,"3,000m.",2001,5000,M,All_colors,2.26666666666667,68,FOB Bangkok,,,Center price sheet,CENTER PRICE USD for internal,306,
422,CENTER,255167,,TATTOO,100% PA,152 - 157 cm.,147 - 152 cm.,15 - 20 g/m2,"3,000m.",200,600,M,PFE/PFD,1.93333333333333,58,FOB Bangkok,,,Center price sheet,CENTER PRICE USD for internal,308,
423,CENTER,255167,,TATTOO,100% PA,152 - 157 cm.,147 - 152 cm.,15 - 20 g/m2,"3,000m.",200,600,M,All_colors,2.53333333333333,76,FOB Bangkok,,,Center price sheet,CENTER PRICE USD for internal,308,
424,CENTER,255167,,TATTOO,100% PA,152 - 157 cm.,147 - 152 cm.,15 - 20 g/m2,"3,000m.",601,2000,M,PFE/PFD,1.56666666666667,47,FOB Bangkok,,,Center price sheet,CENTER PRICE USD for internal,309,
425,CENTER,255167,,TATTOO,100% PA,152 - 157 cm.,147 - 152 cm.,15 - 20 g/m2,"3,000m.",601,2000,M,All_colors,2.1,63,FOB Bangkok,,,Center price sheet,CENTER PRICE USD for internal,309,
426,CENTER,255167,,TATTOO,100% PA,152 - 157 cm.,147 - 152 cm.,15 - 20 g/m2,"3,000m.",2001,5000,M,PFE/PFD,1.5,45,FOB Bangkok,,,Center price sheet,CENTER PRICE USD for internal,310,
427,CENTER,255167,,TATTOO,100% PA,152 - 157 cm.,147 - 152 cm.,15 - 20 g/m2,"3,000m.",2001,5000,M,All_colors,1.9,57,FOB Bangkok,,,Center price sheet,CENTER PRICE USD for internal,310,
428,CENTER,255186,,PA MARQUISETTE BRIGHT,100% PA,148 - 158 cm.,143 - 152 cm.,46 - 52 g/m2,"3,000m.",200,600,M,PFE/PFD,2.1,63,FOB Bangkok,,,Center price sheet,CENTER PRICE USD for internal,312,
429,CENTER,255186,,PA MARQUISETTE BRIGHT,100% PA,148 - 158 cm.,143 - 152 cm.,46 - 52 g/m2,"3,000m.",200,600,M,All_colors,2.8,84,FOB Bangkok,,,Center price sheet,CENTER PRICE USD for internal,312,
430,CENTER,255186,,PA MARQUISETTE BRIGHT,100% PA,148 - 158 cm.,143 - 152 cm.,46 - 52 g/m2,"3,000m.",601,2000,M,PFE/PFD,1.83333333333333,55,FOB Bangkok,,,Center price sheet,CENTER PRICE USD for internal,313,
431,CENTER,255186,,PA MARQUISETTE BRIGHT,100% PA,148 - 158 cm.,143 - 152 cm.,46 - 52 g/m2,"3,000m.",601,2000,M,All_colors,2.06666666666667,62,FOB Bangkok,,,Center price sheet,CENTER PRICE USD for internal,313,
432,CENTER,255186,,PA MARQUISETTE BRIGHT,100% PA,148 - 158 cm.,143 - 152 cm.,46 - 52 g/m2,"3,000m.",2001,5000,M,PFE/PFD,1.66666666666667,50,FOB Bangkok,,,Center price sheet,CENTER PRICE USD for internal,314,
433,CENTER,255186,,PA MARQUISETTE BRIGHT,100% PA,148 - 158 cm.,143 - 152 cm.,46 - 52 g/m2,"3,000m.",2001,5000,M,All_colors,2,60,FOB Bangkok,,,Center price sheet,CENTER PRICE USD for internal,314,
434,CENTER,255193,,TERESA (Tattoo spandex),"86% PA, 14% ELASTANE",143 - 153 cm.,138 - 148 cm.,57 - 63 g/m2,"3,000m.",200,600,M,PFE/PFD,4.5,135,FOB Bangkok,,,Center price sheet,CENTER PRICE USD for internal,316,
435,CENTER,255193,,TERESA (Tattoo spandex),"86% PA, 14% ELASTANE",143 - 153 cm.,138 - 148 cm.,57 - 63 g/m2,"3,000m.",200,600,M,All_colors,5.16666666666667,155,FOB Bangkok,,,Center price sheet,CENTER PRICE USD for internal,316,
436,CENTER,255193,,TERESA (Tattoo spandex),"86% PA, 14% ELASTANE",143 - 153 cm.,138 - 148 cm.,57 - 63 g/m2,"3,000m.",601,2000,M,PFE/PFD,4.16666666666667,125,FOB Bangkok,,,Center price sheet,CENTER PRICE USD for internal,317,
437,CENTER,255193,,TERESA (Tattoo spandex),"86% PA, 14% ELASTANE",143 - 153 cm.,138 - 148 cm.,57 - 63 g/m2,"3,000m.",601,2000,M,All_colors,4.66666666666667,140,FOB Bangkok,,,Center price sheet,CENTER PRICE USD for internal,317,
438,CENTER,255193,,TERESA (Tattoo spandex),"86% PA, 14% ELASTANE",143 - 153 cm.,138 - 148 cm.,57 - 63 g/m2,"3,000m.",2001,5000,M,PFE/PFD,4,120,FOB Bangkok,,,Center price sheet,CENTER PRICE USD for internal,318,
439,CENTER,255193,,TERESA (Tattoo spandex),"86% PA, 14% ELASTANE",143 - 153 cm.,138 - 148 cm.,57 - 63 g/m2,"3,000m.",2001,5000,M,All_colors,4.5,135,FOB Bangkok,,,Center price sheet,CENTER PRICE USD for internal,318,
440,CENTER,255196,,PES TULLE STAR,100% PES,157 - 162 cm.,152 - 157 cm.,30 - 35 g/m2,"3,000m.",200,600,M,PFE/PFD,2.66666666666667,80,FOB Bangkok,,,Center price sheet,CENTER PRICE USD for internal,320,
441,CENTER,255196,,PES TULLE STAR,100% PES,157 - 162 cm.,152 - 157 cm.,30 - 35 g/m2,"3,000m.",200,600,M,All_colors,3.33333333333333,100,FOB Bangkok,,,Center price sheet,CENTER PRICE USD for internal,320,
442,CENTER,255196,,PES TULLE STAR,100% PES,157 - 162 cm.,152 - 157 cm.,30 - 35 g/m2,"3,000m.",601,2000,M,PFE/PFD,2.33333333333333,70,FOB Bangkok,,,Center price sheet,CENTER PRICE USD for internal,321,
443,CENTER,255196,,PES TULLE STAR,100% PES,157 - 162 cm.,152 - 157 cm.,30 - 35 g/m2,"3,000m.",601,2000,M,All_colors,2.83333333333333,85,FOB Bangkok,,,Center price sheet,CENTER PRICE USD for internal,321,
444,CENTER,255196,,PES TULLE STAR,100% PES,157 - 162 cm.,152 - 157 cm.,30 - 35 g/m2,"3,000m.",2001,5000,M,PFE/PFD,2.16666666666667,65,FOB Bangkok,,,Center price sheet,CENTER PRICE USD for internal,322,
445,CENTER,255196,,PES TULLE STAR,100% PES,157 - 162 cm.,152 - 157 cm.,30 - 35 g/m2,"3,000m.",2001,5000,M,All_colors,2.66666666666667,80,FOB Bangkok,,,Center price sheet,CENTER PRICE USD for internal,322,
446,CENTER,255204,,DOUBLE CHECK,100% PES,152 - 157 cm.,147 - 152 cm.,35 - 40 g/m2,"3,000m.",200,600,M,PFE/PFD,3.13333333333333,94,FOB Bangkok,,,Center price sheet,CENTER PRICE USD for internal,324,
447,CENTER,255204,,DOUBLE CHECK,100% PES,152 - 157 cm.,147 - 152 cm.,35 - 40 g/m2,"3,000m.",200,600,M,All_colors,3.73333333333333,112,FOB Bangkok,,,Center price sheet,CENTER PRICE USD for internal,324,
448,CENTER,255204,,DOUBLE CHECK,100% PES,152 - 157 cm.,147 - 152 cm.,35 - 40 g/m2,"3,000m.",601,2000,M,PFE/PFD,2.76666666666667,83,FOB Bangkok,,,Center price sheet,CENTER PRICE USD for internal,325,
449,CENTER,255204,,DOUBLE CHECK,100% PES,152 - 157 cm.,147 - 152 cm.,35 - 40 g/m2,"3,000m.",601,2000,M,All_colors,3.3,99,FOB Bangkok,,,Center price sheet,CENTER PRICE USD for internal,325,
450,CENTER,255204,,DOUBLE CHECK,100% PES,152 - 157 cm.,147 - 152 cm.,35 - 40 g/m2,"3,000m.",2001,5000,M,PFE/PFD,2.7,81,FOB Bangkok,,,Center price sheet,CENTER PRICE USD for internal,326,
451,CENTER,255204,,DOUBLE CHECK,100% PES,152 - 157 cm.,147 - 152 cm.,35 - 40 g/m2,"3,000m.",2001,5000,M,All_colors,3.1,93,FOB Bangkok,,,Center price sheet,CENTER PRICE USD for internal,326,
452,CENTER,255206,,Firming easyShape,"82% PA, 18% ELASTANE",147 - 152 cm.,142 - 147 cm.,170 - 175 g/m2,"3,000m.",500,999,M,PFE/PFD,11,330,FOB Bangkok,,,Center price sheet,CENTER PRICE USD for internal,328,
453,CENTER,255206,,Firming easyShape,"82% PA, 18% ELASTANE",147 - 152 cm.,142 - 147 cm.,170 - 175 g/m2,"3,000m.",500,999,M,All_colors,11.6666666666667,350,FOB Bangkok,,,Center price sheet,CENTER PRICE USD for internal,328,
454,CENTER,255206,,Firming easyShape,"82% PA, 18% ELASTANE",147 - 152 cm.,142 - 147 cm.,170 - 175 g/m2,"3,000m.",1000,1999,M,PFE/PFD,10.5,315,FOB Bangkok,,,Center price sheet,CENTER PRICE USD for internal,329,
455,CENTER,255206,,Firming easyShape,"82% PA, 18% ELASTANE",147 - 152 cm.,142 - 147 cm.,170 - 175 g/m2,"3,000m.",1000,1999,M,All_colors,11.1666666666667,335,FOB Bangkok,,,Center price sheet,CENTER PRICE USD for internal,329,
456,CENTER,255206,,Firming easyShape,"82% PA, 18% ELASTANE",147 - 152 cm.,142 - 147 cm.,170 - 175 g/m2,"3,000m.",2000,,M,PFE/PFD,10.1666666666667,305,FOB Bangkok,,,Center price sheet,CENTER PRICE USD for internal,330,
457,CENTER,255206,,Firming easyShape,"82% PA, 18% ELASTANE",147 - 152 cm.,142 - 147 cm.,170 - 175 g/m2,"3,000m.",2000,,M,All_colors,10.8333333333333,325,FOB Bangkok,,,Center price sheet,CENTER PRICE USD for internal,330,
458,CENTER,255207,,Anti oxidant easyShape,"82% PA, 18% ELASTANE",150 - 160 cm.,145 - 155 cm.,161 - 179 g/m2,"3,000m.",500,999,M,PFE/PFD,13.3333333333333,400,FOB Bangkok,,,Center price sheet,CENTER PRICE USD for internal,332,
459,CENTER,255207,,Anti oxidant easyShape,"82% PA, 18% ELASTANE",150 - 160 cm.,145 - 155 cm.,161 - 179 g/m2,"3,000m.",500,999,M,All_colors,14,420,FOB Bangkok,,,Center price sheet,CENTER PRICE USD for internal,332,
460,CENTER,255207,,Anti oxidant easyShape,"82% PA, 18% ELASTANE",150 - 160 cm.,145 - 155 cm.,161 - 179 g/m2,"3,000m.",1000,1999,M,PFE/PFD,12.6666666666667,380,FOB Bangkok,,,Center price sheet,CENTER PRICE USD for internal,333,
461,CENTER,255207,,Anti oxidant easyShape,"82% PA, 18% ELASTANE",150 - 160 cm.,145 - 155 cm.,161 - 179 g/m2,"3,000m.",1000,1999,M,All_colors,13.3333333333333,400,FOB Bangkok,,,Center price sheet,CENTER PRICE USD for internal,333,
462,CENTER,255207,,Anti oxidant easyShape,"82% PA, 18% ELASTANE",150 - 160 cm.,145 - 155 cm.,161 - 179 g/m2,"3,000m.",2000,,M,PFE/PFD,12.1666666666667,365,FOB Bangkok,,,Center price sheet,CENTER PRICE USD for internal,334,
463,CENTER,255207,,Anti oxidant easyShape,"82% PA, 18% ELASTANE",150 - 160 cm.,145 - 155 cm.,161 - 179 g/m2,"3,000m.",2000,,M,All_colors,12.8333333333333,385,FOB Bangkok,,,Center price sheet,CENTER PRICE USD for internal,334,
464,CENTER,255239,,PA UTRA INVISIBLE TULLE,100% PA,155 - 160 cm.,150 - 155 cm.,15 - 20 g/m2,"3,000m.",200,600,M,PFE/PFD,2.11166666666667,63.35,FOB Bangkok,,,Center price sheet,CENTER PRICE USD for internal,336,
465,CENTER,255239,,PA UTRA INVISIBLE TULLE,100% PA,155 - 160 cm.,150 - 155 cm.,15 - 20 g/m2,"3,000m.",200,600,M,All_colors,2.73333333333333,82,FOB Bangkok,,,Center price sheet,CENTER PRICE USD for internal,336,
466,CENTER,255239,,PA UTRA INVISIBLE TULLE,100% PA,155 - 160 cm.,150 - 155 cm.,15 - 20 g/m2,"3,000m.",601,2000,M,PFE/PFD,1.76666666666667,53,FOB Bangkok,,,Center price sheet,CENTER PRICE USD for internal,337,
467,CENTER,255239,,PA UTRA INVISIBLE TULLE,100% PA,155 - 160 cm.,150 - 155 cm.,15 - 20 g/m2,"3,000m.",601,2000,M,All_colors,2.26666666666667,68,FOB Bangkok,,,Center price sheet,CENTER PRICE USD for internal,337,
468,CENTER,255239,,PA UTRA INVISIBLE TULLE,100% PA,155 - 160 cm.,150 - 155 cm.,15 - 20 g/m2,"3,000m.",2001,5000,M,PFE/PFD,1.7,51,FOB Bangkok,,,Center price sheet,CENTER PRICE USD for internal,338,
469,CENTER,255239,,PA UTRA INVISIBLE TULLE,100% PA,155 - 160 cm.,150 - 155 cm.,15 - 20 g/m2,"3,000m.",2001,5000,M,All_colors,2.06666666666667,62,FOB Bangkok,,,Center price sheet,CENTER PRICE USD for internal,338,
470,CENTER,255247,,Firming easyShape,"47% PA, 53% ELASTANE",153 - 162 cm.,145 - 155 cm.,256 - 284 g/m2,"3,000m.",500,1500,M,PFE/PFD,17.8333333333333,535,FOB Bangkok,,,Center price sheet,CENTER PRICE USD for internal,340,
471,CENTER,255247,,Firming easyShape,"47% PA, 53% ELASTANE",153 - 162 cm.,145 - 155 cm.,256 - 284 g/m2,"3,000m.",500,1500,M,All_colors,19,570,FOB Bangkok,,,Center price sheet,CENTER PRICE USD for internal,340,
472,CENTER,255247,,Firming easyShape,"47% PA, 53% ELASTANE",153 - 162 cm.,145 - 155 cm.,256 - 284 g/m2,"3,000m.",1501,,M,PFE/PFD,17,510,FOB Bangkok,,,Center price sheet,CENTER PRICE USD for internal,341,
473,CENTER,255247,,Firming easyShape,"47% PA, 53% ELASTANE",153 - 162 cm.,145 - 155 cm.,256 - 284 g/m2,"3,000m.",1501,,M,All_colors,18.3333333333333,550,FOB Bangkok,,,Center price sheet,CENTER PRICE USD for internal,341,
474,CENTER,255251,,CO/PES MARQUISETTE,"74% CO, 26% PES",167 - 172 cm.,162 - 167 cm.,68 - 73 g/m2,"3,000m.",200,600,M,PFE/PFD,4.33,,FOB Bangkok,,,Center price sheet,CENTER PRICE USD for internal,343,
475,CENTER,255251,,CO/PES MARQUISETTE,"74% CO, 26% PES",167 - 172 cm.,162 - 167 cm.,68 - 73 g/m2,"3,000m.",200,600,M,All_colors,5.17,,FOB Bangkok,,,Center price sheet,CENTER PRICE USD for internal,343,
476,CENTER,255251,,CO/PES MARQUISETTE,"74% CO, 26% PES",167 - 172 cm.,162 - 167 cm.,68 - 73 g/m2,"3,000m.",601,2000,M,PFE/PFD,4.17,,FOB Bangkok,,,Center price sheet,CENTER PRICE USD for internal,344,
477,CENTER,255251,,CO/PES MARQUISETTE,"74% CO, 26% PES",167 - 172 cm.,162 - 167 cm.,68 - 73 g/m2,"3,000m.",601,2000,M,All_colors,5,,FOB Bangkok,,,Center price sheet,CENTER PRICE USD for internal,344,
478,CENTER,255251,,CO/PES MARQUISETTE,"74% CO, 26% PES",167 - 172 cm.,162 - 167 cm.,68 - 73 g/m2,"3,000m.",2001,5000,M,PFE/PFD,4,,FOB Bangkok,,,Center price sheet,CENTER PRICE USD for internal,345,
479,CENTER,255251,,CO/PES MARQUISETTE,"74% CO, 26% PES",167 - 172 cm.,162 - 167 cm.,68 - 73 g/m2,"3,000m.",2001,5000,M,All_colors,4.83,,FOB Bangkok,,,Center price sheet,CENTER PRICE USD for internal,345,
480,CENTER,255259,,Sarah,"50% PA, 50% ELASTANE",158 - 168 cm.,153 - 163 cm.,166 - 183 g/m2,"3,000m.",100,499,M,PFE/PFD,7.66666666666667,230,FOB Bangkok,,,Center price sheet,CENTER PRICE USD for internal,347,
481,CENTER,255259,,Sarah,"50% PA, 50% ELASTANE",158 - 168 cm.,153 - 163 cm.,166 - 183 g/m2,"3,000m.",100,499,M,All_colors,8.66666666666667,260,FOB Bangkok,,,Center price sheet,CENTER PRICE USD for internal,347,
482,CENTER,255259,,Sarah,"50% PA, 50% ELASTANE",158 - 168 cm.,153 - 163 cm.,166 - 183 g/m2,"3,000m.",500,1499,M,PFE/PFD,7,210,FOB Bangkok,,,Center price sheet,CENTER PRICE USD for internal,348,
483,CENTER,255259,,Sarah,"50% PA, 50% ELASTANE",158 - 168 cm.,153 - 163 cm.,166 - 183 g/m2,"3,000m.",500,1499,M,All_colors,7.83333333333333,235,FOB Bangkok,,,Center price sheet,CENTER PRICE USD for internal,348,
484,CENTER,255259,,Sarah,"50% PA, 50% ELASTANE",158 - 168 cm.,153 - 163 cm.,166 - 183 g/m2,"3,000m.",1500,,M,PFE/PFD,6.5,195,FOB Bangkok,,,Center price sheet,CENTER PRICE USD for internal,349,
485,CENTER,255259,,Sarah,"50% PA, 50% ELASTANE",158 - 168 cm.,153 - 163 cm.,166 - 183 g/m2,"3,000m.",1500,,M,All_colors,7.33333333333333,220,FOB Bangkok,,,Center price sheet,CENTER PRICE USD for internal,349,
486,CENTER,255260,,easyShape  (Super Soft),"65% PA, 35% ELASTANE",152-162cm,148 - 158 cm.,143-158g/m2,"3,000m.",100,499,M,PFE/PFD,6.5,195,FOB Bangkok,,,Center price sheet,CENTER PRICE USD for internal,351,
487,CENTER,255260,,easyShape  (Super Soft),"65% PA, 35% ELASTANE",152-162cm,148 - 158 cm.,143-158g/m2,"3,000m.",100,499,M,All_colors,7.16666666666667,215,FOB Bangkok,,,Center price sheet,CENTER PRICE USD for internal,351,
488,CENTER,255260,,easyShape  (Super Soft),"65% PA, 35% ELASTANE",152-162cm,148 - 158 cm.,143-158g/m2,"3,000m.",500,1499,M,PFE/PFD,5.66666666666667,170,FOB Bangkok,,,Center price sheet,CENTER PRICE USD for internal,352,
489,CENTER,255260,,easyShape  (Super Soft),"65% PA, 35% ELASTANE",152-162cm,148 - 158 cm.,143-158g/m2,"3,000m.",500,1499,M,All_colors,6.33333333333333,190,FOB Bangkok,,,Center price sheet,CENTER PRICE USD for internal,352,
490,CENTER,255260,,easyShape  (Super Soft),"65% PA, 35% ELASTANE",152-162cm,148 - 158 cm.,143-158g/m2,"3,000m.",1500,,M,PFE/PFD,5.33333333333333,160,FOB Bangkok,,,Center price sheet,CENTER PRICE USD for internal,353,
491,CENTER,255260,,easyShape  (Super Soft),"65% PA, 35% ELASTANE",152-162cm,148 - 158 cm.,143-158g/m2,"3,000m.",1500,,M,All_colors,6,180,FOB Bangkok,,,Center price sheet,CENTER PRICE USD for internal,353,
492,CENTER,255268,,FIONA,"75% PA, 25% ELASTANE",148 - 158 cm.,143 - 153 cm.,68 - 75 g/m2,"3,000m.",100,499,M,PFE/PFD,3.83333333333333,115,FOB Bangkok,,,Center price sheet,CENTER PRICE USD for internal,355,
493,CENTER,255268,,FIONA,"75% PA, 25% ELASTANE",148 - 158 cm.,143 - 153 cm.,68 - 75 g/m2,"3,000m.",100,499,M,All_colors,4.5,135,FOB Bangkok,,,Center price sheet,CENTER PRICE USD for internal,355,
494,CENTER,255268,,FIONA,"75% PA, 25% ELASTANE",148 - 158 cm.,143 - 153 cm.,68 - 75 g/m2,"3,000m.",500,1499,M,PFE/PFD,3.5,105,FOB Bangkok,,,Center price sheet,CENTER PRICE USD for internal,356,
495,CENTER,255268,,FIONA,"75% PA, 25% ELASTANE",148 - 158 cm.,143 - 153 cm.,68 - 75 g/m2,"3,000m.",500,1499,M,All_colors,4.16666666666667,125,FOB Bangkok,,,Center price sheet,CENTER PRICE USD for internal,356,
496,CENTER,255268,,FIONA,"75% PA, 25% ELASTANE",148 - 158 cm.,143 - 153 cm.,68 - 75 g/m2,"3,000m.",1500,,M,PFE/PFD,3.33333333333333,100,FOB Bangkok,,,Center price sheet,CENTER PRICE USD for internal,357,
497,CENTER,255268,,FIONA,"75% PA, 25% ELASTANE",148 - 158 cm.,143 - 153 cm.,68 - 75 g/m2,"3,000m.",1500,,M,All_colors,3.83333333333333,115,FOB Bangkok,,,Center price sheet,CENTER PRICE USD for internal,357,
498,CENTER,255271,,ELASTIC TULLE POINT,"75% PA, 25% ELASTANE",150 - 155 cm.,145 - 150 cm.,52 - 57 g/m2,"3,000m.",200,600,M,PFE/PFD,4.16666666666667,125,FOB Bangkok,,,Center price sheet,CENTER PRICE USD for internal,359,
499,CENTER,255271,,ELASTIC TULLE POINT,"75% PA, 25% ELASTANE",150 - 155 cm.,145 - 150 cm.,52 - 57 g/m2,"3,000m.",200,600,M,All_colors,4.83333333333333,145,FOB Bangkok,,,Center price sheet,CENTER PRICE USD for internal,359,
500,CENTER,255271,,ELASTIC TULLE POINT,"75% PA, 25% ELASTANE",150 - 155 cm.,145 - 150 cm.,52 - 57 g/m2,"3,000m.",601,2000,M,PFE/PFD,3.83333333333333,115,FOB Bangkok,,,Center price sheet,CENTER PRICE USD for internal,360,
501,CENTER,255271,,ELASTIC TULLE POINT,"75% PA, 25% ELASTANE",150 - 155 cm.,145 - 150 cm.,52 - 57 g/m2,"3,000m.",601,2000,M,All_colors,4.5,135,FOB Bangkok,,,Center price sheet,CENTER PRICE USD for internal,360,
502,CENTER,255271,,ELASTIC TULLE POINT,"75% PA, 25% ELASTANE",150 - 155 cm.,145 - 150 cm.,52 - 57 g/m2,"3,000m.",2001,5000,M,PFE/PFD,3.66666666666667,110,FOB Bangkok,,,Center price sheet,CENTER PRICE USD for internal,361,
503,CENTER,255271,,ELASTIC TULLE POINT,"75% PA, 25% ELASTANE",150 - 155 cm.,145 - 150 cm.,52 - 57 g/m2,"3,000m.",2001,5000,M,All_colors,4.33333333333333,130,FOB Bangkok,,,Center price sheet,CENTER PRICE USD for internal,361,
504,CENTER,255288,,ICE NET TATOO,100% PA,145-155cm,140 - 150 cm.,9-13 g/m2,"3,000m.",200,600,M,PFE/PFD,2,60,FOB Bangkok,,,Center price sheet,CENTER PRICE USD for internal,363,
505,CENTER,255288,,ICE NET TATOO,100% PA,145-155cm,140 - 150 cm.,9-13 g/m2,"3,000m.",200,600,M,All_colors,2.66666666666667,80,FOB Bangkok,,,Center price sheet,CENTER PRICE USD for internal,363,
506,CENTER,255288,,ICE NET TATOO,100% PA,145-155cm,140 - 150 cm.,9-13 g/m2,"3,000m.",601,2000,M,PFE/PFD,1.73333333333333,52,FOB Bangkok,,,Center price sheet,CENTER PRICE USD for internal,364,
507,CENTER,255288,,ICE NET TATOO,100% PA,145-155cm,140 - 150 cm.,9-13 g/m2,"3,000m.",601,2000,M,All_colors,2.2,66,FOB Bangkok,,,Center price sheet,CENTER PRICE USD for internal,364,
508,CENTER,255288,,ICE NET TATOO,100% PA,145-155cm,140 - 150 cm.,9-13 g/m2,"3,000m.",2001,5000,M,PFE/PFD,1.66666666666667,50,FOB Bangkok,,,Center price sheet,CENTER PRICE USD for internal,365,
509,CENTER,255288,,ICE NET TATOO,100% PA,145-155cm,140 - 150 cm.,9-13 g/m2,"3,000m.",2001,5000,M,All_colors,2,60,FOB Bangkok,,,Center price sheet,CENTER PRICE USD for internal,365,
510,CENTER,255273,,ELASTIC TULLE POINT,"80% PA, 20% ELASTANE",150 - 155 cm.,145 - 150 cm.,60 - 65 g/m2,"3,000m.",200,600,M,PFE/PFD,3.76666666666667,113,FOB Bangkok,,,Center price sheet,CENTER PRICE USD for internal,367,
511,CENTER,255273,,ELASTIC TULLE POINT,"80% PA, 20% ELASTANE",150 - 155 cm.,145 - 150 cm.,60 - 65 g/m2,"3,000m.",200,600,M,All_colors,4.33333333333333,130,FOB Bangkok,,,Center price sheet,CENTER PRICE USD for internal,367,
512,CENTER,255273,,ELASTIC TULLE POINT,"80% PA, 20% ELASTANE",150 - 155 cm.,145 - 150 cm.,60 - 65 g/m2,"3,000m.",601,2000,M,PFE/PFD,3.36666666666667,101,FOB Bangkok,,,Center price sheet,CENTER PRICE USD for internal,368,
513,CENTER,255273,,ELASTIC TULLE POINT,"80% PA, 20% ELASTANE",150 - 155 cm.,145 - 150 cm.,60 - 65 g/m2,"3,000m.",601,2000,M,All_colors,3.9,117,FOB Bangkok,,,Center price sheet,CENTER PRICE USD for internal,368,
514,CENTER,255273,,ELASTIC TULLE POINT,"80% PA, 20% ELASTANE",150 - 155 cm.,145 - 150 cm.,60 - 65 g/m2,"3,000m.",2001,5000,M,PFE/PFD,3.3,99,FOB Bangkok,,,Center price sheet,CENTER PRICE USD for internal,369,
515,CENTER,255273,,ELASTIC TULLE POINT,"80% PA, 20% ELASTANE",150 - 155 cm.,145 - 150 cm.,60 - 65 g/m2,"3,000m.",2001,5000,M,All_colors,3.8,114,FOB Bangkok,,,Center price sheet,CENTER PRICE USD for internal,369,
516,CENTER,255290,,easyShape,"83% PA, 17% ELASTANE",190-200cm,185 - 195 cm.,190-210g/m2,"3,000m.",50,99,M,PFE/PFD,8.33333333333333,250,FOB Bangkok,,,Center price sheet,CENTER PRICE USD for internal,371,
517,CENTER,255290,,easyShape,"83% PA, 17% ELASTANE",190-200cm,185 - 195 cm.,190-210g/m2,"3,000m.",50,99,M,All_colors,9.33333333333333,280,FOB Bangkok,,,Center price sheet,CENTER PRICE USD for internal,371,
518,CENTER,255290,,easyShape,"83% PA, 17% ELASTANE",190-200cm,185 - 195 cm.,190-210g/m2,"3,000m.",100,299,M,PFE/PFD,8.16666666666667,245,FOB Bangkok,,,Center price sheet,CENTER PRICE USD for internal,372,
519,CENTER,255290,,easyShape,"83% PA, 17% ELASTANE",190-200cm,185 - 195 cm.,190-210g/m2,"3,000m.",100,299,M,All_colors,9.16666666666667,275,FOB Bangkok,,,Center price sheet,CENTER PRICE USD for internal,372,
520,CENTER,255290,,easyShape,"83% PA, 17% ELASTANE",190-200cm,185 - 195 cm.,190-210g/m2,"3,000m.",300,1499,M,PFE/PFD,7,210,FOB Bangkok,,,Center price sheet,CENTER PRICE USD for internal,373,
521,CENTER,255290,,easyShape,"83% PA, 17% ELASTANE",190-200cm,185 - 195 cm.,190-210g/m2,"3,000m.",300,1499,M,All_colors,8,240,FOB Bangkok,,,Center price sheet,CENTER PRICE USD for internal,373,
522,CENTER,255290,,easyShape,"83% PA, 17% ELASTANE",190-200cm,185 - 195 cm.,190-210g/m2,"3,000m.",1500,,M,PFE/PFD,6.66666666666667,200,FOB Bangkok,,,Center price sheet,CENTER PRICE USD for internal,374,
523,CENTER,255290,,easyShape,"83% PA, 17% ELASTANE",190-200cm,185 - 195 cm.,190-210g/m2,"3,000m.",1500,,M,All_colors,7.66666666666667,230,FOB Bangkok,,,Center price sheet,CENTER PRICE USD for internal,374,
524,CENTER,255295,,HELINA,"70%PA, 30% ELASTANE",165-175cm,160 - 170 cm.,80-90g/m2,"3,000m.",200,600,M,PFE/PFD,5,150,FOB Bangkok,,,Center price sheet,CENTER PRICE USD for internal,376,
525,CENTER,255295,,HELINA,"70%PA, 30% ELASTANE",165-175cm,160 - 170 cm.,80-90g/m2,"3,000m.",200,600,M,All_colors,6,180,FOB Bangkok,,,Center price sheet,CENTER PRICE USD for internal,376,
526,CENTER,255295,,HELINA,"70%PA, 30% ELASTANE",165-175cm,160 - 170 cm.,80-90g/m2,"3,000m.",601,2000,M,PFE/PFD,4.66666666666667,140,FOB Bangkok,,,Center price sheet,CENTER PRICE USD for internal,377,
527,CENTER,255295,,HELINA,"70%PA, 30% ELASTANE",165-175cm,160 - 170 cm.,80-90g/m2,"3,000m.",601,2000,M,All_colors,5.66666666666667,170,FOB Bangkok,,,Center price sheet,CENTER PRICE USD for internal,377,
528,CENTER,255295,,HELINA,"70%PA, 30% ELASTANE",165-175cm,160 - 170 cm.,80-90g/m2,"3,000m.",2001,5000,M,PFE/PFD,4.5,135,FOB Bangkok,,,Center price sheet,CENTER PRICE USD for internal,378,
529,CENTER,255295,,HELINA,"70%PA, 30% ELASTANE",165-175cm,160 - 170 cm.,80-90g/m2,"3,000m.",2001,5000,M,All_colors,5.5,165,FOB Bangkok,,,Center price sheet,CENTER PRICE USD for internal,378,
530,CENTER,255305,,PES PIQUET,100% PES,150-160cm,145 - 155 cm.,33-37g/m2,"3,000m.",200,600,M,PFE/PFD,2.33333333333333,70,FOB Bangkok,,,Center price sheet,CENTER PRICE USD for internal,380,
531,CENTER,255305,,PES PIQUET,100% PES,150-160cm,145 - 155 cm.,33-37g/m2,"3,000m.",200,600,M,All_colors,2.9,87,FOB Bangkok,,,Center price sheet,CENTER PRICE USD for internal,380,
532,CENTER,255305,,PES PIQUET,100% PES,150-160cm,145 - 155 cm.,33-37g/m2,"3,000m.",601,2000,M,PFE/PFD,2,60,FOB Bangkok,,,Center price sheet,CENTER PRICE USD for internal,381,
533,CENTER,255305,,PES PIQUET,100% PES,150-160cm,145 - 155 cm.,33-37g/m2,"3,000m.",601,2000,M,All_colors,2.5,75,FOB Bangkok,,,Center price sheet,CENTER PRICE USD for internal,381,
534,CENTER,255305,,PES PIQUET,100% PES,150-160cm,145 - 155 cm.,33-37g/m2,"3,000m.",2001,5000,M,PFE/PFD,1.93333333333333,58,FOB Bangkok,,,Center price sheet,CENTER PRICE USD for internal,382,
535,CENTER,255305,,PES PIQUET,100% PES,150-160cm,145 - 155 cm.,33-37g/m2,"3,000m.",2001,5000,M,All_colors,2.33333333333333,70,FOB Bangkok,,,Center price sheet,CENTER PRICE USD for internal,382,
536,CENTER,255307,,PES TULLE SALOME,100%PES,153-163cm,148 - 158 cm.,33-37g/m2,"3,000m.",200,600,M,PFE/PFD,3.16666666666667,95,FOB Bangkok,,,Center price sheet,CENTER PRICE USD for internal,384,
537,CENTER,255307,,PES TULLE SALOME,100%PES,153-163cm,148 - 158 cm.,33-37g/m2,"3,000m.",200,600,M,All_colors,3.83333333333333,115,FOB Bangkok,,,Center price sheet,CENTER PRICE USD for internal,384,
538,CENTER,255307,,PES TULLE SALOME,100%PES,153-163cm,148 - 158 cm.,33-37g/m2,"3,000m.",601,2000,M,PFE/PFD,2.83333333333333,85,FOB Bangkok,,,Center price sheet,CENTER PRICE USD for internal,385,
539,CENTER,255307,,PES TULLE SALOME,100%PES,153-163cm,148 - 158 cm.,33-37g/m2,"3,000m.",601,2000,M,All_colors,3.33333333333333,100,FOB Bangkok,,,Center price sheet,CENTER PRICE USD for internal,385,
540,CENTER,255307,,PES TULLE SALOME,100%PES,153-163cm,148 - 158 cm.,33-37g/m2,"3,000m.",2001,5000,M,PFE/PFD,2.76666666666667,83,FOB Bangkok,,,Center price sheet,CENTER PRICE USD for internal,386,
541,CENTER,255307,,PES TULLE SALOME,100%PES,153-163cm,148 - 158 cm.,33-37g/m2,"3,000m.",2001,5000,M,All_colors,3.16666666666667,95,FOB Bangkok,,,Center price sheet,CENTER PRICE USD for internal,386,
542,CENTER,255310,,SANDRA,"85% PA, 15% ELASTANE",145 - 155 cm.,140 - 150 cm.,69 - 77 g/m2,"3,000m.",200,600,M,PFE/PFD,4,120,FOB Bangkok,,,Center price sheet,CENTER PRICE USD for internal,388,
543,CENTER,255310,,SANDRA,"85% PA, 15% ELASTANE",145 - 155 cm.,140 - 150 cm.,69 - 77 g/m2,"3,000m.",200,600,M,All_colors,4.66666666666667,140,FOB Bangkok,,,Center price sheet,CENTER PRICE USD for internal,388,
544,CENTER,255310,,SANDRA,"85% PA, 15% ELASTANE",145 - 155 cm.,140 - 150 cm.,69 - 77 g/m2,"3,000m.",601,2000,M,PFE/PFD,3.66666666666667,110,FOB Bangkok,,,Center price sheet,CENTER PRICE USD for internal,389,
545,CENTER,255310,,SANDRA,"85% PA, 15% ELASTANE",145 - 155 cm.,140 - 150 cm.,69 - 77 g/m2,"3,000m.",601,2000,M,All_colors,4.33333333333333,130,FOB Bangkok,,,Center price sheet,CENTER PRICE USD for internal,389,
546,CENTER,255310,,SANDRA,"85% PA, 15% ELASTANE",145 - 155 cm.,140 - 150 cm.,69 - 77 g/m2,"3,000m.",2001,5000,M,PFE/PFD,3.5,105,FOB Bangkok,,,Center price sheet,CENTER PRICE USD for internal,390,
547,CENTER,255310,,SANDRA,"85% PA, 15% ELASTANE",145 - 155 cm.,140 - 150 cm.,69 - 77 g/m2,"3,000m.",2001,5000,M,All_colors,4.16666666666667,125,FOB Bangkok,,,Center price sheet,CENTER PRICE USD for internal,390,
548,CENTER,255314,,PES INVISIBLE TULLE MONO,100% PES,153 - 163 cm.,148 - 158 cm.,18 - 23 g/m2,"3,000m.",200,600,M,PFE/PFD,1.5,45,FOB Bangkok,,,Center price sheet,CENTER PRICE USD for internal,392,
549,CENTER,255314,,PES INVISIBLE TULLE MONO,100% PES,153 - 163 cm.,148 - 158 cm.,18 - 23 g/m2,"3,000m.",200,600,M,All_colors,2,60,FOB Bangkok,,,Center price sheet,CENTER PRICE USD for internal,392,
550,CENTER,255314,,PES INVISIBLE TULLE MONO,100% PES,153 - 163 cm.,148 - 158 cm.,18 - 23 g/m2,"3,000m.",601,2000,M,PFE/PFD,1.33333333333333,40,FOB Bangkok,,,Center price sheet,CENTER PRICE USD for internal,393,
551,CENTER,255314,,PES INVISIBLE TULLE MONO,100% PES,153 - 163 cm.,148 - 158 cm.,18 - 23 g/m2,"3,000m.",601,2000,M,All_colors,1.66666666666667,50,FOB Bangkok,,,Center price sheet,CENTER PRICE USD for internal,393,
552,CENTER,255314,,PES INVISIBLE TULLE MONO,100% PES,153 - 163 cm.,148 - 158 cm.,18 - 23 g/m2,"3,000m.",2001,5000,M,PFE/PFD,1.16666666666667,35,FOB Bangkok,,,Center price sheet,CENTER PRICE USD for internal,394,
553,CENTER,255314,,PES INVISIBLE TULLE MONO,100% PES,153 - 163 cm.,148 - 158 cm.,18 - 23 g/m2,"3,000m.",2001,5000,M,All_colors,1.5,45,FOB Bangkok,,,Center price sheet,CENTER PRICE USD for internal,394,
554,CENTER,255315,,Cleo,"80% PES, 20% ELASTANE",148 - 158 cm.,143 - 153 cm.,62 - 68 g/m2,"3,000m.",200,600,M,PFE/PFD,3.83333333333333,115,FOB Bangkok,,,Center price sheet,CENTER PRICE USD for internal,396,
555,CENTER,255315,,Cleo,"80% PES, 20% ELASTANE",148 - 158 cm.,143 - 153 cm.,62 - 68 g/m2,"3,000m.",200,600,M,All_colors,4.5,135,FOB Bangkok,,,Center price sheet,CENTER PRICE USD for internal,396,
556,CENTER,255315,,Cleo,"80% PES, 20% ELASTANE",148 - 158 cm.,143 - 153 cm.,62 - 68 g/m2,"3,000m.",601,2000,M,PFE/PFD,3.5,105,FOB Bangkok,,,Center price sheet,CENTER PRICE USD for internal,397,
557,CENTER,255315,,Cleo,"80% PES, 20% ELASTANE",148 - 158 cm.,143 - 153 cm.,62 - 68 g/m2,"3,000m.",601,2000,M,All_colors,4.16666666666667,125,FOB Bangkok,,,Center price sheet,CENTER PRICE USD for internal,397,
558,CENTER,255315,,Cleo,"80% PES, 20% ELASTANE",148 - 158 cm.,143 - 153 cm.,62 - 68 g/m2,"3,000m.",2001,5000,M,PFE/PFD,3.33333333333333,100,FOB Bangkok,,,Center price sheet,CENTER PRICE USD for internal,398,
559,CENTER,255315,,Cleo,"80% PES, 20% ELASTANE",148 - 158 cm.,143 - 153 cm.,62 - 68 g/m2,"3,000m.",2001,5000,M,All_colors,4,120,FOB Bangkok,,,Center price sheet,CENTER PRICE USD for internal,398,
560,CENTER,255323,,ALICIA,"70% PA, 30% ELASTANE",158 - 168 cm.,153 - 158 cm.,256 - 284 g/m2,"3,000m.",400,,M,PFE/PFD,8.83333333333333,265,FOB Bangkok,,,Center price sheet,CENTER PRICE USD for internal,400,
561,CENTER,255323,,ALICIA,"70% PA, 30% ELASTANE",158 - 168 cm.,153 - 158 cm.,256 - 284 g/m2,"3,000m.",400,,M,All_colors,10.6666666666667,320,FOB Bangkok,,,Center price sheet,CENTER PRICE USD for internal,400,
562,CENTER,255323,,ALICIA,"70% PA, 30% ELASTANE",158 - 168 cm.,153 - 158 cm.,256 - 284 g/m2,"3,000m.",1001,2000,M,PFE/PFD,8.16666666666667,245,FOB Bangkok,,,Center price sheet,CENTER PRICE USD for internal,401,
563,CENTER,255323,,ALICIA,"70% PA, 30% ELASTANE",158 - 168 cm.,153 - 158 cm.,256 - 284 g/m2,"3,000m.",1001,2000,M,All_colors,10.3333333333333,310,FOB Bangkok,,,Center price sheet,CENTER PRICE USD for internal,401,
564,CENTER,255323,,ALICIA,"70% PA, 30% ELASTANE",158 - 168 cm.,153 - 158 cm.,256 - 284 g/m2,"3,000m.",2001,3000,M,PFE/PFD,7.83333333333333,235,FOB Bangkok,,,Center price sheet,CENTER PRICE USD for internal,402,
565,CENTER,255323,,ALICIA,"70% PA, 30% ELASTANE",158 - 168 cm.,153 - 158 cm.,256 - 284 g/m2,"3,000m.",2001,3000,M,All_colors,10,300,FOB Bangkok,,,Center price sheet,CENTER PRICE USD for internal,402,
566,CENTER,255326,,PATRICIA,"92% PES, 8% ELASTANE",147 - 157 cm.,142 - 152 cm.,97 - 108 g/m2,"3,000m.",200,600,M,PFE/PFD,3.33333333333333,100,FOB Bangkok,,,Center price sheet,CENTER PRICE USD for internal,404,
567,CENTER,255326,,PATRICIA,"92% PES, 8% ELASTANE",147 - 157 cm.,142 - 152 cm.,97 - 108 g/m2,"3,000m.",200,600,M,All_colors,4.16666666666667,125,FOB Bangkok,,,Center price sheet,CENTER PRICE USD for internal,404,
568,CENTER,255326,,PATRICIA,"92% PES, 8% ELASTANE",147 - 157 cm.,142 - 152 cm.,97 - 108 g/m2,"3,000m.",601,2000,M,PFE/PFD,3.16666666666667,95,FOB Bangkok,,,Center price sheet,CENTER PRICE USD for internal,405,
569,CENTER,255326,,PATRICIA,"92% PES, 8% ELASTANE",147 - 157 cm.,142 - 152 cm.,97 - 108 g/m2,"3,000m.",601,2000,M,All_colors,3.83333333333333,115,FOB Bangkok,,,Center price sheet,CENTER PRICE USD for internal,405,
570,CENTER,255326,,PATRICIA,"92% PES, 8% ELASTANE",147 - 157 cm.,142 - 152 cm.,97 - 108 g/m2,"3,000m.",2001,5000,M,PFE/PFD,3,90,FOB Bangkok,,,Center price sheet,CENTER PRICE USD for internal,406,
571,CENTER,255326,,PATRICIA,"92% PES, 8% ELASTANE",147 - 157 cm.,142 - 152 cm.,97 - 108 g/m2,"3,000m.",2001,5000,M,All_colors,3.66666666666667,110,FOB Bangkok,,,Center price sheet,CENTER PRICE USD for internal,406,
572,CENTER,255327,,WINONA,"80% PA, 20% ELASTANE",140 - 150 cm.,135 - 145 cm.,69 - 77 g/m2,"3,000m.",200,600,M,PFE/PFD,3.66666666666667,110,FOB Bangkok,,,Center price sheet,CENTER PRICE USD for internal,408,
573,CENTER,255327,,WINONA,"80% PA, 20% ELASTANE",140 - 150 cm.,135 - 145 cm.,69 - 77 g/m2,"3,000m.",200,600,M,All_colors,4.33333333333333,130,FOB Bangkok,,,Center price sheet,CENTER PRICE USD for internal,408,
574,CENTER,255327,,WINONA,"80% PA, 20% ELASTANE",140 - 150 cm.,135 - 145 cm.,69 - 77 g/m2,"3,000m.",601,2000,M,PFE/PFD,3.33333333333333,100,FOB Bangkok,,,Center price sheet,CENTER PRICE USD for internal,409,
575,CENTER,255327,,WINONA,"80% PA, 20% ELASTANE",140 - 150 cm.,135 - 145 cm.,69 - 77 g/m2,"3,000m.",601,2000,M,All_colors,3.83333333333333,115,FOB Bangkok,,,Center price sheet,CENTER PRICE USD for internal,409,
576,CENTER,255327,,WINONA,"80% PA, 20% ELASTANE",140 - 150 cm.,135 - 145 cm.,69 - 77 g/m2,"3,000m.",2001,5000,M,PFE/PFD,3.16666666666667,95,FOB Bangkok,,,Center price sheet,CENTER PRICE USD for internal,410,
577,CENTER,255327,,WINONA,"80% PA, 20% ELASTANE",140 - 150 cm.,135 - 145 cm.,69 - 77 g/m2,"3,000m.",2001,5000,M,All_colors,3.66666666666667,110,FOB Bangkok,,,Center price sheet,CENTER PRICE USD for internal,410,
578,CENTER,255330,,MIRACLE,"96% PA, 4% ELASTANE",148 - 158 cm.,143 - 153 cm.,100 - 110 g/m2,"3,000m.",200,600,M,PFE/PFD,4.16666666666667,125,FOB Bangkok,,,Center price sheet,CENTER PRICE USD for internal,412,
579,CENTER,255330,,MIRACLE,"96% PA, 4% ELASTANE",148 - 158 cm.,143 - 153 cm.,100 - 110 g/m2,"3,000m.",200,600,M,All_colors,5.16666666666667,155,FOB Bangkok,,,Center price sheet,CENTER PRICE USD for internal,412,
580,CENTER,255330,,MIRACLE,"96% PA, 4% ELASTANE",148 - 158 cm.,143 - 153 cm.,100 - 110 g/m2,"3,000m.",601,2000,M,PFE/PFD,4,120,FOB Bangkok,,,Center price sheet,CENTER PRICE USD for internal,413,
581,CENTER,255330,,MIRACLE,"96% PA, 4% ELASTANE",148 - 158 cm.,143 - 153 cm.,100 - 110 g/m2,"3,000m.",601,2000,M,All_colors,5,150,FOB Bangkok,,,Center price sheet,CENTER PRICE USD for internal,413,
582,CENTER,255330,,MIRACLE,"96% PA, 4% ELASTANE",148 - 158 cm.,143 - 153 cm.,100 - 110 g/m2,"3,000m.",2001,5000,M,PFE/PFD,3.83333333333333,115,FOB Bangkok,,,Center price sheet,CENTER PRICE USD for internal,414,
583,CENTER,255330,,MIRACLE,"96% PA, 4% ELASTANE",148 - 158 cm.,143 - 153 cm.,100 - 110 g/m2,"3,000m.",2001,5000,M,All_colors,4.66666666666667,140,FOB Bangkok,,,Center price sheet,CENTER PRICE USD for internal,414,
584,CENTER,255331,,MIRANDA,"92% PA, 8% ELASTANE",158 - 168 cm.,153 - 158 cm.,118 - 132 g/m2,"3,000m.",200,600,M,PFE/PFD,5,150,FOB Bangkok,,,Center price sheet,CENTER PRICE USD for internal,416,
585,CENTER,255331,,MIRANDA,"92% PA, 8% ELASTANE",158 - 168 cm.,153 - 158 cm.,118 - 132 g/m2,"3,000m.",200,600,M,All_colors,6,180,FOB Bangkok,,,Center price sheet,CENTER PRICE USD for internal,416,
586,CENTER,255331,,MIRANDA,"92% PA, 8% ELASTANE",158 - 168 cm.,153 - 158 cm.,118 - 132 g/m2,"3,000m.",601,2000,M,PFE/PFD,4.66666666666667,140,FOB Bangkok,,,Center price sheet,CENTER PRICE USD for internal,417,
587,CENTER,255331,,MIRANDA,"92% PA, 8% ELASTANE",158 - 168 cm.,153 - 158 cm.,118 - 132 g/m2,"3,000m.",601,2000,M,All_colors,5.66666666666667,170,FOB Bangkok,,,Center price sheet,CENTER PRICE USD for internal,417,
588,CENTER,255331,,MIRANDA,"92% PA, 8% ELASTANE",158 - 168 cm.,153 - 158 cm.,118 - 132 g/m2,"3,000m.",2001,5000,M,PFE/PFD,4.5,135,FOB Bangkok,,,Center price sheet,CENTER PRICE USD for internal,418,
589,CENTER,255331,,MIRANDA,"92% PA, 8% ELASTANE",158 - 168 cm.,153 - 158 cm.,118 - 132 g/m2,"3,000m.",2001,5000,M,All_colors,5.5,165,FOB Bangkok,,,Center price sheet,CENTER PRICE USD for internal,418,
590,CENTER,255332,,CLAUDIA,"80% PA, 20% ELASTANE",140 - 150 cm.,135 - 145 cm.,67 - 74 g/m2,"3,000m.",200,600,M,PFE/PFD,3.66666666666667,110,FOB Bangkok,,,Center price sheet,CENTER PRICE USD for internal,420,
591,CENTER,255332,,CLAUDIA,"80% PA, 20% ELASTANE",140 - 150 cm.,135 - 145 cm.,67 - 74 g/m2,"3,000m.",200,600,M,All_colors,4.33333333333333,130,FOB Bangkok,,,Center price sheet,CENTER PRICE USD for internal,420,
592,CENTER,255332,,CLAUDIA,"80% PA, 20% ELASTANE",140 - 150 cm.,135 - 145 cm.,67 - 74 g/m2,"3,000m.",601,2000,M,PFE/PFD,3.33333333333333,100,FOB Bangkok,,,Center price sheet,CENTER PRICE USD for internal,421,
593,CENTER,255332,,CLAUDIA,"80% PA, 20% ELASTANE",140 - 150 cm.,135 - 145 cm.,67 - 74 g/m2,"3,000m.",601,2000,M,All_colors,4,120,FOB Bangkok,,,Center price sheet,CENTER PRICE USD for internal,421,
594,CENTER,255332,,CLAUDIA,"80% PA, 20% ELASTANE",140 - 150 cm.,135 - 145 cm.,67 - 74 g/m2,"3,000m.",2001,5000,M,PFE/PFD,3.16666666666667,95,FOB Bangkok,,,Center price sheet,CENTER PRICE USD for internal,422,
595,CENTER,255332,,CLAUDIA,"80% PA, 20% ELASTANE",140 - 150 cm.,135 - 145 cm.,67 - 74 g/m2,"3,000m.",2001,5000,M,All_colors,3.83333333333333,115,FOB Bangkok,,,Center price sheet,CENTER PRICE USD for internal,422,
596,CENTER,255341,,TRINITY,"82% PA, 18% ELASTANE",165 - 175 cm,160 - 170 cm.,60 - 65 g/m2,"3,000m.",200,600,M,PFE/PFD,3.83333333333333,115,FOB Bangkok,,,Center price sheet,CENTER PRICE USD for internal,424,
597,CENTER,255341,,TRINITY,"82% PA, 18% ELASTANE",165 - 175 cm,160 - 170 cm.,60 - 65 g/m2,"3,000m.",200,600,M,All_colors,4.16666666666667,125,FOB Bangkok,,,Center price sheet,CENTER PRICE USD for internal,424,
598,CENTER,255341,,TRINITY,"82% PA, 18% ELASTANE",165 - 175 cm,160 - 170 cm.,60 - 65 g/m2,"3,000m.",601,2000,M,PFE/PFD,3.5,105,FOB Bangkok,,,Center price sheet,CENTER PRICE USD for internal,425,
599,CENTER,255341,,TRINITY,"82% PA, 18% ELASTANE",165 - 175 cm,160 - 170 cm.,60 - 65 g/m2,"3,000m.",601,2000,M,All_colors,3.83333333333333,115,FOB Bangkok,,,Center price sheet,CENTER PRICE USD for internal,425,
600,CENTER,255341,,TRINITY,"82% PA, 18% ELASTANE",165 - 175 cm,160 - 170 cm.,60 - 65 g/m2,"3,000m.",2001,5000,M,PFE/PFD,3.33333333333333,100,FOB Bangkok,,,Center price sheet,CENTER PRICE USD for internal,426,
601,CENTER,255341,,TRINITY,"82% PA, 18% ELASTANE",165 - 175 cm,160 - 170 cm.,60 - 65 g/m2,"3,000m.",2001,5000,M,All_colors,3.66666666666667,110,FOB Bangkok,,,Center price sheet,CENTER PRICE USD for internal,426,
602,CENTER,255342,,CATHY,"67% PA, 33% CO",150 - 160 cm.,145 - 155 cm.,102 - 113 g/m2,"3,000m.",200,600,M,PFE/PFD,4,120,FOB Bangkok,,,Center price sheet,CENTER PRICE USD for internal,428,
603,CENTER,255342,,CATHY,"67% PA, 33% CO",150 - 160 cm.,145 - 155 cm.,102 - 113 g/m2,"3,000m.",200,600,M,All_colors,4.66666666666667,140,FOB Bangkok,,,Center price sheet,CENTER PRICE USD for internal,428,
604,CENTER,255342,,CATHY,"67% PA, 33% CO",150 - 160 cm.,145 - 155 cm.,102 - 113 g/m2,"3,000m.",601,2000,M,PFE/PFD,3.83333333333333,115,FOB Bangkok,,,Center price sheet,CENTER PRICE USD for internal,429,
605,CENTER,255342,,CATHY,"67% PA, 33% CO",150 - 160 cm.,145 - 155 cm.,102 - 113 g/m2,"3,000m.",601,2000,M,All_colors,4.33333333333333,130,FOB Bangkok,,,Center price sheet,CENTER PRICE USD for internal,429,
606,CENTER,255342,,CATHY,"67% PA, 33% CO",150 - 160 cm.,145 - 155 cm.,102 - 113 g/m2,"3,000m.",2001,5000,M,PFE/PFD,3.33333333333333,100,FOB Bangkok,,,Center price sheet,CENTER PRICE USD for internal,430,
607,CENTER,255342,,CATHY,"67% PA, 33% CO",150 - 160 cm.,145 - 155 cm.,102 - 113 g/m2,"3,000m.",2001,5000,M,All_colors,4.16666666666667,125,FOB Bangkok,,,Center price sheet,CENTER PRICE USD for internal,430,
608,CENTER,255345,,TAMMY,"70% PA, 30% ELASTANE",170 - 180 cm.,165 - 175 cm.,110 - 120 g/m2,"3,000m.",200,600,M,PFE/PFD,5.66666666666667,170,FOB Bangkok,,,Center price sheet,CENTER PRICE USD for internal,432,
609,CENTER,255345,,TAMMY,"70% PA, 30% ELASTANE",170 - 180 cm.,165 - 175 cm.,110 - 120 g/m2,"3,000m.",200,600,M,All_colors,6.5,195,FOB Bangkok,,,Center price sheet,CENTER PRICE USD for internal,432,
610,CENTER,255345,,TAMMY,"70% PA, 30% ELASTANE",170 - 180 cm.,165 - 175 cm.,110 - 120 g/m2,"3,000m.",601,2000,M,PFE/PFD,5.33333333333333,160,FOB Bangkok,,,Center price sheet,CENTER PRICE USD for internal,433,
611,CENTER,255345,,TAMMY,"70% PA, 30% ELASTANE",170 - 180 cm.,165 - 175 cm.,110 - 120 g/m2,"3,000m.",601,2000,M,All_colors,6.33333333333333,190,FOB Bangkok,,,Center price sheet,CENTER PRICE USD for internal,433,
612,CENTER,255345,,TAMMY,"70% PA, 30% ELASTANE",170 - 180 cm.,165 - 175 cm.,110 - 120 g/m2,"3,000m.",2001,5000,M,PFE/PFD,5.16666666666667,155,FOB Bangkok,,,Center price sheet,CENTER PRICE USD for internal,434,
613,CENTER,255345,,TAMMY,"70% PA, 30% ELASTANE",170 - 180 cm.,165 - 175 cm.,110 - 120 g/m2,"3,000m.",2001,5000,M,All_colors,6,180,FOB Bangkok,,,Center price sheet,CENTER PRICE USD for internal,434,
614,CENTER,255346,,DULCE,"80% PA, 20% ELASTANE",145 - 155 cm.,140 - 150 cm.,57 - 63 g/m2,"3,000m.",200,600,M,PFE/PFD,3.33333333333333,100,FOB Bangkok,,,Center price sheet,CENTER PRICE USD for internal,436,
615,CENTER,255346,,DULCE,"80% PA, 20% ELASTANE",145 - 155 cm.,140 - 150 cm.,57 - 63 g/m2,"3,000m.",200,600,M,All_colors,3.83333333333333,115,FOB Bangkok,,,Center price sheet,CENTER PRICE USD for internal,436,
616,CENTER,255346,,DULCE,"80% PA, 20% ELASTANE",145 - 155 cm.,140 - 150 cm.,57 - 63 g/m2,"3,000m.",601,2000,M,PFE/PFD,3.16666666666667,95,FOB Bangkok,,,Center price sheet,CENTER PRICE USD for internal,437,
617,CENTER,255346,,DULCE,"80% PA, 20% ELASTANE",145 - 155 cm.,140 - 150 cm.,57 - 63 g/m2,"3,000m.",601,2000,M,All_colors,3.33333333333333,100,FOB Bangkok,,,Center price sheet,CENTER PRICE USD for internal,437,
618,CENTER,255346,,DULCE,"80% PA, 20% ELASTANE",145 - 155 cm.,140 - 150 cm.,57 - 63 g/m2,"3,000m.",2001,5000,M,PFE/PFD,3,90,FOB Bangkok,,,Center price sheet,CENTER PRICE USD for internal,438,
619,CENTER,255346,,DULCE,"80% PA, 20% ELASTANE",145 - 155 cm.,140 - 150 cm.,57 - 63 g/m2,"3,000m.",2001,5000,M,All_colors,3.26666666666667,98,FOB Bangkok,,,Center price sheet,CENTER PRICE USD for internal,438,
620,CENTER,255347,,DAISY,"79% PES, 21% ELASTANE",148 - 158 cm.,143 - 153 cm.,40 - 45 g/m2,"3,000m.",200,600,M,PFE/PFD,3.66666666666667,110,FOB Bangkok,,,Center price sheet,CENTER PRICE USD for internal,440,
621,CENTER,255347,,DAISY,"79% PES, 21% ELASTANE",148 - 158 cm.,143 - 153 cm.,40 - 45 g/m2,"3,000m.",200,600,M,All_colors,4.33333333333333,130,FOB Bangkok,,,Center price sheet,CENTER PRICE USD for internal,440,
622,CENTER,255347,,DAISY,"79% PES, 21% ELASTANE",148 - 158 cm.,143 - 153 cm.,40 - 45 g/m2,"3,000m.",601,2000,M,PFE/PFD,3.33333333333333,100,FOB Bangkok,,,Center price sheet,CENTER PRICE USD for internal,441,
623,CENTER,255347,,DAISY,"79% PES, 21% ELASTANE",148 - 158 cm.,143 - 153 cm.,40 - 45 g/m2,"3,000m.",601,2000,M,All_colors,3.83333333333333,115,FOB Bangkok,,,Center price sheet,CENTER PRICE USD for internal,441,
624,CENTER,255347,,DAISY,"79% PES, 21% ELASTANE",148 - 158 cm.,143 - 153 cm.,40 - 45 g/m2,"3,000m.",2001,5000,M,PFE/PFD,3.16666666666667,95,FOB Bangkok,,,Center price sheet,CENTER PRICE USD for internal,442,
625,CENTER,255347,,DAISY,"79% PES, 21% ELASTANE",148 - 158 cm.,143 - 153 cm.,40 - 45 g/m2,"3,000m.",2001,5000,M,All_colors,3.66666666666667,110,FOB Bangkok,,,Center price sheet,CENTER PRICE USD for internal,442,
626,CENTER,255350,,DOLLY,"76% PA, 24% ELASTANE",150 - 160 cm.,145 - 155 cm.,95 - 105 g/m2,"3,000m.",200,600,M,PFE/PFD,6.66666666666667,200,FOB Bangkok,,,Center price sheet,CENTER PRICE USD for internal,444,
627,CENTER,255350,,DOLLY,"76% PA, 24% ELASTANE",150 - 160 cm.,145 - 155 cm.,95 - 105 g/m2,"3,000m.",200,600,M,All_colors,7,210,FOB Bangkok,,,Center price sheet,CENTER PRICE USD for internal,444,
628,CENTER,255350,,DOLLY,"76% PA, 24% ELASTANE",150 - 160 cm.,145 - 155 cm.,95 - 105 g/m2,"3,000m.",601,2000,M,PFE/PFD,6.16666666666667,185,FOB Bangkok,,,Center price sheet,CENTER PRICE USD for internal,445,
629,CENTER,255350,,DOLLY,"76% PA, 24% ELASTANE",150 - 160 cm.,145 - 155 cm.,95 - 105 g/m2,"3,000m.",601,2000,M,All_colors,6.56666666666667,197,FOB Bangkok,,,Center price sheet,CENTER PRICE USD for internal,445,
630,CENTER,255350,,DOLLY,"76% PA, 24% ELASTANE",150 - 160 cm.,145 - 155 cm.,95 - 105 g/m2,"3,000m.",2001,5000,M,PFE/PFD,6,180,FOB Bangkok,,,Center price sheet,CENTER PRICE USD for internal,446,
631,CENTER,255350,,DOLLY,"76% PA, 24% ELASTANE",150 - 160 cm.,145 - 155 cm.,95 - 105 g/m2,"3,000m.",2001,5000,M,All_colors,6.33333333333333,190,FOB Bangkok,,,Center price sheet,CENTER PRICE USD for internal,446,
632,CENTER,255351,,DIANE,"77% PA, 23% ELASTANE",150 - 160 cm.,145 - 155 cm,95 - 105 g/m2,"3,000m.",200,600,M,PFE/PFD,6.66666666666667,200,FOB Bangkok,,,Center price sheet,CENTER PRICE USD for internal,448,
633,CENTER,255351,,DIANE,"77% PA, 23% ELASTANE",150 - 160 cm.,145 - 155 cm,95 - 105 g/m2,"3,000m.",200,600,M,All_colors,7,210,FOB Bangkok,,,Center price sheet,CENTER PRICE USD for internal,448,
634,CENTER,255351,,DIANE,"77% PA, 23% ELASTANE",150 - 160 cm.,145 - 155 cm,95 - 105 g/m2,"3,000m.",601,2000,M,PFE/PFD,6.16666666666667,185,FOB Bangkok,,,Center price sheet,CENTER PRICE USD for internal,449,
635,CENTER,255351,,DIANE,"77% PA, 23% ELASTANE",150 - 160 cm.,145 - 155 cm,95 - 105 g/m2,"3,000m.",601,2000,M,All_colors,6.56666666666667,197,FOB Bangkok,,,Center price sheet,CENTER PRICE USD for internal,449,
636,CENTER,255351,,DIANE,"77% PA, 23% ELASTANE",150 - 160 cm.,145 - 155 cm,95 - 105 g/m2,"3,000m.",2001,5000,M,PFE/PFD,6,180,FOB Bangkok,,,Center price sheet,CENTER PRICE USD for internal,450,
637,CENTER,255351,,DIANE,"77% PA, 23% ELASTANE",150 - 160 cm.,145 - 155 cm,95 - 105 g/m2,"3,000m.",2001,5000,M,All_colors,6.33333333333333,190,FOB Bangkok,,,Center price sheet,CENTER PRICE USD for internal,450,
638,CENTER,255363,,PA VOILE BRIGHT,100% PA,150 - 160 cm.,145 - 155 cm.,18 - 23 g/m2,"3,000m.",200,600,M,PFE/PFD,2,60,FOB Bangkok,,,Center price sheet,CENTER PRICE USD for internal,452,
639,CENTER,255363,,PA VOILE BRIGHT,100% PA,150 - 160 cm.,145 - 155 cm.,18 - 23 g/m2,"3,000m.",200,600,M,All_colors,2.5,75,FOB Bangkok,,,Center price sheet,CENTER PRICE USD for internal,452,
640,CENTER,255363,,PA VOILE BRIGHT,100% PA,150 - 160 cm.,145 - 155 cm.,18 - 23 g/m2,"3,000m.",601,2000,M,PFE/PFD,1.66666666666667,50,FOB Bangkok,,,Center price sheet,CENTER PRICE USD for internal,453,
641,CENTER,255363,,PA VOILE BRIGHT,100% PA,150 - 160 cm.,145 - 155 cm.,18 - 23 g/m2,"3,000m.",601,2000,M,All_colors,2.16666666666667,65,FOB Bangkok,,,Center price sheet,CENTER PRICE USD for internal,453,
642,CENTER,255363,,PA VOILE BRIGHT,100% PA,150 - 160 cm.,145 - 155 cm.,18 - 23 g/m2,"3,000m.",2001,5000,M,PFE/PFD,1.6,48,FOB Bangkok,,,Center price sheet,CENTER PRICE USD for internal,454,
643,CENTER,255363,,PA VOILE BRIGHT,100% PA,150 - 160 cm.,145 - 155 cm.,18 - 23 g/m2,"3,000m.",2001,5000,M,All_colors,2,60,FOB Bangkok,,,Center price sheet,CENTER PRICE USD for internal,454,
644,CENTER,255364,,COTTON SIGSAG,"62% PA, 38% CO",160 - 170 cm.,155 - 165 cm.,34 - 38 g/m2,"3,000m.",200,600,M,PFE/PFD,3.33333333333333,100,FOB Bangkok,,,Center price sheet,CENTER PRICE USD for internal,456,
645,CENTER,255364,,COTTON SIGSAG,"62% PA, 38% CO",160 - 170 cm.,155 - 165 cm.,34 - 38 g/m2,"3,000m.",200,600,M,All_colors,4.16666666666667,125,FOB Bangkok,,,Center price sheet,CENTER PRICE USD for internal,456,
646,CENTER,255364,,COTTON SIGSAG,"62% PA, 38% CO",160 - 170 cm.,155 - 165 cm.,34 - 38 g/m2,"3,000m.",601,2000,M,PFE/PFD,3.16666666666667,95,FOB Bangkok,,,Center price sheet,CENTER PRICE USD for internal,457,
647,CENTER,255364,,COTTON SIGSAG,"62% PA, 38% CO",160 - 170 cm.,155 - 165 cm.,34 - 38 g/m2,"3,000m.",601,2000,M,All_colors,3.83333333333333,115,FOB Bangkok,,,Center price sheet,CENTER PRICE USD for internal,457,
648,CENTER,255364,,COTTON SIGSAG,"62% PA, 38% CO",160 - 170 cm.,155 - 165 cm.,34 - 38 g/m2,"3,000m.",2001,5000,M,PFE/PFD,2.83333333333333,85,FOB Bangkok,,,Center price sheet,CENTER PRICE USD for internal,458,
649,CENTER,255364,,COTTON SIGSAG,"62% PA, 38% CO",160 - 170 cm.,155 - 165 cm.,34 - 38 g/m2,"3,000m.",2001,5000,M,All_colors,3.66666666666667,110,FOB Bangkok,,,Center price sheet,CENTER PRICE USD for internal,458,
650,CENTER,255367,,PES MARQUISETTE MONO,100 % PES,145 - 155 cm.,140 - 150 cm.,40 - 45 g/m2,"3,000m.",200,600,M,PFE/PFD,1.5,45,FOB Bangkok,,,Center price sheet,CENTER PRICE USD for internal,460,
651,CENTER,255367,,PES MARQUISETTE MONO,100 % PES,145 - 155 cm.,140 - 150 cm.,40 - 45 g/m2,"3,000m.",200,600,M,All_colors,2,60,FOB Bangkok,,,Center price sheet,CENTER PRICE USD for internal,460,
652,CENTER,255367,,PES MARQUISETTE MONO,100 % PES,145 - 155 cm.,140 - 150 cm.,40 - 45 g/m2,"3,000m.",601,2000,M,PFE/PFD,1.33333333333333,40,FOB Bangkok,,,Center price sheet,CENTER PRICE USD for internal,461,
653,CENTER,255367,,PES MARQUISETTE MONO,100 % PES,145 - 155 cm.,140 - 150 cm.,40 - 45 g/m2,"3,000m.",601,2000,M,All_colors,1.5,45,FOB Bangkok,,,Center price sheet,CENTER PRICE USD for internal,461,
654,CENTER,255367,,PES MARQUISETTE MONO,100 % PES,145 - 155 cm.,140 - 150 cm.,40 - 45 g/m2,"3,000m.",2001,5000,M,PFE/PFD,1.16666666666667,35,FOB Bangkok,,,Center price sheet,CENTER PRICE USD for internal,462,
655,CENTER,255367,,PES MARQUISETTE MONO,100 % PES,145 - 155 cm.,140 - 150 cm.,40 - 45 g/m2,"3,000m.",2001,5000,M,All_colors,1.33333333333333,40,FOB Bangkok,,,Center price sheet,CENTER PRICE USD for internal,462,
656,CENTER,255378,,EFFIE,"83% PES, 17% ELASTANE",180 - 190 cm.,175 - 185 cm.,137 - 147 g/m2,"3,000m.",500,,M,PFE/PFD,4,120,FOB Bangkok,,,Center price sheet,CENTER PRICE USD for internal,464,
657,CENTER,255378,,EFFIE,"83% PES, 17% ELASTANE",180 - 190 cm.,175 - 185 cm.,137 - 147 g/m2,"3,000m.",500,,M,All_colors,4.83333333333333,145,FOB Bangkok,,,Center price sheet,CENTER PRICE USD for internal,464,
658,CENTER,255378,,EFFIE,"83% PES, 17% ELASTANE",180 - 190 cm.,175 - 185 cm.,137 - 147 g/m2,"3,000m.",1000,,M,PFE/PFD,3.66666666666667,110,FOB Bangkok,,,Center price sheet,CENTER PRICE USD for internal,465,
659,CENTER,255378,,EFFIE,"83% PES, 17% ELASTANE",180 - 190 cm.,175 - 185 cm.,137 - 147 g/m2,"3,000m.",1000,,M,All_colors,4.66666666666667,140,FOB Bangkok,,,Center price sheet,CENTER PRICE USD for internal,465,
660,CENTER,255387,,FLORENCE,"68% PA, 32% ELASTANE",165 - 175 cm.,160 - 170 cm.,161 - 179 g/m2,"3,000m.",500,,M,PFE/PFD,5.66666666666667,170,FOB Bangkok,,,Center price sheet,CENTER PRICE USD for internal,467,
661,CENTER,255387,,FLORENCE,"68% PA, 32% ELASTANE",165 - 175 cm.,160 - 170 cm.,161 - 179 g/m2,"3,000m.",500,,M,All_colors,6.5,195,FOB Bangkok,,,Center price sheet,CENTER PRICE USD for internal,467,
662,CENTER,255387,,FLORENCE,"68% PA, 32% ELASTANE",165 - 175 cm.,160 - 170 cm.,161 - 179 g/m2,"3,000m.",1000,,M,PFE/PFD,5.5,165,FOB Bangkok,,,Center price sheet,CENTER PRICE USD for internal,468,
663,CENTER,255387,,FLORENCE,"68% PA, 32% ELASTANE",165 - 175 cm.,160 - 170 cm.,161 - 179 g/m2,"3,000m.",1000,,M,All_colors,6.16666666666667,185,FOB Bangkok,,,Center price sheet,CENTER PRICE USD for internal,468,
664,CENTER,255396,,EVA,"36%PA,26%CO,38%ELASTANE",150 - 160 cm,145 - 155 cm,120- 134 g/m2,"3,000m.",200,600,M,PFE/PFD,6.16666666666667,185,FOB Bangkok,,,Center price sheet,CENTER PRICE USD for internal,470,
665,CENTER,255396,,EVA,"36%PA,26%CO,38%ELASTANE",150 - 160 cm,145 - 155 cm,120- 134 g/m2,"3,000m.",200,600,M,All_colors,6.66666666666667,200,FOB Bangkok,,,Center price sheet,CENTER PRICE USD for internal,470,
666,CENTER,255396,,EVA,"36%PA,26%CO,38%ELASTANE",150 - 160 cm,145 - 155 cm,120- 134 g/m2,"3,000m.",601,2000,M,PFE/PFD,5.83333333333333,175,FOB Bangkok,,,Center price sheet,CENTER PRICE USD for internal,471,
667,CENTER,255396,,EVA,"36%PA,26%CO,38%ELASTANE",150 - 160 cm,145 - 155 cm,120- 134 g/m2,"3,000m.",601,2000,M,All_colors,6.33333333333333,190,FOB Bangkok,,,Center price sheet,CENTER PRICE USD for internal,471,
668,CENTER,255396,,EVA,"36%PA,26%CO,38%ELASTANE",150 - 160 cm,145 - 155 cm,120- 134 g/m2,"3,000m.",2001,5000,M,PFE/PFD,5.66666666666667,170,FOB Bangkok,,,Center price sheet,CENTER PRICE USD for internal,472,
669,CENTER,255396,,EVA,"36%PA,26%CO,38%ELASTANE",150 - 160 cm,145 - 155 cm,120- 134 g/m2,"3,000m.",2001,5000,M,All_colors,6.16666666666667,185,FOB Bangkok,,,Center price sheet,CENTER PRICE USD for internal,472,
670,CENTER,255399,,DIAMOND,"76% PA, 24% ELASTANE",150 - 160 cm.,145 - 155 cm.,95 - 105 g/m2,"3,000m.",200,600,M,PFE/PFD,5,150,FOB Bangkok,,,Center price sheet,CENTER PRICE USD for internal,474,
671,CENTER,255399,,DIAMOND,"76% PA, 24% ELASTANE",150 - 160 cm.,145 - 155 cm.,95 - 105 g/m2,"3,000m.",200,600,M,All_colors,5.66666666666667,170,FOB Bangkok,,,Center price sheet,CENTER PRICE USD for internal,474,
672,CENTER,255399,,DIAMOND,"76% PA, 24% ELASTANE",150 - 160 cm.,145 - 155 cm.,95 - 105 g/m2,"3,000m.",601,2000,M,PFE/PFD,4.83333333333333,145,FOB Bangkok,,,Center price sheet,CENTER PRICE USD for internal,475,
673,CENTER,255399,,DIAMOND,"76% PA, 24% ELASTANE",150 - 160 cm.,145 - 155 cm.,95 - 105 g/m2,"3,000m.",601,2000,M,All_colors,5.33333333333333,160,FOB Bangkok,,,Center price sheet,CENTER PRICE USD for internal,475,
674,CENTER,255399,,DIAMOND,"76% PA, 24% ELASTANE",150 - 160 cm.,145 - 155 cm.,95 - 105 g/m2,"3,000m.",2001,5000,M,PFE/PFD,4.66666666666667,140,FOB Bangkok,,,Center price sheet,CENTER PRICE USD for internal,476,
675,CENTER,255399,,DIAMOND,"76% PA, 24% ELASTANE",150 - 160 cm.,145 - 155 cm.,95 - 105 g/m2,"3,000m.",2001,5000,M,All_colors,5.16666666666667,155,FOB Bangkok,,,Center price sheet,CENTER PRICE USD for internal,476,
676,CENTER,255410,,SNOW,"55% PA, 45% ELASTANE",155- 165 cm,150- 160 cm,115- 128g/m2,"3,000m.",500,,M,PFE/PFD,11.3333333333333,340,FOB Bangkok,,,Center price sheet,CENTER PRICE USD for internal,478,
677,CENTER,255410,,SNOW,"55% PA, 45% ELASTANE",155- 165 cm,150- 160 cm,115- 128g/m2,"3,000m.",500,,M,All_colors,12,360,FOB Bangkok,,,Center price sheet,CENTER PRICE USD for internal,478,
678,CENTER,255410,,SNOW,"55% PA, 45% ELASTANE",155- 165 cm,150- 160 cm,115- 128g/m2,"3,000m.",1000,,M,PFE/PFD,10.6666666666667,320,FOB Bangkok,,,Center price sheet,CENTER PRICE USD for internal,479,
679,CENTER,255410,,SNOW,"55% PA, 45% ELASTANE",155- 165 cm,150- 160 cm,115- 128g/m2,"3,000m.",1000,,M,All_colors,11.5,345,FOB Bangkok,,,Center price sheet,CENTER PRICE USD for internal,479,
680,CENTER,255411,,SHARON,"60% PA, 40% ELASTANE",162 - 172 cm.,157 - 167 cm.,100 - 110 g/m,"3,000m.",500,,M,PFE/PFD,11,330,FOB Bangkok,,,Center price sheet,CENTER PRICE USD for internal,481,
681,CENTER,255411,,SHARON,"60% PA, 40% ELASTANE",162 - 172 cm.,157 - 167 cm.,100 - 110 g/m,"3,000m.",500,,M,All_colors,11.6666666666667,350,FOB Bangkok,,,Center price sheet,CENTER PRICE USD for internal,481,
682,CENTER,255411,,SHARON,"60% PA, 40% ELASTANE",162 - 172 cm.,157 - 167 cm.,100 - 110 g/m,"3,000m.",1000,,M,PFE/PFD,10.6666666666667,320,FOB Bangkok,,,Center price sheet,CENTER PRICE USD for internal,482,
683,CENTER,255411,,SHARON,"60% PA, 40% ELASTANE",162 - 172 cm.,157 - 167 cm.,100 - 110 g/m,"3,000m.",1000,,M,All_colors,11,330,FOB Bangkok,,,Center price sheet,CENTER PRICE USD for internal,482,
684,CENTER,255416,,STELLA,100%PES,155 - 165 cm.,150 -160 cm,37- 42 g/m2,"3,000m.",200,600,M,PFE/PFD,2.16666666666667,65,FOB Bangkok,,,Center price sheet,CENTER PRICE USD for internal,484,
685,CENTER,255416,,STELLA,100%PES,155 - 165 cm.,150 -160 cm,37- 42 g/m2,"3,000m.",200,600,M,All_colors,2.83333333333333,85,FOB Bangkok,,,Center price sheet,CENTER PRICE USD for internal,484,
686,CENTER,255416,,STELLA,100%PES,155 - 165 cm.,150 -160 cm,37- 42 g/m2,"3,000m.",601,2000,M,PFE/PFD,1.83333333333333,55,FOB Bangkok,,,Center price sheet,CENTER PRICE USD for internal,485,
687,CENTER,255416,,STELLA,100%PES,155 - 165 cm.,150 -160 cm,37- 42 g/m2,"3,000m.",601,2000,M,All_colors,2.5,75,FOB Bangkok,,,Center price sheet,CENTER PRICE USD for internal,485,
688,CENTER,255416,,STELLA,100%PES,155 - 165 cm.,150 -160 cm,37- 42 g/m2,"3,000m.",2001,5000,M,PFE/PFD,1.66666666666667,50,FOB Bangkok,,,Center price sheet,CENTER PRICE USD for internal,486,
689,CENTER,255416,,STELLA,100%PES,155 - 165 cm.,150 -160 cm,37- 42 g/m2,"3,000m.",2001,5000,M,All_colors,2.33333333333333,70,FOB Bangkok,,,Center price sheet,CENTER PRICE USD for internal,486,
690,CENTER,255419,,MARIA,"78% PA, 22% ELASTANE",145-155cm,140-150cm,184-204g/m2,"3,000m.",500,,M,PFE/PFD,6,180,FOB Bangkok,,,Center price sheet,CENTER PRICE USD for internal,488,
691,CENTER,255419,,MARIA,"78% PA, 22% ELASTANE",145-155cm,140-150cm,184-204g/m2,"3,000m.",500,,M,All_colors,6.66666666666667,200,FOB Bangkok,,,Center price sheet,CENTER PRICE USD for internal,488,
692,CENTER,255419,,MARIA,"78% PA, 22% ELASTANE",145-155cm,140-150cm,184-204g/m2,"3,000m.",1000,,M,PFE/PFD,5.83333333333333,175,FOB Bangkok,,,Center price sheet,CENTER PRICE USD for internal,489,
693,CENTER,255419,,MARIA,"78% PA, 22% ELASTANE",145-155cm,140-150cm,184-204g/m2,"3,000m.",1000,,M,All_colors,6.33333333333333,190,FOB Bangkok,,,Center price sheet,CENTER PRICE USD for internal,489,
694,CENTER,255426,,HONEY,"81%PA, 19%ELASTANE",158 - 168 cm,153 - 163 cm,57-63 g/m2,"3,000m.",200,600,M,PFE/PFD,3.66666666666667,110,FOB Bangkok,,,Center price sheet,CENTER PRICE USD for internal,491,
695,CENTER,255426,,HONEY,"81%PA, 19%ELASTANE",158 - 168 cm,153 - 163 cm,57-63 g/m2,"3,000m.",200,600,M,All_colors,4.5,135,FOB Bangkok,,,Center price sheet,CENTER PRICE USD for internal,491,
696,CENTER,255426,,HONEY,"81%PA, 19%ELASTANE",158 - 168 cm,153 - 163 cm,57-63 g/m2,"3,000m.",601,2000,M,PFE/PFD,3.33333333333333,100,FOB Bangkok,,,Center price sheet,CENTER PRICE USD for internal,492,
697,CENTER,255426,,HONEY,"81%PA, 19%ELASTANE",158 - 168 cm,153 - 163 cm,57-63 g/m2,"3,000m.",601,2000,M,All_colors,4.16666666666667,125,FOB Bangkok,,,Center price sheet,CENTER PRICE USD for internal,492,
698,CENTER,255426,,HONEY,"81%PA, 19%ELASTANE",158 - 168 cm,153 - 163 cm,57-63 g/m2,"3,000m.",2001,5000,M,PFE/PFD,3.16666666666667,95,FOB Bangkok,,,Center price sheet,CENTER PRICE USD for internal,493,
699,CENTER,255426,,HONEY,"81%PA, 19%ELASTANE",158 - 168 cm,153 - 163 cm,57-63 g/m2,"3,000m.",2001,5000,M,All_colors,4,120,FOB Bangkok,,,Center price sheet,CENTER PRICE USD for internal,493,
700,CENTER,255428,,Christy,"68%PA, 32%ELASTANE",163 - 173 cm,158 - 168cm,153-170g/m2,"3,000m.",100,499,M,PFE/PFD,8,240,FOB Bangkok,,,Center price sheet,CENTER PRICE USD for internal,495,
701,CENTER,255428,,Christy,"68%PA, 32%ELASTANE",163 - 173 cm,158 - 168cm,153-170g/m2,"3,000m.",100,499,M,All_colors,8.66666666666667,260,FOB Bangkok,,,Center price sheet,CENTER PRICE USD for internal,495,
702,CENTER,255428,,Christy,"68%PA, 32%ELASTANE",163 - 173 cm,158 - 168cm,153-170g/m2,"3,000m.",500,1500,M,PFE/PFD,7,210,FOB Bangkok,,,Center price sheet,CENTER PRICE USD for internal,496,
703,CENTER,255428,,Christy,"68%PA, 32%ELASTANE",163 - 173 cm,158 - 168cm,153-170g/m2,"3,000m.",500,1500,M,All_colors,7.66666666666667,230,FOB Bangkok,,,Center price sheet,CENTER PRICE USD for internal,496,
704,CENTER,255428,,Christy,"68%PA, 32%ELASTANE",163 - 173 cm,158 - 168cm,153-170g/m2,"3,000m.",1501,,M,PFE/PFD,6.16666666666667,185,FOB Bangkok,,,Center price sheet,CENTER PRICE USD for internal,497,
705,CENTER,255428,,Christy,"68%PA, 32%ELASTANE",163 - 173 cm,158 - 168cm,153-170g/m2,"3,000m.",1501,,M,All_colors,6.66666666666667,200,FOB Bangkok,,,Center price sheet,CENTER PRICE USD for internal,497,
706,CENTER,255433,,VICTORIA,"90% PES, 10% ELASTANE",148 - 158cm,143 - 153 cm,52- 58 g/m2,"3,000m.",200,600,M,PFE/PFD,3,90,FOB Bangkok,,,Center price sheet,CENTER PRICE USD for internal,499,
707,CENTER,255433,,VICTORIA,"90% PES, 10% ELASTANE",148 - 158cm,143 - 153 cm,52- 58 g/m2,"3,000m.",200,600,M,All_colors,3.5,105,FOB Bangkok,,,Center price sheet,CENTER PRICE USD for internal,499,
708,CENTER,255433,,VICTORIA,"90% PES, 10% ELASTANE",148 - 158cm,143 - 153 cm,52- 58 g/m2,"3,000m.",601,2000,M,PFE/PFD,2.66666666666667,80,FOB Bangkok,,,Center price sheet,CENTER PRICE USD for internal,500,
709,CENTER,255433,,VICTORIA,"90% PES, 10% ELASTANE",148 - 158cm,143 - 153 cm,52- 58 g/m2,"3,000m.",601,2000,M,All_colors,3.16666666666667,95,FOB Bangkok,,,Center price sheet,CENTER PRICE USD for internal,500,
710,CENTER,255433,,VICTORIA,"90% PES, 10% ELASTANE",148 - 158cm,143 - 153 cm,52- 58 g/m2,"3,000m.",2001,5000,M,PFE/PFD,2.5,75,FOB Bangkok,,,Center price sheet,CENTER PRICE USD for internal,501,
711,CENTER,255433,,VICTORIA,"90% PES, 10% ELASTANE",148 - 158cm,143 - 153 cm,52- 58 g/m2,"3,000m.",2001,5000,M,All_colors,3,90,FOB Bangkok,,,Center price sheet,CENTER PRICE USD for internal,501,
712,CENTER,255434,,VIENNA,"90% PA, 10% ELASTANE",148 - 158cm,143 - 153 cm,52- 58 g/m2,"3,000m.",200,600,M,PFE/PFD,3.27,95,FOB Bangkok,,,Center price sheet,CENTER PRICE USD for internal,503,
713,CENTER,255434,,VIENNA,"90% PA, 10% ELASTANE",148 - 158cm,143 - 153 cm,52- 58 g/m2,"3,000m.",200,600,M,All_colors,3.77,110,FOB Bangkok,,,Center price sheet,CENTER PRICE USD for internal,503,
714,CENTER,255434,,VIENNA,"90% PA, 10% ELASTANE",148 - 158cm,143 - 153 cm,52- 58 g/m2,"3,000m.",601,2000,M,PFE/PFD,2.93,85,FOB Bangkok,,,Center price sheet,CENTER PRICE USD for internal,504,
715,CENTER,255434,,VIENNA,"90% PA, 10% ELASTANE",148 - 158cm,143 - 153 cm,52- 58 g/m2,"3,000m.",601,2000,M,All_colors,3.43,100,FOB Bangkok,,,Center price sheet,CENTER PRICE USD for internal,504,
716,CENTER,255434,,VIENNA,"90% PA, 10% ELASTANE",148 - 158cm,143 - 153 cm,52- 58 g/m2,"3,000m.",2001,5000,M,PFE/PFD,2.77,80,FOB Bangkok,,,Center price sheet,CENTER PRICE USD for internal,505,
717,CENTER,255434,,VIENNA,"90% PA, 10% ELASTANE",148 - 158cm,143 - 153 cm,52- 58 g/m2,"3,000m.",2001,5000,M,All_colors,3.27,95,FOB Bangkok,,,Center price sheet,CENTER PRICE USD for internal,505,
718,CENTER,255455,,Angel,"85% PA, 15% ELASTANE",143- 153cm,138 - 148cm,142-158g/m2,"3,000m.",500,,M,PFE/PFD,4.66666666666667,140,FOB Bangkok,,,Center price sheet,CENTER PRICE USD for internal,507,
719,CENTER,255455,,Angel,"85% PA, 15% ELASTANE",143- 153cm,138 - 148cm,142-158g/m2,"3,000m.",500,,M,All_colors,5.16666666666667,155,FOB Bangkok,,,Center price sheet,CENTER PRICE USD for internal,507,
720,CENTER,255455,,Angel,"85% PA, 15% ELASTANE",143- 153cm,138 - 148cm,142-158g/m2,"3,000m.",1000,,M,PFE/PFD,3.83333333333333,115,FOB Bangkok,,,Center price sheet,CENTER PRICE USD for internal,508,
721,CENTER,255455,,Angel,"85% PA, 15% ELASTANE",143- 153cm,138 - 148cm,142-158g/m2,"3,000m.",1000,,M,All_colors,4.5,135,FOB Bangkok,,,Center price sheet,CENTER PRICE USD for internal,508,
722,CENTER,255466,,MINI ALPHA TULLE,100% PES,155- 165 cm.,150 - 160 cm.,22- 27 g/m2,"3,000m.",200,600,M,PFE/PFD,1.83333333333333,55,FOB Bangkok,,,Center price sheet,CENTER PRICE USD for internal,510,
723,CENTER,255466,,MINI ALPHA TULLE,100% PES,155- 165 cm.,150 - 160 cm.,22- 27 g/m2,"3,000m.",200,600,M,All_colors,2.66666666666667,80,FOB Bangkok,,,Center price sheet,CENTER PRICE USD for internal,510,
724,CENTER,255466,,MINI ALPHA TULLE,100% PES,155- 165 cm.,150 - 160 cm.,22- 27 g/m2,"3,000m.",601,2000,M,PFE/PFD,1.5,45,FOB Bangkok,,,Center price sheet,CENTER PRICE USD for internal,511,
725,CENTER,255466,,MINI ALPHA TULLE,100% PES,155- 165 cm.,150 - 160 cm.,22- 27 g/m2,"3,000m.",601,2000,M,All_colors,2.16666666666667,65,FOB Bangkok,,,Center price sheet,CENTER PRICE USD for internal,511,
726,CENTER,255466,,MINI ALPHA TULLE,100% PES,155- 165 cm.,150 - 160 cm.,22- 27 g/m2,"3,000m.",2001,5000,M,PFE/PFD,1.43333333333333,43,FOB Bangkok,,,Center price sheet,CENTER PRICE USD for internal,512,
727,CENTER,255466,,MINI ALPHA TULLE,100% PES,155- 165 cm.,150 - 160 cm.,22- 27 g/m2,"3,000m.",2001,5000,M,All_colors,2,60,FOB Bangkok,,,Center price sheet,CENTER PRICE USD for internal,512,
728,CENTER,255469,,MERCY STRETCH,"86% PA, 8%EL, 6% Mettalic",16 2 - 172cm,157 - 167 cm,66 - 74 g/m2,"3,000m.",400,600,M,PFE/PFD,4.33333333333333,130,FOB Bangkok,,,Center price sheet,CENTER PRICE USD for internal,514,
729,CENTER,255469,,MERCY STRETCH,"86% PA, 8%EL, 6% Mettalic",16 2 - 172cm,157 - 167 cm,66 - 74 g/m2,"3,000m.",400,600,M,All_colors,5,150,FOB Bangkok,,,Center price sheet,CENTER PRICE USD for internal,514,
730,CENTER,255469,,MERCY STRETCH,"86% PA, 8%EL, 6% Mettalic",16 2 - 172cm,157 - 167 cm,66 - 74 g/m2,"3,000m.",601,2000,M,PFE/PFD,4,120,FOB Bangkok,,,Center price sheet,CENTER PRICE USD for internal,515,
731,CENTER,255469,,MERCY STRETCH,"86% PA, 8%EL, 6% Mettalic",16 2 - 172cm,157 - 167 cm,66 - 74 g/m2,"3,000m.",601,2000,M,All_colors,4.83333333333333,145,FOB Bangkok,,,Center price sheet,CENTER PRICE USD for internal,515,
732,CENTER,255469,,MERCY STRETCH,"86% PA, 8%EL, 6% Mettalic",16 2 - 172cm,157 - 167 cm,66 - 74 g/m2,"3,000m.",2001,5000,M,PFE/PFD,3.93333333333333,118,FOB Bangkok,,,Center price sheet,CENTER PRICE USD for internal,516,
733,CENTER,255469,,MERCY STRETCH,"86% PA, 8%EL, 6% Mettalic",16 2 - 172cm,157 - 167 cm,66 - 74 g/m2,"3,000m.",2001,5000,M,All_colors,4.6,138,FOB Bangkok,,,Center price sheet,CENTER PRICE USD for internal,516,
734,CENTER,255484,,Invisible Tulle Bright,100%PA,152 - 162cm,147 - 157 cm,13 - 18g/m2,"3,000m.",200,600,M,PFE/PFD,2.11166666666667,63.35,FOB Bangkok,,,Center price sheet,CENTER PRICE USD for internal,518,
735,CENTER,255484,,Invisible Tulle Bright,100%PA,152 - 162cm,147 - 157 cm,13 - 18g/m2,"3,000m.",200,600,M,All_colors,2.73333333333333,82,FOB Bangkok,,,Center price sheet,CENTER PRICE USD for internal,518,
736,CENTER,255484,,Invisible Tulle Bright,100%PA,152 - 162cm,147 - 157 cm,13 - 18g/m2,"3,000m.",601,2000,M,PFE/PFD,1.76666666666667,53,FOB Bangkok,,,Center price sheet,CENTER PRICE USD for internal,519,
737,CENTER,255484,,Invisible Tulle Bright,100%PA,152 - 162cm,147 - 157 cm,13 - 18g/m2,"3,000m.",601,2000,M,All_colors,2.26666666666667,68,FOB Bangkok,,,Center price sheet,CENTER PRICE USD for internal,519,
738,CENTER,255484,,Invisible Tulle Bright,100%PA,152 - 162cm,147 - 157 cm,13 - 18g/m2,"3,000m.",2001,5000,M,PFE/PFD,1.7,51,FOB Bangkok,,,Center price sheet,CENTER PRICE USD for internal,520,
739,CENTER,255484,,Invisible Tulle Bright,100%PA,152 - 162cm,147 - 157 cm,13 - 18g/m2,"3,000m.",2001,5000,M,All_colors,2.06666666666667,62,FOB Bangkok,,,Center price sheet,CENTER PRICE USD for internal,520,
740,CENTER,255484,,Invisible Tulle Bright,100%PA,152 - 162cm,147 - 157 cm,13 - 18g/m2,"3,000m.",200,600,M,PFE/PFD,2.16,,FOB Bangkok,,,Center price sheet,CENTER PRICE USD for internal,522,
741,CENTER,255484,,Invisible Tulle Bright,100%PA,152 - 162cm,147 - 157 cm,13 - 18g/m2,"3,000m.",200,600,M,All_colors,2.78,,FOB Bangkok,,,Center price sheet,CENTER PRICE USD for internal,522,
742,CENTER,255484,,Invisible Tulle Bright,100%PA,152 - 162cm,147 - 157 cm,13 - 18g/m2,"3,000m.",601,2000,M,PFE/PFD,1.82,,FOB Bangkok,,,Center price sheet,CENTER PRICE USD for internal,523,
743,CENTER,255484,,Invisible Tulle Bright,100%PA,152 - 162cm,147 - 157 cm,13 - 18g/m2,"3,000m.",601,2000,M,All_colors,2.32,,FOB Bangkok,,,Center price sheet,CENTER PRICE USD for internal,523,
744,CENTER,255484,,Invisible Tulle Bright,100%PA,152 - 162cm,147 - 157 cm,13 - 18g/m2,"3,000m.",2001,5000,M,PFE/PFD,1.7,,FOB Bangkok,,,Center price sheet,CENTER PRICE USD for internal,524,
745,CENTER,255484,,Invisible Tulle Bright,100%PA,152 - 162cm,147 - 157 cm,13 - 18g/m2,"3,000m.",2001,5000,M,All_colors,2.07,,FOB Bangkok,,,Center price sheet,CENTER PRICE USD for internal,524,
746,CENTER,255485,,FAIRY,"80% PA, 20% ELASTANE",160 - 170 cm,155 - 165 cm,118 - 132g/m2,"3,000m.",500,,M,PFE/PFD,4.66666666666667,140,FOB Bangkok,,,Center price sheet,CENTER PRICE USD for internal,526,
747,CENTER,255485,,FAIRY,"80% PA, 20% ELASTANE",160 - 170 cm,155 - 165 cm,118 - 132g/m2,"3,000m.",500,,M,All_colors,5.16666666666667,155,FOB Bangkok,,,Center price sheet,CENTER PRICE USD for internal,526,
748,CENTER,255485,,FAIRY,"80% PA, 20% ELASTANE",160 - 170 cm,155 - 165 cm,118 - 132g/m2,"3,000m.",1000,,M,PFE/PFD,4.33333333333333,130,FOB Bangkok,,,Center price sheet,CENTER PRICE USD for internal,527,
749,CENTER,255485,,FAIRY,"80% PA, 20% ELASTANE",160 - 170 cm,155 - 165 cm,118 - 132g/m2,"3,000m.",1000,,M,All_colors,4.83333333333333,145,FOB Bangkok,,,Center price sheet,CENTER PRICE USD for internal,527,
750,CENTER,255470,,PEARL,"84% PA, 16% ELASTANE",160 - 170 cm,155 - 165 cm,100 - 110g/m2,"3,000m.",200,600,M,PFE/PFD,4.5,135,FOB Bangkok,,,Center price sheet,CENTER PRICE USD for internal,529,
751,CENTER,255470,,PEARL,"84% PA, 16% ELASTANE",160 - 170 cm,155 - 165 cm,100 - 110g/m2,"3,000m.",200,600,M,All_colors,5.33333333333333,160,FOB Bangkok,,,Center price sheet,CENTER PRICE USD for internal,529,
752,CENTER,255470,,PEARL,"84% PA, 16% ELASTANE",160 - 170 cm,155 - 165 cm,100 - 110g/m2,"3,000m.",601,2000,M,PFE/PFD,4.33333333333333,130,FOB Bangkok,,,Center price sheet,CENTER PRICE USD for internal,530,
753,CENTER,255470,,PEARL,"84% PA, 16% ELASTANE",160 - 170 cm,155 - 165 cm,100 - 110g/m2,"3,000m.",601,2000,M,All_colors,5.16666666666667,155,FOB Bangkok,,,Center price sheet,CENTER PRICE USD for internal,530,
754,CENTER,255470,,PEARL,"84% PA, 16% ELASTANE",160 - 170 cm,155 - 165 cm,100 - 110g/m2,"3,000m.",2001,5000,M,PFE/PFD,4.16666666666667,125,FOB Bangkok,,,Center price sheet,CENTER PRICE USD for internal,531,
755,CENTER,255470,,PEARL,"84% PA, 16% ELASTANE",160 - 170 cm,155 - 165 cm,100 - 110g/m2,"3,000m.",2001,5000,M,All_colors,4.83333333333333,145,FOB Bangkok,,,Center price sheet,CENTER PRICE USD for internal,531,
756,CENTER,255521,,Percy,100%PES,117- 125cm,112-120cm,77- 86g/m2,"1,000m.",200,600,M,PFE/PFD,4.16666666666667,125,FOB Bangkok,,,Center price sheet,CENTER PRICE USD for internal,533,
757,CENTER,255521,,Percy,100%PES,117- 125cm,112-120cm,77- 86g/m2,"1,000m.",200,600,M,All_colors,5.23333333333333,157,FOB Bangkok,,,Center price sheet,CENTER PRICE USD for internal,533,
758,CENTER,255521,,Percy,100%PES,117- 125cm,112-120cm,77- 86g/m2,"1,000m.",601,2000,M,PFE/PFD,3.66666666666667,110,FOB Bangkok,,,Center price sheet,CENTER PRICE USD for internal,534,
759,CENTER,255521,,Percy,100%PES,117- 125cm,112-120cm,77- 86g/m2,"1,000m.",601,2000,M,All_colors,4.66666666666667,140,FOB Bangkok,,,Center price sheet,CENTER PRICE USD for internal,534,
760,CENTER,255521,,Percy,100%PES,117- 125cm,112-120cm,77- 86g/m2,"1,000m.",2001,5000,M,PFE/PFD,3.33333333333333,100,FOB Bangkok,,,Center price sheet,CENTER PRICE USD for internal,535,
761,CENTER,255521,,Percy,100%PES,117- 125cm,112-120cm,77- 86g/m2,"1,000m.",2001,5000,M,All_colors,4.5,135,FOB Bangkok,,,Center price sheet,CENTER PRICE USD for internal,535,
762,CENTER,255522,,Pround,100%PES,117- 125cm,112-120cm,71- 79 g/m2,"1,000m.",200,600,M,PFE/PFD,4.16666666666667,125,FOB Bangkok,,,Center price sheet,CENTER PRICE USD for internal,537,
763,CENTER,255522,,Pround,100%PES,117- 125cm,112-120cm,71- 79 g/m2,"1,000m.",200,600,M,All_colors,5.23333333333333,157,FOB Bangkok,,,Center price sheet,CENTER PRICE USD for internal,537,
764,CENTER,255522,,Pround,100%PES,117- 125cm,112-120cm,71- 79 g/m2,"1,000m.",601,2000,M,PFE/PFD,3.66666666666667,110,FOB Bangkok,,,Center price sheet,CENTER PRICE USD for internal,538,
765,CENTER,255522,,Pround,100%PES,117- 125cm,112-120cm,71- 79 g/m2,"1,000m.",601,2000,M,All_colors,4.66666666666667,140,FOB Bangkok,,,Center price sheet,CENTER PRICE USD for internal,538,
766,CENTER,255522,,Pround,100%PES,117- 125cm,112-120cm,71- 79 g/m2,"1,000m.",2001,5000,M,PFE/PFD,3.33333333333333,100,FOB Bangkok,,,Center price sheet,CENTER PRICE USD for internal,539,
767,CENTER,255522,,Pround,100%PES,117- 125cm,112-120cm,71- 79 g/m2,"1,000m.",2001,5000,M,All_colors,4.5,135,FOB Bangkok,,,Center price sheet,CENTER PRICE USD for internal,539,
768,CENTER,255523,,Please,100%PES,117- 125cm,112-120cm,64-71 g/m2,"1,000m.",200,600,M,PFE/PFD,5,150,FOB Bangkok,,,Center price sheet,CENTER PRICE USD for internal,541,
769,CENTER,255523,,Please,100%PES,117- 125cm,112-120cm,64-71 g/m2,"1,000m.",200,600,M,All_colors,6,180,FOB Bangkok,,,Center price sheet,CENTER PRICE USD for internal,541,
770,CENTER,255523,,Please,100%PES,117- 125cm,112-120cm,64-71 g/m2,"1,000m.",601,2000,M,PFE/PFD,4.5,135,FOB Bangkok,,,Center price sheet,CENTER PRICE USD for internal,542,
771,CENTER,255523,,Please,100%PES,117- 125cm,112-120cm,64-71 g/m2,"1,000m.",601,2000,M,All_colors,5.33333333333333,160,FOB Bangkok,,,Center price sheet,CENTER PRICE USD for internal,542,
772,CENTER,255523,,Please,100%PES,117- 125cm,112-120cm,64-71 g/m2,"1,000m.",2001,5000,M,PFE/PFD,4.16666666666667,125,FOB Bangkok,,,Center price sheet,CENTER PRICE USD for internal,543,
773,CENTER,255523,,Please,100%PES,117- 125cm,112-120cm,64-71 g/m2,"1,000m.",2001,5000,M,All_colors,5,150,FOB Bangkok,,,Center price sheet,CENTER PRICE USD for internal,543,
774,CENTER,255536,,SAPPHIRE,"80% PES, 20% ELASTANE",145 - 155 cm.,140 - 150 cm.,213 - 236 g/m2,"3,000m.",500,,M,PFE/PFD,5.25,,FOB Bangkok,,,Center price sheet,CENTER PRICE USD for internal,545,
775,CENTER,255536,,SAPPHIRE,"80% PES, 20% ELASTANE",145 - 155 cm.,140 - 150 cm.,213 - 236 g/m2,"3,000m.",500,,M,All_colors,7.15,,FOB Bangkok,,,Center price sheet,CENTER PRICE USD for internal,545,
776,CENTER,255536,,SAPPHIRE,"80% PES, 20% ELASTANE",145 - 155 cm.,140 - 150 cm.,213 - 236 g/m2,"3,000m.",1000,,M,PFE/PFD,5,,FOB Bangkok,,,Center price sheet,CENTER PRICE USD for internal,546,
777,CENTER,255536,,SAPPHIRE,"80% PES, 20% ELASTANE",145 - 155 cm.,140 - 150 cm.,213 - 236 g/m2,"3,000m.",1000,,M,All_colors,6.8,,FOB Bangkok,,,Center price sheet,CENTER PRICE USD for internal,546,
778,CENTER,255471,,EYELET MESH,"85% PA, 15% ELASTANE",158 - 168 cm.,153 - 163 cm.,187 - 207 g/m2,"3,000m.",500,,M,PFE/PFD,5,,FOB Bangkok,,,Center price sheet,CENTER PRICE USD for internal,548,
779,CENTER,255471,,EYELET MESH,"85% PA, 15% ELASTANE",158 - 168 cm.,153 - 163 cm.,187 - 207 g/m2,"3,000m.",500,,M,All_colors,6.9,,FOB Bangkok,,,Center price sheet,CENTER PRICE USD for internal,548,
780,CENTER,255471,,EYELET MESH,"85% PA, 15% ELASTANE",158 - 168 cm.,153 - 163 cm.,187 - 207 g/m2,"3,000m.",1000,,M,PFE/PFD,4.8,,FOB Bangkok,,,Center price sheet,CENTER PRICE USD for internal,549,
781,CENTER,255471,,EYELET MESH,"85% PA, 15% ELASTANE",158 - 168 cm.,153 - 163 cm.,187 - 207 g/m2,"3,000m.",1000,,M,All_colors,6.55,,FOB Bangkok,,,Center price sheet,CENTER PRICE USD for internal,549,
782,CENTER,255475,,MAGGIE,"57% PA, 43% ELASTANE",148 - 158 cm.,143- 153 cm.,295 - 325 g/m2,"3,000m.",500,,M,PFE/PFD,9.9,,FOB Bangkok,,,Center price sheet,CENTER PRICE USD for internal,551,
783,CENTER,255475,,MAGGIE,"57% PA, 43% ELASTANE",148 - 158 cm.,143- 153 cm.,295 - 325 g/m2,"3,000m.",500,,M,All_colors,13.6,,FOB Bangkok,,,Center price sheet,CENTER PRICE USD for internal,551,
784,CENTER,255475,,MAGGIE,"57% PA, 43% ELASTANE",148 - 158 cm.,143- 153 cm.,295 - 325 g/m2,"3,000m.",1000,,M,PFE/PFD,9.45,,FOB Bangkok,,,Center price sheet,CENTER PRICE USD for internal,552,
785,CENTER,255475,,MAGGIE,"57% PA, 43% ELASTANE",148 - 158 cm.,143- 153 cm.,295 - 325 g/m2,"3,000m.",1000,,M,All_colors,13,,FOB Bangkok,,,Center price sheet,CENTER PRICE USD for internal,552,
786,CENTER,255543,,MIAMI ( Melange powernet ),"90% PES CD, 10% ELASTANE",223 - 237 cm.,218 - 232 cm.,100 - 110 g/m2,"3,000m.",500,,M,PFE/PFD,4.1,,FOB Bangkok,,,Center price sheet,CENTER PRICE USD for internal,554,
787,CENTER,255543,,MIAMI ( Melange powernet ),"90% PES CD, 10% ELASTANE",223 - 237 cm.,218 - 232 cm.,100 - 110 g/m2,"3,000m.",500,,M,All_colors,5.45,,FOB Bangkok,,,Center price sheet,CENTER PRICE USD for internal,554,
788,CENTER,255543,,MIAMI ( Melange powernet ),"90% PES CD, 10% ELASTANE",223 - 237 cm.,218 - 232 cm.,100 - 110 g/m2,"3,000m.",1000,,M,PFE/PFD,3.9,,FOB Bangkok,,,Center price sheet,CENTER PRICE USD for internal,555,
789,CENTER,255543,,MIAMI ( Melange powernet ),"90% PES CD, 10% ELASTANE",223 - 237 cm.,218 - 232 cm.,100 - 110 g/m2,"3,000m.",1000,,M,All_colors,5.2,,FOB Bangkok,,,Center price sheet,CENTER PRICE USD for internal,555,
790,CENTER,255344,,PA ALPHA MONO,100% PA,145 - 155 cm.,140 - 150 cm.,22 - 27 g/m2,"3,000m.",200,600,M,PFE/PFD,2.05,,FOB Bangkok,,,Center price sheet,CENTER PRICE USD for internal,557,
791,CENTER,255344,,PA ALPHA MONO,100% PA,145 - 155 cm.,140 - 150 cm.,22 - 27 g/m2,"3,000m.",200,600,M,All_colors,2.68,,FOB Bangkok,,,Center price sheet,CENTER PRICE USD for internal,557,
792,CENTER,255344,,PA ALPHA MONO,100% PA,145 - 155 cm.,140 - 150 cm.,22 - 27 g/m2,"3,000m.",601,2000,M,PFE/PFD,1.73,,FOB Bangkok,,,Center price sheet,CENTER PRICE USD for internal,558,
793,CENTER,255344,,PA ALPHA MONO,100% PA,145 - 155 cm.,140 - 150 cm.,22 - 27 g/m2,"3,000m.",601,2000,M,All_colors,2.45,,FOB Bangkok,,,Center price sheet,CENTER PRICE USD for internal,558,
794,CENTER,255344,,PA ALPHA MONO,100% PA,145 - 155 cm.,140 - 150 cm.,22 - 27 g/m2,"3,000m.",2001,5000,M,PFE/PFD,1.57,,FOB Bangkok,,,Center price sheet,CENTER PRICE USD for internal,559,
795,CENTER,255344,,PA ALPHA MONO,100% PA,145 - 155 cm.,140 - 150 cm.,22 - 27 g/m2,"3,000m.",2001,5000,M,All_colors,2.2,,FOB Bangkok,,,Center price sheet,CENTER PRICE USD for internal,559,
796,CENTER,255539,,PES VOILE 150 cm.,100% PES,145 - 155 cm.,140 - 150 cm.,33 - 38 g/m2,"3,000m.",200,600,M,PFE/PFD,1.73,,FOB Bangkok,,,Center price sheet,CENTER PRICE USD for internal,561,
797,CENTER,255539,,PES VOILE 150 cm.,100% PES,145 - 155 cm.,140 - 150 cm.,33 - 38 g/m2,"3,000m.",200,600,M,All_colors,2.5,,FOB Bangkok,,,Center price sheet,CENTER PRICE USD for internal,561,
798,CENTER,255539,,PES VOILE 150 cm.,100% PES,145 - 155 cm.,140 - 150 cm.,33 - 38 g/m2,"3,000m.",601,2000,M,PFE/PFD,1.57,,FOB Bangkok,,,Center price sheet,CENTER PRICE USD for internal,562,
799,CENTER,255539,,PES VOILE 150 cm.,100% PES,145 - 155 cm.,140 - 150 cm.,33 - 38 g/m2,"3,000m.",601,2000,M,All_colors,2.37,,FOB Bangkok,,,Center price sheet,CENTER PRICE USD for internal,562,
800,CENTER,255539,,PES VOILE 150 cm.,100% PES,145 - 155 cm.,140 - 150 cm.,33 - 38 g/m2,"3,000m.",2001,5000,M,PFE/PFD,1.42,,FOB Bangkok,,,Center price sheet,CENTER PRICE USD for internal,563,
801,CENTER,255539,,PES VOILE 150 cm.,100% PES,145 - 155 cm.,140 - 150 cm.,33 - 38 g/m2,"3,000m.",2001,5000,M,All_colors,2.15,,FOB Bangkok,,,Center price sheet,CENTER PRICE USD for internal,563,
802,CENTER,255542,,PA TULLE LIVE,100% PA,150 - 155 cm.,145 - 150 cm.,38 - 43 g/m2,"3,000m.",200,600,M,PFE/PFD,2.2,,FOB Bangkok,,,Center price sheet,CENTER PRICE USD for internal,565,
803,CENTER,255542,,PA TULLE LIVE,100% PA,150 - 155 cm.,145 - 150 cm.,38 - 43 g/m2,"3,000m.",200,600,M,All_colors,2.84,,FOB Bangkok,,,Center price sheet,CENTER PRICE USD for internal,565,
804,CENTER,255542,,PA TULLE LIVE,100% PA,150 - 155 cm.,145 - 150 cm.,38 - 43 g/m2,"3,000m.",601,2000,M,PFE/PFD,2.05,,FOB Bangkok,,,Center price sheet,CENTER PRICE USD for internal,566,
805,CENTER,255542,,PA TULLE LIVE,100% PA,150 - 155 cm.,145 - 150 cm.,38 - 43 g/m2,"3,000m.",601,2000,M,All_colors,2.68,,FOB Bangkok,,,Center price sheet,CENTER PRICE USD for internal,566,
806,CENTER,255542,,PA TULLE LIVE,100% PA,150 - 155 cm.,145 - 150 cm.,38 - 43 g/m2,"3,000m.",2001,5000,M,PFE/PFD,1.89,,FOB Bangkok,,,Center price sheet,CENTER PRICE USD for internal,567,
807,CENTER,255542,,PA TULLE LIVE,100% PA,150 - 155 cm.,145 - 150 cm.,38 - 43 g/m2,"3,000m.",2001,5000,M,All_colors,2.2,,FOB Bangkok,,,Center price sheet,CENTER PRICE USD for internal,567,
808,CENTER,255493,,PROMISE,100%PES,200 -210 cm,195 - 205cm,170-190g/m2,"3,000m.",500,,M,PFE/PFD,4.33333333333333,130,FOB Bangkok,,,Center price sheet,CENTER PRICE USD for internal,569,
809,CENTER,255493,,PROMISE,100%PES,200 -210 cm,195 - 205cm,170-190g/m2,"3,000m.",500,,M,All_colors,5.66666666666667,170,FOB Bangkok,,,Center price sheet,CENTER PRICE USD for internal,569,
810,CENTER,255493,,PROMISE,100%PES,200 -210 cm,195 - 205cm,170-190g/m2,"3,000m.",1000,,M,PFE/PFD,4,120,FOB Bangkok,,,Center price sheet,CENTER PRICE USD for internal,570,
811,CENTER,255493,,PROMISE,100%PES,200 -210 cm,195 - 205cm,170-190g/m2,"3,000m.",1000,,M,All_colors,5,150,FOB Bangkok,,,Center price sheet,CENTER PRICE USD for internal,570,
812,CENTER,255496,,SYDNET,"79%PA, 21% ELASTANE",145 - 155cm,140 - 150 cm,195 - 215 g/m2,"3,000m.",500,,M,PFE/PFD,6.16666666666667,185,FOB Bangkok,,,Center price sheet,CENTER PRICE USD for internal,571,
813,CENTER,255496,,SYDNET,"79%PA, 21% ELASTANE",145 - 155cm,140 - 150 cm,195 - 215 g/m2,"3,000m.",500,,M,All_colors,7.5,225,FOB Bangkok,,,Center price sheet,CENTER PRICE USD for internal,571,
814,CENTER,255496,,SYDNET,"79%PA, 21% ELASTANE",145 - 155cm,140 - 150 cm,195 - 215 g/m2,"3,000m.",1000,,M,PFE/PFD,5.66666666666667,170,FOB Bangkok,,,Center price sheet,CENTER PRICE USD for internal,572,
815,CENTER,255496,,SYDNET,"79%PA, 21% ELASTANE",145 - 155cm,140 - 150 cm,195 - 215 g/m2,"3,000m.",1000,,M,All_colors,7,210,FOB Bangkok,,,Center price sheet,CENTER PRICE USD for internal,572,
816,CENTER,255544,,PES TULLE OUTER,100%PES,145 - 155cm,140 - 150 cm,50 - 55 g/m2,5000m.,1000,,M,PFE/PFD,1.16666666666667,35,FOB Bangkok,,,Center price sheet,CENTER PRICE USD for internal,573,
817,CENTER,255544,,PES TULLE OUTER,100%PES,145 - 155cm,140 - 150 cm,50 - 55 g/m2,5000m.,1000,,M,All_colors,1.5,45,FOB Bangkok,,,Center price sheet,CENTER PRICE USD for internal,573,
818,CENTER,255544,,PES TULLE OUTER,100%PES,145 - 155cm,140 - 150 cm,50 - 55 g/m2,5000m.,2000,,M,PFE/PFD,1,30,FOB Bangkok,,,Center price sheet,CENTER PRICE USD for internal,574,
819,CENTER,255544,,PES TULLE OUTER,100%PES,145 - 155cm,140 - 150 cm,50 - 55 g/m2,5000m.,2000,,M,All_colors,1.33333333333333,40,FOB Bangkok,,,Center price sheet,CENTER PRICE USD for internal,574,
820,CENTER,255544,,PES TULLE OUTER,100%PES,145 - 155cm,140 - 150 cm,50 - 55 g/m2,5000m.,5000,,M,PFE/PFD,0.75,25,FOB Bangkok,,,Center price sheet,CENTER PRICE USD for internal,575,
821,CENTER,255544,,PES TULLE OUTER,100%PES,145 - 155cm,140 - 150 cm,50 - 55 g/m2,5000m.,5000,,M,All_colors,1.1,35,FOB Bangkok,,,Center price sheet,CENTER PRICE USD for internal,575,
822,CENTER,255557,,PES OUTER MELANGE,100%PES,163 - 173cm,158 - 168cm,57 - 63 g/m2,3000,1000,,M,PFE/PFD,2.06,61.8,FOB Bangkok,,,Center price sheet,CENTER PRICE USD for internal,576,
823,CENTER,255557,,PES OUTER MELANGE,100%PES,163 - 173cm,158 - 168cm,57 - 63 g/m2,3000,1000,,M,All_colors,2.5,75,FOB Bangkok,,,Center price sheet,CENTER PRICE USD for internal,576,
824,CENTER,255557,,PES OUTER MELANGE,100%PES,163 - 173cm,158 - 168cm,57 - 63 g/m2,3000,2000,,M,PFE/PFD,2.01,60.3,FOB Bangkok,,,Center price sheet,CENTER PRICE USD for internal,577,
825,CENTER,255557,,PES OUTER MELANGE,100%PES,163 - 173cm,158 - 168cm,57 - 63 g/m2,3000,2000,,M,All_colors,2.25,67.5,FOB Bangkok,,,Center price sheet,CENTER PRICE USD for internal,577,
826,CENTER,255557,,PES OUTER MELANGE,100%PES,163 - 173cm,158 - 168cm,57 - 63 g/m2,3000,5000,,M,PFE/PFD,1.96,58.8,FOB Bangkok,,,Center price sheet,CENTER PRICE USD for internal,578,
827,CENTER,255557,,PES OUTER MELANGE,100%PES,163 - 173cm,158 - 168cm,57 - 63 g/m2,3000,5000,,M,All_colors,2.18,65.4,FOB Bangkok,,,Center price sheet,CENTER PRICE USD for internal,578,
828,CENTER,255560,,PES TULLE CHOICE,100%PES,160 - 170cm,165 - 175cm,25 - 30g/m2,"5,000m.",600,,M,PFE/PFD,1.16666666666667,35,FOB Bangkok,,,Center price sheet,CENTER PRICE USD for internal,579,
829,CENTER,255560,,PES TULLE CHOICE,100%PES,160 - 170cm,165 - 175cm,25 - 30g/m2,"5,000m.",600,,M,All_colors,1.5,45,FOB Bangkok,,,Center price sheet,CENTER PRICE USD for internal,579,
830,CENTER,255560,,PES TULLE CHOICE,100%PES,160 - 170cm,165 - 175cm,25 - 30g/m2,"5,000m.",1000,,M,PFE/PFD,1,30,FOB Bangkok,,,Center price sheet,CENTER PRICE USD for internal,580,
831,CENTER,255560,,PES TULLE CHOICE,100%PES,160 - 170cm,165 - 175cm,25 - 30g/m2,"5,000m.",1000,,M,All_colors,1.33333333333333,40,FOB Bangkok,,,Center price sheet,CENTER PRICE USD for internal,580,
832,CENTER,255560,,PES TULLE CHOICE,100%PES,160 - 170cm,165 - 175cm,25 - 30g/m2,"5,000m.",5000,,M,PFE/PFD,0.933333333333333,28,FOB Bangkok,,,Center price sheet,CENTER PRICE USD for internal,581,
833,CENTER,255560,,PES TULLE CHOICE,100%PES,160 - 170cm,165 - 175cm,25 - 30g/m2,"5,000m.",5000,,M,All_colors,1.26666666666667,38,FOB Bangkok,,,Center price sheet,CENTER PRICE USD for internal,581,
834,CENTER,255566,,SONATA,"82%PA, 18%ELASTANE",185- 195cm,180 - 190cm,105 - 115g/m2,"3,000m.",500,,M,PFE/PFD,4.83333333333333,145,FOB Bangkok,,,Center price sheet,CENTER PRICE USD for internal,582,
835,CENTER,255566,,SONATA,"82%PA, 18%ELASTANE",185- 195cm,180 - 190cm,105 - 115g/m2,"3,000m.",500,,M,All_colors,5.16666666666667,155,FOB Bangkok,,,Center price sheet,CENTER PRICE USD for internal,582,
836,CENTER,255566,,SONATA,"82%PA, 18%ELASTANE",185- 195cm,180 - 190cm,105 - 115g/m2,"3,000m.",1000,,M,PFE/PFD,4.16666666666667,125,FOB Bangkok,,,Center price sheet,CENTER PRICE USD for internal,583,
837,CENTER,255566,,SONATA,"82%PA, 18%ELASTANE",185- 195cm,180 - 190cm,105 - 115g/m2,"3,000m.",1000,,M,All_colors,4.5,135,FOB Bangkok,,,Center price sheet,CENTER PRICE USD for internal,583,
838,CENTER,255567,,SPICY-BA,"89%PA, 11%ELASTANE",190- 200cm,185- 195cm,61 - 69g/m2,"3,000m.",500,,M,PFE/PFD,3.5,105,FOB Bangkok,,,Center price sheet,CENTER PRICE USD for internal,584,
839,CENTER,255567,,SPICY-BA,"89%PA, 11%ELASTANE",190- 200cm,185- 195cm,61 - 69g/m2,"3,000m.",500,,M,All_colors,3.83333333333333,115,FOB Bangkok,,,Center price sheet,CENTER PRICE USD for internal,584,
840,CENTER,255567,,SPICY-BA,"89%PA, 11%ELASTANE",190- 200cm,185- 195cm,61 - 69g/m2,"3,000m.",1000,,M,PFE/PFD,3.16666666666667,95,FOB Bangkok,,,Center price sheet,CENTER PRICE USD for internal,585,
841,CENTER,255567,,SPICY-BA,"89%PA, 11%ELASTANE",190- 200cm,185- 195cm,61 - 69g/m2,"3,000m.",1000,,M,All_colors,3.5,105,FOB Bangkok,,,Center price sheet,CENTER PRICE USD for internal,585,
842,CENTER,255569,,Doom,"80%PA, 20%ELASTANE",195- 205cm,190- 200cm,57 - 63g/m2,"3,000m.",500,,M,PFE/PFD,3,90,FOB Bangkok,,,Center price sheet,CENTER PRICE USD for internal,586,
843,CENTER,255569,,Doom,"80%PA, 20%ELASTANE",195- 205cm,190- 200cm,57 - 63g/m2,"3,000m.",500,,M,All_colors,3.33333333333333,100,FOB Bangkok,,,Center price sheet,CENTER PRICE USD for internal,586,
844,CENTER,255569,,Doom,"80%PA, 20%ELASTANE",195- 205cm,190- 200cm,57 - 63g/m2,"3,000m.",1000,,M,PFE/PFD,2.83333333333333,85,FOB Bangkok,,,Center price sheet,CENTER PRICE USD for internal,587,
845,CENTER,255569,,Doom,"80%PA, 20%ELASTANE",195- 205cm,190- 200cm,57 - 63g/m2,"3,000m.",1000,,M,All_colors,3.16666666666667,95,FOB Bangkok,,,Center price sheet,CENTER PRICE USD for internal,587,
846,CENTER,255570,,Cetus,"80%PA, 20%ELASTANE",215- 225cm,210- 220cm,175 - 195g/m2,"3,000m.",500,,M,PFE/PFD,8,240,FOB Bangkok,,,Center price sheet,CENTER PRICE USD for internal,588,
847,CENTER,255570,,Cetus,"80%PA, 20%ELASTANE",215- 225cm,210- 220cm,175 - 195g/m2,"3,000m.",500,,M,All_colors,8.33333333333333,250,FOB Bangkok,,,Center price sheet,CENTER PRICE USD for internal,588,
848,CENTER,255570,,Cetus,"80%PA, 20%ELASTANE",215- 225cm,210- 220cm,175 - 195g/m2,"3,000m.",1000,,M,PFE/PFD,7.33333333333333,220,FOB Bangkok,,,Center price sheet,CENTER PRICE USD for internal,589,
849,CENTER,255570,,Cetus,"80%PA, 20%ELASTANE",215- 225cm,210- 220cm,175 - 195g/m2,"3,000m.",1000,,M,All_colors,7.66666666666667,230,FOB Bangkok,,,Center price sheet,CENTER PRICE USD for internal,589,
850,CENTER,255571,,Cabonara,"78%PES, 22%ELASTANE",145-155 cm,140- 150cm,61 - 69 g/m2,"3,000m.",500,,M,PFE/PFD,2.33333333333333,70,FOB Bangkok,,,Center price sheet,CENTER PRICE USD for internal,590,
851,CENTER,255571,,Cabonara,"78%PES, 22%ELASTANE",145-155 cm,140- 150cm,61 - 69 g/m2,"3,000m.",500,,M,All_colors,2.66666666666667,80,FOB Bangkok,,,Center price sheet,CENTER PRICE USD for internal,590,
852,CENTER,255571,,Cabonara,"78%PES, 22%ELASTANE",145-155 cm,140- 150cm,61 - 69 g/m2,"3,000m.",1000,,M,PFE/PFD,2,60,FOB Bangkok,,,Center price sheet,CENTER PRICE USD for internal,591,
853,CENTER,255571,,Cabonara,"78%PES, 22%ELASTANE",145-155 cm,140- 150cm,61 - 69 g/m2,"3,000m.",1000,,M,All_colors,2.33333333333333,70,FOB Bangkok,,,Center price sheet,CENTER PRICE USD for internal,591,
854,CENTER,255572,,Light Away,"80%PA, 20%ELASTANE",195- 205cm,190- 200cm,57 - 63g/m2,"3,000m.",500,,M,PFE/PFD,3.16666666666667,95,FOB Bangkok,,,Center price sheet,CENTER PRICE USD for internal,592,
855,CENTER,255572,,Light Away,"80%PA, 20%ELASTANE",195- 205cm,190- 200cm,57 - 63g/m2,"3,000m.",500,,M,All_colors,3.5,105,FOB Bangkok,,,Center price sheet,CENTER PRICE USD for internal,592,
856,CENTER,255572,,Light Away,"80%PA, 20%ELASTANE",195- 205cm,190- 200cm,57 - 63g/m2,"3,000m.",1000,,M,PFE/PFD,3,90,FOB Bangkok,,,Center price sheet,CENTER PRICE USD for internal,593,
857,CENTER,255572,,Light Away,"80%PA, 20%ELASTANE",195- 205cm,190- 200cm,57 - 63g/m2,"3,000m.",1000,,M,All_colors,3.33333333333333,100,FOB Bangkok,,,Center price sheet,CENTER PRICE USD for internal,593,
858,CENTER,255595,,TECHNICAL MESH,100%PES,145-155cm,140-150cm,80 - 90/m2,"3,000m.",500,,M,PFE/PFD,1.5,45,FOB Bangkok,,,Center price sheet,CENTER PRICE USD for internal,594,
859,CENTER,255595,,TECHNICAL MESH,100%PES,145-155cm,140-150cm,80 - 90/m2,"3,000m.",500,,M,All_colors,1.83333333333333,55,FOB Bangkok,,,Center price sheet,CENTER PRICE USD for internal,594,
860,CENTER,255595,,TECHNICAL MESH,100%PES,145-155cm,140-150cm,80 - 90/m2,"3,000m.",1000,,M,PFE/PFD,1.33333333333333,40,FOB Bangkok,,,Center price sheet,CENTER PRICE USD for internal,595,
861,CENTER,255595,,TECHNICAL MESH,100%PES,145-155cm,140-150cm,80 - 90/m2,"3,000m.",1000,,M,All_colors,1.66666666666667,50,FOB Bangkok,,,Center price sheet,CENTER PRICE USD for internal,595,
862,CENTER,255596,,Kenny,"85% PA, 15% ELASTANE",155-165cm,150-160cm,114- 126g/m2,"3,000m.",500,,M,PFE/PFD,3.66666666666667,110,FOB Bangkok,,,Center price sheet,CENTER PRICE USD for internal,596,
863,CENTER,255596,,Kenny,"85% PA, 15% ELASTANE",155-165cm,150-160cm,114- 126g/m2,"3,000m.",500,,M,All_colors,4.33333333333333,130,FOB Bangkok,,,Center price sheet,CENTER PRICE USD for internal,596,
864,CENTER,255596,,Kenny,"85% PA, 15% ELASTANE",155-165cm,150-160cm,114- 126g/m2,"3,000m.",1000,,M,PFE/PFD,3.33333333333333,100,FOB Bangkok,,,Center price sheet,CENTER PRICE USD for internal,597,
865,CENTER,255596,,Kenny,"85% PA, 15% ELASTANE",155-165cm,150-160cm,114- 126g/m2,"3,000m.",1000,,M,All_colors,4,120,FOB Bangkok,,,Center price sheet,CENTER PRICE USD for internal,597,
866,CENTER,255597,,Fine,"75% PA, 25% ELASTANE",170 - 180cm,165- 175 cm,137- 152g/m2,"3,000m.",500,,M,PFE/PFD,4.66666666666667,140,FOB Bangkok,,,Center price sheet,CENTER PRICE USD for internal,598,
867,CENTER,255597,,Fine,"75% PA, 25% ELASTANE",170 - 180cm,165- 175 cm,137- 152g/m2,"3,000m.",500,,M,All_colors,5.33333333333333,160,FOB Bangkok,,,Center price sheet,CENTER PRICE USD for internal,598,
868,CENTER,255597,,Fine,"75% PA, 25% ELASTANE",170 - 180cm,165- 175 cm,137- 152g/m2,"3,000m.",1000,,M,PFE/PFD,4,120,FOB Bangkok,,,Center price sheet,CENTER PRICE USD for internal,599,
869,CENTER,255597,,Fine,"75% PA, 25% ELASTANE",170 - 180cm,165- 175 cm,137- 152g/m2,"3,000m.",1000,,M,All_colors,4.66666666666667,140,FOB Bangkok,,,Center price sheet,CENTER PRICE USD for internal,599,
870,CENTER,255418,,Imagine,"69% PA, 31% ELASTANE",158 168 g/m2,153 -163cm,90 - 100g/m2,"3,000m.",500,,M,PFE/PFD,5.16666666666667,155,FOB Bangkok,,,Center price sheet,CENTER PRICE USD for internal,600,
871,CENTER,255418,,Imagine,"69% PA, 31% ELASTANE",158 168 g/m2,153 -163cm,90 - 100g/m2,"3,000m.",500,,M,All_colors,5.83333333333333,175,FOB Bangkok,,,Center price sheet,CENTER PRICE USD for internal,600,
872,CENTER,255418,,Imagine,"69% PA, 31% ELASTANE",158 168 g/m2,153 -163cm,90 - 100g/m2,"3,000m.",1000,,M,PFE/PFD,4.83333333333333,145,FOB Bangkok,,,Center price sheet,CENTER PRICE USD for internal,601,
873,CENTER,255418,,Imagine,"69% PA, 31% ELASTANE",158 168 g/m2,153 -163cm,90 - 100g/m2,"3,000m.",1000,,M,All_colors,5.5,165,FOB Bangkok,,,Center price sheet,CENTER PRICE USD for internal,601,
874,CENTER,255600,,Joanne,"73% PA, 27% ELASTANE",160-170cm,155-165cm,190 - 210g/m2,"3,000m.",500,,M,PFE/PFD,7.16666666666667,215,FOB Bangkok,,,Center price sheet,CENTER PRICE USD for internal,602,
875,CENTER,255600,,Joanne,"73% PA, 27% ELASTANE",160-170cm,155-165cm,190 - 210g/m2,"3,000m.",500,,M,All_colors,7.83333333333333,235,FOB Bangkok,,,Center price sheet,CENTER PRICE USD for internal,602,
876,CENTER,255600,,Joanne,"73% PA, 27% ELASTANE",160-170cm,155-165cm,190 - 210g/m2,"3,000m.",1000,,M,PFE/PFD,6.83333333333333,205,FOB Bangkok,,,Center price sheet,CENTER PRICE USD for internal,603,
877,CENTER,255600,,Joanne,"73% PA, 27% ELASTANE",160-170cm,155-165cm,190 - 210g/m2,"3,000m.",1000,,M,All_colors,7.5,225,FOB Bangkok,,,Center price sheet,CENTER PRICE USD for internal,603,
878,CENTER,256524,,CO/PA PIQUET,"59% CO, 41% PA",160 - 165 cm.,155 - 160 cm.,65 - 70 g/m2,"3,000m.",200,600,M,PFE/PFD,3.05,,FOB Bangkok,,,Center price sheet,CENTER PRICE USD for internal,604,
879,CENTER,256524,,CO/PA PIQUET,"59% CO, 41% PA",160 - 165 cm.,155 - 160 cm.,65 - 70 g/m2,"3,000m.",200,600,M,All_colors,3.85,,FOB Bangkok,,,Center price sheet,CENTER PRICE USD for internal,604,
880,CENTER,256524,,CO/PA PIQUET,"59% CO, 41% PA",160 - 165 cm.,155 - 160 cm.,65 - 70 g/m2,"3,000m.",601,2000,M,PFE/PFD,2.75,,FOB Bangkok,,,Center price sheet,CENTER PRICE USD for internal,605,
881,CENTER,256524,,CO/PA PIQUET,"59% CO, 41% PA",160 - 165 cm.,155 - 160 cm.,65 - 70 g/m2,"3,000m.",601,2000,M,All_colors,3.55,,FOB Bangkok,,,Center price sheet,CENTER PRICE USD for internal,605,
882,CENTER,256524,,CO/PA PIQUET,"59% CO, 41% PA",160 - 165 cm.,155 - 160 cm.,65 - 70 g/m2,"3,000m.",2001,5000,M,PFE/PFD,2.65,,FOB Bangkok,,,Center price sheet,CENTER PRICE USD for internal,606,
883,CENTER,256524,,CO/PA PIQUET,"59% CO, 41% PA",160 - 165 cm.,155 - 160 cm.,65 - 70 g/m2,"3,000m.",2001,5000,M,All_colors,3.4,,FOB Bangkok,,,Center price sheet,CENTER PRICE USD for internal,606,
884,CENTER,256530,,PA VOILE TRILOBAL,100% PA,153 - 158 cm.,148 - 153 cm.,38 - 43 g/m2,"3,000m.",200,600,M,PFE/PFD,2.16666666666667,65,FOB Bangkok,,,Center price sheet,CENTER PRICE USD for internal,608,
885,CENTER,256530,,PA VOILE TRILOBAL,100% PA,153 - 158 cm.,148 - 153 cm.,38 - 43 g/m2,"3,000m.",200,600,M,All_colors,2.83333333333333,85,FOB Bangkok,,,Center price sheet,CENTER PRICE USD for internal,608,
886,CENTER,256530,,PA VOILE TRILOBAL,100% PA,153 - 158 cm.,148 - 153 cm.,38 - 43 g/m2,"3,000m.",601,2000,M,PFE/PFD,2,60,FOB Bangkok,,,Center price sheet,CENTER PRICE USD for internal,609,
887,CENTER,256530,,PA VOILE TRILOBAL,100% PA,153 - 158 cm.,148 - 153 cm.,38 - 43 g/m2,"3,000m.",601,2000,M,All_colors,2.5,75,FOB Bangkok,,,Center price sheet,CENTER PRICE USD for internal,609,
888,CENTER,256530,,PA VOILE TRILOBAL,100% PA,153 - 158 cm.,148 - 153 cm.,38 - 43 g/m2,"3,000m.",2001,5000,M,PFE/PFD,1.83333333333333,55,FOB Bangkok,,,Center price sheet,CENTER PRICE USD for internal,610,
889,CENTER,256530,,PA VOILE TRILOBAL,100% PA,153 - 158 cm.,148 - 153 cm.,38 - 43 g/m2,"3,000m.",2001,5000,M,All_colors,2.16666666666667,65,FOB Bangkok,,,Center price sheet,CENTER PRICE USD for internal,610,
890,CENTER,256575,,PES VOILE LIGHT,100% PES,170 - 175 cm.,165 - 170 cm.,23 - 28 g/m2,"3,000m.",200,600,M,PFE/PFD,1.66666666666667,50,FOB Bangkok,,,Center price sheet,CENTER PRICE USD for internal,612,
891,CENTER,256575,,PES VOILE LIGHT,100% PES,170 - 175 cm.,165 - 170 cm.,23 - 28 g/m2,"3,000m.",200,600,M,All_colors,2.16666666666667,65,FOB Bangkok,,,Center price sheet,CENTER PRICE USD for internal,612,
892,CENTER,256575,,PES VOILE LIGHT,100% PES,170 - 175 cm.,165 - 170 cm.,23 - 28 g/m2,"3,000m.",601,2000,M,PFE/PFD,1.5,45,FOB Bangkok,,,Center price sheet,CENTER PRICE USD for internal,613,
893,CENTER,256575,,PES VOILE LIGHT,100% PES,170 - 175 cm.,165 - 170 cm.,23 - 28 g/m2,"3,000m.",601,2000,M,All_colors,1.83333333333333,55,FOB Bangkok,,,Center price sheet,CENTER PRICE USD for internal,613,
894,CENTER,256575,,PES VOILE LIGHT,100% PES,170 - 175 cm.,165 - 170 cm.,23 - 28 g/m2,"3,000m.",2001,5000,M,PFE/PFD,1.33333333333333,40,FOB Bangkok,,,Center price sheet,CENTER PRICE USD for internal,614,
895,CENTER,256575,,PES VOILE LIGHT,100% PES,170 - 175 cm.,165 - 170 cm.,23 - 28 g/m2,"3,000m.",2001,5000,M,All_colors,1.66666666666667,50,FOB Bangkok,,,Center price sheet,CENTER PRICE USD for internal,614,
896,CENTER,256634,,PA VOILE MATT,100% PA,158 - 163 cm.,153 - 158 cm.,35 - 40 g/m2,"3,000m.",200,600,M,PFE/PFD,2.33333333333333,70,FOB Bangkok,,,Center price sheet,CENTER PRICE USD for internal,616,
897,CENTER,256634,,PA VOILE MATT,100% PA,158 - 163 cm.,153 - 158 cm.,35 - 40 g/m2,"3,000m.",200,600,M,All_colors,3,90,FOB Bangkok,,,Center price sheet,CENTER PRICE USD for internal,616,
898,CENTER,256634,,PA VOILE MATT,100% PA,158 - 163 cm.,153 - 158 cm.,35 - 40 g/m2,"3,000m.",601,2000,M,PFE/PFD,2,60,FOB Bangkok,,,Center price sheet,CENTER PRICE USD for internal,617,
899,CENTER,256634,,PA VOILE MATT,100% PA,158 - 163 cm.,153 - 158 cm.,35 - 40 g/m2,"3,000m.",601,2000,M,All_colors,2.5,75,FOB Bangkok,,,Center price sheet,CENTER PRICE USD for internal,617,
900,CENTER,256634,,PA VOILE MATT,100% PA,158 - 163 cm.,153 - 158 cm.,35 - 40 g/m2,"3,000m.",2001,5000,M,PFE/PFD,1.9,57,FOB Bangkok,,,Center price sheet,CENTER PRICE USD for internal,618,
901,CENTER,256634,,PA VOILE MATT,100% PA,158 - 163 cm.,153 - 158 cm.,35 - 40 g/m2,"3,000m.",2001,5000,M,All_colors,2.33333333333333,70,FOB Bangkok,,,Center price sheet,CENTER PRICE USD for internal,618,
902,CENTER,255554,,PA INVISIBLE ELASTIC,"77% PA, 23% ELASTANE",150 - 160 cm.,145 - 155 cm.,24 - 28 g/m2,"3,000m",200,600,M,PFE/PFD,1.9,,FOB Bangkok,,,Center price sheet,CENTER PRICE USD for internal,621,
903,CENTER,255554,,PA INVISIBLE ELASTIC,"77% PA, 23% ELASTANE",150 - 160 cm.,145 - 155 cm.,24 - 28 g/m2,"3,000m",200,600,M,All_colors,2.6,,FOB Bangkok,,,Center price sheet,CENTER PRICE USD for internal,621,
904,CENTER,255554,,PA INVISIBLE ELASTIC,"77% PA, 23% ELASTANE",150 - 160 cm.,145 - 155 cm.,24 - 28 g/m2,"3,000m",601,2000,M,PFE/PFD,1.7,,FOB Bangkok,,,Center price sheet,CENTER PRICE USD for internal,622,
905,CENTER,255554,,PA INVISIBLE ELASTIC,"77% PA, 23% ELASTANE",150 - 160 cm.,145 - 155 cm.,24 - 28 g/m2,"3,000m",601,2000,M,All_colors,2.25,,FOB Bangkok,,,Center price sheet,CENTER PRICE USD for internal,622,
906,CENTER,255554,,PA INVISIBLE ELASTIC,"77% PA, 23% ELASTANE",150 - 160 cm.,145 - 155 cm.,24 - 28 g/m2,"3,000m",2001,5000,M,PFE/PFD,1.55,,FOB Bangkok,,,Center price sheet,CENTER PRICE USD for internal,623,
907,CENTER,255554,,PA INVISIBLE ELASTIC,"77% PA, 23% ELASTANE",150 - 160 cm.,145 - 155 cm.,24 - 28 g/m2,"3,000m",2001,5000,M,All_colors,2.1,,FOB Bangkok,,,Center price sheet,CENTER PRICE USD for internal,623,
908,CENTER,255612,,MOLDABLE TULLE,100% PES,130 - 140 cm.,125 - 135 cm.,45 - 50 g/m2,"3,000m",200,600,M,All_colors,2.4,,FOB Bangkok,,,Center price sheet,CENTER PRICE USD for internal,624,
909,CENTER,255612,,MOLDABLE TULLE,100% PES,130 - 140 cm.,125 - 135 cm.,45 - 50 g/m2,"3,000m",601,2000,M,All_colors,2.15,,FOB Bangkok,,,Center price sheet,CENTER PRICE USD for internal,625,
910,CENTER,255612,,MOLDABLE TULLE,100% PES,130 - 140 cm.,125 - 135 cm.,45 - 50 g/m2,"3,000m",2001,5000,M,All_colors,1.85,,FOB Bangkok,,,Center price sheet,CENTER PRICE USD for internal,626,
911,CENTER,255602,,Elastic tulle Wider (254804),"86% PA, 14% Elastane",155 - 160 cm.,150 - 155 cm.,45 - 50 g/m2,"3,000m",200,600,M,PFE/PFD,2.55,,FOB Bangkok,,,Center price sheet,CENTER PRICE USD for internal,628,
912,CENTER,255602,,Elastic tulle Wider (254804),"86% PA, 14% Elastane",155 - 160 cm.,150 - 155 cm.,45 - 50 g/m2,"3,000m",200,600,M,All_colors,3.2,,FOB Bangkok,,,Center price sheet,CENTER PRICE USD for internal,628,
913,CENTER,255602,,Elastic tulle Wider (254804),"86% PA, 14% Elastane",155 - 160 cm.,150 - 155 cm.,45 - 50 g/m2,"3,000m",601,2000,M,PFE/PFD,2.2,,FOB Bangkok,,,Center price sheet,CENTER PRICE USD for internal,629,
914,CENTER,255602,,Elastic tulle Wider (254804),"86% PA, 14% Elastane",155 - 160 cm.,150 - 155 cm.,45 - 50 g/m2,"3,000m",601,2000,M,All_colors,2.8,,FOB Bangkok,,,Center price sheet,CENTER PRICE USD for internal,629,
915,CENTER,255602,,Elastic tulle Wider (254804),"86% PA, 14% Elastane",155 - 160 cm.,150 - 155 cm.,45 - 50 g/m2,"3,000m",2001,5000,M,PFE/PFD,1.95,,FOB Bangkok,,,Center price sheet,CENTER PRICE USD for internal,630,
916,CENTER,255602,,Elastic tulle Wider (254804),"86% PA, 14% Elastane",155 - 160 cm.,150 - 155 cm.,45 - 50 g/m2,"3,000m",2001,5000,M,All_colors,2.6,,FOB Bangkok,,,Center price sheet,CENTER PRICE USD for internal,630,
917,CENTER,255603,,Elastic Tulle Pascal Wider(254824),"70% PA, 30% Elastane",155 - 160 cm.,150 - 155 cm.,50 - 55 g/m2,"3,000m",200,600,M,PFE/PFD,2.75,,FOB Bangkok,,,Center price sheet,CENTER PRICE USD for internal,632,
918,CENTER,255603,,Elastic Tulle Pascal Wider(254824),"70% PA, 30% Elastane",155 - 160 cm.,150 - 155 cm.,50 - 55 g/m2,"3,000m",200,600,M,All_colors,3.4,,FOB Bangkok,,,Center price sheet,CENTER PRICE USD for internal,632,
919,CENTER,255603,,Elastic Tulle Pascal Wider(254824),"70% PA, 30% Elastane",155 - 160 cm.,150 - 155 cm.,50 - 55 g/m2,"3,000m",601,2000,M,PFE/PFD,2.4,,FOB Bangkok,,,Center price sheet,CENTER PRICE USD for internal,633,
920,CENTER,255603,,Elastic Tulle Pascal Wider(254824),"70% PA, 30% Elastane",155 - 160 cm.,150 - 155 cm.,50 - 55 g/m2,"3,000m",601,2000,M,All_colors,3.05,,FOB Bangkok,,,Center price sheet,CENTER PRICE USD for internal,633,
921,CENTER,255603,,Elastic Tulle Pascal Wider(254824),"70% PA, 30% Elastane",155 - 160 cm.,150 - 155 cm.,50 - 55 g/m2,"3,000m",2001,5000,M,PFE/PFD,2.2,,FOB Bangkok,,,Center price sheet,CENTER PRICE USD for internal,634,
922,CENTER,255603,,Elastic Tulle Pascal Wider(254824),"70% PA, 30% Elastane",155 - 160 cm.,150 - 155 cm.,50 - 55 g/m2,"3,000m",2001,5000,M,All_colors,2.8,,FOB Bangkok,,,Center price sheet,CENTER PRICE USD for internal,634,
923,CENTER,255628,,ASTER,"73% PES, 27% ELASTANE",158 - 168 cm.,153 - 163 cm.,164 - 182 g/m2,"3,000m",200,600,M,PFE/PFD,4.85,,FOB Bangkok,,,Center price sheet,CENTER PRICE USD for internal,636,
924,CENTER,255628,,ASTER,"73% PES, 27% ELASTANE",158 - 168 cm.,153 - 163 cm.,164 - 182 g/m2,"3,000m",200,600,M,All_colors,6.25,,FOB Bangkok,,,Center price sheet,CENTER PRICE USD for internal,636,
925,CENTER,255628,,ASTER,"73% PES, 27% ELASTANE",158 - 168 cm.,153 - 163 cm.,164 - 182 g/m2,"3,000m",601,2000,M,PFE/PFD,4.25,,FOB Bangkok,,,Center price sheet,CENTER PRICE USD for internal,637,
926,CENTER,255628,,ASTER,"73% PES, 27% ELASTANE",158 - 168 cm.,153 - 163 cm.,164 - 182 g/m2,"3,000m",601,2000,M,All_colors,5.4,,FOB Bangkok,,,Center price sheet,CENTER PRICE USD for internal,637,
927,CENTER,255628,,ASTER,"73% PES, 27% ELASTANE",158 - 168 cm.,153 - 163 cm.,164 - 182 g/m2,"3,000m",2001,5000,M,PFE/PFD,3.9,,FOB Bangkok,,,Center price sheet,CENTER PRICE USD for internal,638,
928,CENTER,255628,,ASTER,"73% PES, 27% ELASTANE",158 - 168 cm.,153 - 163 cm.,164 - 182 g/m2,"3,000m",2001,5000,M,All_colors,5.15,,FOB Bangkok,,,Center price sheet,CENTER PRICE USD for internal,638,
929,CENTER,255644,,DAHLIA,"96% PA, 4% ELASTANE",163 - 173 cm.,158 - 168 cm.,66 - 74 g/m2,"3,000m",500,,M,PFE/PFD,2.8,,FOB Bangkok,,,Center price sheet,CENTER PRICE USD for internal,640,
930,CENTER,255644,,DAHLIA,"96% PA, 4% ELASTANE",163 - 173 cm.,158 - 168 cm.,66 - 74 g/m2,"3,000m",500,,M,All_colors,3.85,,FOB Bangkok,,,Center price sheet,CENTER PRICE USD for internal,640,
931,CENTER,255545AA,,ROSEMARY,"70% PA, 30% ELASTANE",142 - 152 cm.,137 - 147 cm.,190 - 210 g/m2,"3,000m",200,600,M,PFE/PFD,7.15,,FOB Bangkok,,,Center price sheet,CENTER PRICE USD for internal,644,
932,CENTER,255545AA,,ROSEMARY,"70% PA, 30% ELASTANE",142 - 152 cm.,137 - 147 cm.,190 - 210 g/m2,"3,000m",200,600,M,All_colors,8.15,,FOB Bangkok,,,Center price sheet,CENTER PRICE USD for internal,644,
933,CENTER,255545AA,,ROSEMARY,"70% PA, 30% ELASTANE",142 - 152 cm.,137 - 147 cm.,190 - 210 g/m2,"3,000m",601,2000,M,PFE/PFD,6.75,,FOB Bangkok,,,Center price sheet,CENTER PRICE USD for internal,645,
934,CENTER,255545AA,,ROSEMARY,"70% PA, 30% ELASTANE",142 - 152 cm.,137 - 147 cm.,190 - 210 g/m2,"3,000m",601,2000,M,All_colors,7.75,,FOB Bangkok,,,Center price sheet,CENTER PRICE USD for internal,645,
935,CENTER,255545AA,,ROSEMARY,"70% PA, 30% ELASTANE",142 - 152 cm.,137 - 147 cm.,190 - 210 g/m2,"3,000m",2001,5000,M,PFE/PFD,6.65,,FOB Bangkok,,,Center price sheet,CENTER PRICE USD for internal,646,
936,CENTER,255545AA,,ROSEMARY,"70% PA, 30% ELASTANE",142 - 152 cm.,137 - 147 cm.,190 - 210 g/m2,"3,000m",2001,5000,M,All_colors,7.65,,FOB Bangkok,,,Center price sheet,CENTER PRICE USD for internal,646,
937,CENTER,255545BA,,BEGONIA,"70% PA, 30% ELASTANE",140 - 150 cm.,135 - 145 cm.,210 - 230 g/m2,"3,000m",200,600,M,PFE/PFD,7.15,,FOB Bangkok,,,Center price sheet,CENTER PRICE USD for internal,648,
938,CENTER,255545BA,,BEGONIA,"70% PA, 30% ELASTANE",140 - 150 cm.,135 - 145 cm.,210 - 230 g/m2,"3,000m",200,600,M,All_colors,8.15,,FOB Bangkok,,,Center price sheet,CENTER PRICE USD for internal,648,
939,CENTER,255545BA,,BEGONIA,"70% PA, 30% ELASTANE",140 - 150 cm.,135 - 145 cm.,210 - 230 g/m2,"3,000m",601,2000,M,PFE/PFD,6.75,,FOB Bangkok,,,Center price sheet,CENTER PRICE USD for internal,649,
940,CENTER,255545BA,,BEGONIA,"70% PA, 30% ELASTANE",140 - 150 cm.,135 - 145 cm.,210 - 230 g/m2,"3,000m",601,2000,M,All_colors,7.75,,FOB Bangkok,,,Center price sheet,CENTER PRICE USD for internal,649,
941,CENTER,255545BA,,BEGONIA,"70% PA, 30% ELASTANE",140 - 150 cm.,135 - 145 cm.,210 - 230 g/m2,"3,000m",2001,5000,M,PFE/PFD,6.65,,FOB Bangkok,,,Center price sheet,CENTER PRICE USD for internal,650,
942,CENTER,255545BA,,BEGONIA,"70% PA, 30% ELASTANE",140 - 150 cm.,135 - 145 cm.,210 - 230 g/m2,"3,000m",2001,5000,M,All_colors,7.65,,FOB Bangkok,,,Center price sheet,CENTER PRICE USD for internal,650,
943,CENTER,255635,,ACACIA,"67% PA, 33% ELASTANE",150 - 160 cm.,145 - 155 cm.,210 - 230 g/m2,"3,000m",200,600,M,PFE/PFD,7.45,,FOB Bangkok,,,Center price sheet,CENTER PRICE USD for internal,652,
944,CENTER,255635,,ACACIA,"67% PA, 33% ELASTANE",150 - 160 cm.,145 - 155 cm.,210 - 230 g/m2,"3,000m",200,600,M,All_colors,8.45,,FOB Bangkok,,,Center price sheet,CENTER PRICE USD for internal,652,
945,CENTER,255635,,ACACIA,"67% PA, 33% ELASTANE",150 - 160 cm.,145 - 155 cm.,210 - 230 g/m2,"3,000m",601,2000,M,PFE/PFD,7.05,,FOB Bangkok,,,Center price sheet,CENTER PRICE USD for internal,653,
946,CENTER,255635,,ACACIA,"67% PA, 33% ELASTANE",150 - 160 cm.,145 - 155 cm.,210 - 230 g/m2,"3,000m",601,2000,M,All_colors,8.05,,FOB Bangkok,,,Center price sheet,CENTER PRICE USD for internal,653,
947,CENTER,255635,,ACACIA,"67% PA, 33% ELASTANE",150 - 160 cm.,145 - 155 cm.,210 - 230 g/m2,"3,000m",2001,5000,M,PFE/PFD,6.95,,FOB Bangkok,,,Center price sheet,CENTER PRICE USD for internal,654,
948,CENTER,255635,,ACACIA,"67% PA, 33% ELASTANE",150 - 160 cm.,145 - 155 cm.,210 - 230 g/m2,"3,000m",2001,5000,M,All_colors,7.95,,FOB Bangkok,,,Center price sheet,CENTER PRICE USD for internal,654,
949,CENTER,255624,,SANDY,"58% PA, 42% ELASTANE",192 - 204 cm.,190 - 200 cm.,180 - 200 g/m2,"3,000m",200,600,M,PFE/PFD,6.9,,FOB Bangkok,,,Center price sheet,CENTER PRICE USD for internal,656,
950,CENTER,255624,,SANDY,"58% PA, 42% ELASTANE",192 - 204 cm.,190 - 200 cm.,180 - 200 g/m2,"3,000m",200,600,M,All_colors,9.15,,FOB Bangkok,,,Center price sheet,CENTER PRICE USD for internal,656,
951,CENTER,255624,,SANDY,"58% PA, 42% ELASTANE",192 - 204 cm.,190 - 200 cm.,180 - 200 g/m2,"3,000m",601,2000,M,PFE/PFD,6.4,,FOB Bangkok,,,Center price sheet,CENTER PRICE USD for internal,657,
952,CENTER,255624,,SANDY,"58% PA, 42% ELASTANE",192 - 204 cm.,190 - 200 cm.,180 - 200 g/m2,"3,000m",601,2000,M,All_colors,7.95,,FOB Bangkok,,,Center price sheet,CENTER PRICE USD for internal,657,
953,CENTER,255624,,SANDY,"58% PA, 42% ELASTANE",192 - 204 cm.,190 - 200 cm.,180 - 200 g/m2,"3,000m",2001,5000,M,PFE/PFD,6.15,,FOB Bangkok,,,Center price sheet,CENTER PRICE USD for internal,658,
954,CENTER,255624,,SANDY,"58% PA, 42% ELASTANE",192 - 204 cm.,190 - 200 cm.,180 - 200 g/m2,"3,000m",2001,5000,M,All_colors,7.65,,FOB Bangkok,,,Center price sheet,CENTER PRICE USD for internal,658,
955,CENTER,255610,,MYLA 01,"91% PA, 9% Metallised PES ( LUREX )",145 - 155 cm.,140 - 150 cm.,48 - 53 g/m2,"3,000m",200,600,M,All_colors,2.7,,FOB Bangkok,,,Center price sheet,CENTER PRICE USD for internal,660,
956,CENTER,255610,,MYLA 01,"91% PA, 9% Metallised PES ( LUREX )",145 - 155 cm.,140 - 150 cm.,48 - 53 g/m2,"3,000m",601,2000,M,PFE/PFD,1.95,,FOB Bangkok,,,Center price sheet,CENTER PRICE USD for internal,661,
957,CENTER,255610,,MYLA 01,"91% PA, 9% Metallised PES ( LUREX )",145 - 155 cm.,140 - 150 cm.,48 - 53 g/m2,"3,000m",601,2000,M,All_colors,2.45,,FOB Bangkok,,,Center price sheet,CENTER PRICE USD for internal,661,
958,CENTER,255610,,MYLA 01,"91% PA, 9% Metallised PES ( LUREX )",145 - 155 cm.,140 - 150 cm.,48 - 53 g/m2,"3,000m",2001,5000,M,PFE/PFD,1.8,,FOB Bangkok,,,Center price sheet,CENTER PRICE USD for internal,662,
959,CENTER,255610,,MYLA 01,"91% PA, 9% Metallised PES ( LUREX )",145 - 155 cm.,140 - 150 cm.,48 - 53 g/m2,"3,000m",2001,5000,M,All_colors,2.25,,FOB Bangkok,,,Center price sheet,CENTER PRICE USD for internal,662,
960,CENTER,255621,,MYLA 03,"80% PA, 20% Metallised PES ( LUREX )",148 - 158 cm.,143 - 153 cm.,45 - 50 g/m2,"3,000m",200,600,M,All_colors,3.4,,FOB Bangkok,,,Center price sheet,CENTER PRICE USD for internal,664,
961,CENTER,255621,,MYLA 03,"80% PA, 20% Metallised PES ( LUREX )",148 - 158 cm.,143 - 153 cm.,45 - 50 g/m2,"3,000m",601,2000,M,PFE/PFD,2.45,,FOB Bangkok,,,Center price sheet,CENTER PRICE USD for internal,665,
962,CENTER,255621,,MYLA 03,"80% PA, 20% Metallised PES ( LUREX )",148 - 158 cm.,143 - 153 cm.,45 - 50 g/m2,"3,000m",601,2000,M,All_colors,3,,FOB Bangkok,,,Center price sheet,CENTER PRICE USD for internal,665,
963,CENTER,255621,,MYLA 03,"80% PA, 20% Metallised PES ( LUREX )",148 - 158 cm.,143 - 153 cm.,45 - 50 g/m2,"3,000m",2001,5000,M,PFE/PFD,2.25,,FOB Bangkok,,,Center price sheet,CENTER PRICE USD for internal,666,
964,CENTER,255621,,MYLA 03,"80% PA, 20% Metallised PES ( LUREX )",148 - 158 cm.,143 - 153 cm.,45 - 50 g/m2,"3,000m",2001,5000,M,All_colors,2.75,,FOB Bangkok,,,Center price sheet,CENTER PRICE USD for internal,666,
965,CENTER,255654,,SALONI,100% PES,150 - 160 cm.,145 - 155 cm.,61 - 69 g/m2,"3,000m",200,600,M,PFE/PFD,1.17,,FOB Bangkok,,,Center price sheet,CENTER PRICE USD for internal,668,
966,CENTER,255654,,SALONI,100% PES,150 - 160 cm.,145 - 155 cm.,61 - 69 g/m2,"3,000m",200,600,M,All_colors,1.55,,FOB Bangkok,,,Center price sheet,CENTER PRICE USD for internal,668,
967,CENTER,255654,,SALONI,100% PES,150 - 160 cm.,145 - 155 cm.,61 - 69 g/m2,"3,000m",601,2000,M,PFE/PFD,1,,FOB Bangkok,,,Center price sheet,CENTER PRICE USD for internal,669,
968,CENTER,255654,,SALONI,100% PES,150 - 160 cm.,145 - 155 cm.,61 - 69 g/m2,"3,000m",601,2000,M,All_colors,1.25,,FOB Bangkok,,,Center price sheet,CENTER PRICE USD for internal,669,
969,CENTER,255654,,SALONI,100% PES,150 - 160 cm.,145 - 155 cm.,61 - 69 g/m2,"3,000m",2001,5000,M,PFE/PFD,0.9,,FOB Bangkok,,,Center price sheet,CENTER PRICE USD for internal,670,
970,CENTER,255654,,SALONI,100% PES,150 - 160 cm.,145 - 155 cm.,61 - 69 g/m2,"3,000m",2001,5000,M,All_colors,1.15,,FOB Bangkok,,,Center price sheet,CENTER PRICE USD for internal,670,
971,CENTER,255633,,MOLDABLE TULLE 02,100% PES,153-163,148-158,55-60 g/m2,"3,000m",200,600,M,All_colors,2.55,,FOB Bangkok,,,Center price sheet,CENTER PRICE USD for internal,672,
972,CENTER,255633,,MOLDABLE TULLE 02,100% PES,153-163,148-158,55-60 g/m2,"3,000m",601,2000,M,All_colors,2.45,,FOB Bangkok,,,Center price sheet,CENTER PRICE USD for internal,673,
973,CENTER,255633,,MOLDABLE TULLE 02,100% PES,153-163,148-158,55-60 g/m2,"3,000m",2001,5000,M,All_colors,2.05,,FOB Bangkok,,,Center price sheet,CENTER PRICE USD for internal,674,
974,CENTER,255643AA/15,,PENNY/15,"80% PES, 20% ELASTANE",140 - 150 cm.,135 - 145 cm.,114 - 126 g/m2,"3,000m",200,600,M,PFE/PFD,2.8,,FOB Bangkok,,,Center price sheet,CENTER PRICE USD for internal,677,
975,CENTER,255643AA/15,,PENNY/15,"80% PES, 20% ELASTANE",140 - 150 cm.,135 - 145 cm.,114 - 126 g/m2,"3,000m",200,600,M,All_colors,3.6,,FOB Bangkok,,,Center price sheet,CENTER PRICE USD for internal,677,
976,CENTER,255643AA/15,,PENNY/15,"80% PES, 20% ELASTANE",140 - 150 cm.,135 - 145 cm.,114 - 126 g/m2,"3,000m",601,2000,M,PFE/PFD,2.55,,FOB Bangkok,,,Center price sheet,CENTER PRICE USD for internal,678,
977,CENTER,255643AA/15,,PENNY/15,"80% PES, 20% ELASTANE",140 - 150 cm.,135 - 145 cm.,114 - 126 g/m2,"3,000m",601,2000,M,All_colors,3.2,,FOB Bangkok,,,Center price sheet,CENTER PRICE USD for internal,678,
978,CENTER,255643AA/15,,PENNY/15,"80% PES, 20% ELASTANE",140 - 150 cm.,135 - 145 cm.,114 - 126 g/m2,"3,000m",2001,5000,M,PFE/PFD,2.3,,FOB Bangkok,,,Center price sheet,CENTER PRICE USD for internal,679,
979,CENTER,255643AA/15,,PENNY/15,"80% PES, 20% ELASTANE",140 - 150 cm.,135 - 145 cm.,114 - 126 g/m2,"3,000m",2001,5000,M,All_colors,3.05,,FOB Bangkok,,,Center price sheet,CENTER PRICE USD for internal,679,
980,CENTER,255604,,RACE 01,"84% PES, 16% ELASTANE",143 - 153 cm.,138 - 148 cm.,61 - 69 g/m2,"3,000m",200,600,M,PFE/PFD,2.1,,FOB Bangkok,,,Center price sheet,CENTER PRICE USD for internal,681,
981,CENTER,255604,,RACE 01,"84% PES, 16% ELASTANE",143 - 153 cm.,138 - 148 cm.,61 - 69 g/m2,"3,000m",200,600,M,All_colors,2.75,,FOB Bangkok,,,Center price sheet,CENTER PRICE USD for internal,681,
982,CENTER,255604,,RACE 01,"84% PES, 16% ELASTANE",143 - 153 cm.,138 - 148 cm.,61 - 69 g/m2,"3,000m",601,2000,M,PFE/PFD,2,,FOB Bangkok,,,Center price sheet,CENTER PRICE USD for internal,682,
983,CENTER,255604,,RACE 01,"84% PES, 16% ELASTANE",143 - 153 cm.,138 - 148 cm.,61 - 69 g/m2,"3,000m",601,2000,M,All_colors,2.5,,FOB Bangkok,,,Center price sheet,CENTER PRICE USD for internal,682,
984,CENTER,255604,,RACE 01,"84% PES, 16% ELASTANE",143 - 153 cm.,138 - 148 cm.,61 - 69 g/m2,"3,000m",2001,5000,M,PFE/PFD,1.85,,FOB Bangkok,,,Center price sheet,CENTER PRICE USD for internal,683,
985,CENTER,255604,,RACE 01,"84% PES, 16% ELASTANE",143 - 153 cm.,138 - 148 cm.,61 - 69 g/m2,"3,000m",2001,5000,M,All_colors,2.35,,FOB Bangkok,,,Center price sheet,CENTER PRICE USD for internal,683,
986,CENTER,255605,,RACE 02,"82% PES, 18% ELASTANE",143 - 153 cm.,138-148,55-60 g/m2,"3,000m",200,600,M,PFE/PFD,2.35,,FOB Bangkok,,,Center price sheet,CENTER PRICE USD for internal,685,
987,CENTER,255605,,RACE 02,"82% PES, 18% ELASTANE",143 - 153 cm.,138-148,55-60 g/m2,"3,000m",200,600,M,All_colors,2.85,,FOB Bangkok,,,Center price sheet,CENTER PRICE USD for internal,685,
988,CENTER,255605,,RACE 02,"82% PES, 18% ELASTANE",143 - 153 cm.,138-148,55-60 g/m2,"3,000m",601,2000,M,PFE/PFD,2.1,,FOB Bangkok,,,Center price sheet,CENTER PRICE USD for internal,686,
989,CENTER,255605,,RACE 02,"82% PES, 18% ELASTANE",143 - 153 cm.,138-148,55-60 g/m2,"3,000m",601,2000,M,All_colors,2.6,,FOB Bangkok,,,Center price sheet,CENTER PRICE USD for internal,686,
990,CENTER,255605,,RACE 02,"82% PES, 18% ELASTANE",143 - 153 cm.,138-148,55-60 g/m2,"3,000m",2001,5000,M,PFE/PFD,1.95,,FOB Bangkok,,,Center price sheet,CENTER PRICE USD for internal,687,
991,CENTER,255605,,RACE 02,"82% PES, 18% ELASTANE",143 - 153 cm.,138-148,55-60 g/m2,"3,000m",2001,5000,M,All_colors,2.45,,FOB Bangkok,,,Center price sheet,CENTER PRICE USD for internal,687,
992,CENTER,255614,,SAHARA,"90% PA, 10% ELASTANE",145-155 CM,140-150,66-74,3000 m,500,,M,All_colors,2.95,,FOB Bangkok,,,Center price sheet,CENTER PRICE USD for internal,689,
993,CENTER,255640,,LUNA TM,100% PA,155 - 165 cm.,150 - 160 cm.,23 - 28 g/m2,"3,000m",200,600,M,PFE/PFD,1.45,,FOB Bangkok,,,Center price sheet,CENTER PRICE USD for internal,693,
994,CENTER,255640,,LUNA TM,100% PA,155 - 165 cm.,150 - 160 cm.,23 - 28 g/m2,"3,000m",200,600,M,All_colors,1.95,,FOB Bangkok,,,Center price sheet,CENTER PRICE USD for internal,693,
995,CENTER,255640,,LUNA TM,100% PA,155 - 165 cm.,150 - 160 cm.,23 - 28 g/m2,"3,000m",601,2000,M,PFE/PFD,1.2,,FOB Bangkok,,,Center price sheet,CENTER PRICE USD for internal,694,
996,CENTER,255640,,LUNA TM,100% PA,155 - 165 cm.,150 - 160 cm.,23 - 28 g/m2,"3,000m",601,2000,M,All_colors,1.55,,FOB Bangkok,,,Center price sheet,CENTER PRICE USD for internal,694,
997,CENTER,255640,,LUNA TM,100% PA,155 - 165 cm.,150 - 160 cm.,23 - 28 g/m2,"3,000m",2001,5000,M,PFE/PFD,1.15,,FOB Bangkok,,,Center price sheet,CENTER PRICE USD for internal,695,
998,CENTER,255640,,LUNA TM,100% PA,155 - 165 cm.,150 - 160 cm.,23 - 28 g/m2,"3,000m",2001,5000,M,All_colors,1.48,,FOB Bangkok,,,Center price sheet,CENTER PRICE USD for internal,695,
999,CENTER,255691BA,,ALPHA LUREX TM  5691BA,"65% PA, 35% Metallised PES ( LUREX )",140 - 150 cm.,135 - 145 cm.,33 - 38 g/m2,"3,000m.",200,600,M,PFE/PFD,2.25,,FOB Bangkok,,,Center price sheet,CENTER PRICE USD for internal,697,
1000,CENTER,255691BA,,ALPHA LUREX TM  5691BA,"65% PA, 35% Metallised PES ( LUREX )",140 - 150 cm.,135 - 145 cm.,33 - 38 g/m2,"3,000m.",200,600,M,All_colors,3.3,,FOB Bangkok,,,Center price sheet,CENTER PRICE USD for internal,697,
1001,CENTER,255691BA,,ALPHA LUREX TM  5691BA,"65% PA, 35% Metallised PES ( LUREX )",140 - 150 cm.,135 - 145 cm.,33 - 38 g/m2,"3,000m.",601,2000,M,PFE/PFD,2.15,,FOB Bangkok,,,Center price sheet,CENTER PRICE USD for internal,698,
1002,CENTER,255691BA,,ALPHA LUREX TM  5691BA,"65% PA, 35% Metallised PES ( LUREX )",140 - 150 cm.,135 - 145 cm.,33 - 38 g/m2,"3,000m.",601,2000,M,All_colors,3.05,,FOB Bangkok,,,Center price sheet,CENTER PRICE USD for internal,698,
1003,CENTER,255691BA,,ALPHA LUREX TM  5691BA,"65% PA, 35% Metallised PES ( LUREX )",140 - 150 cm.,135 - 145 cm.,33 - 38 g/m2,"3,000m.",2001,5000,M,PFE/PFD,2.05,,FOB Bangkok,,,Center price sheet,CENTER PRICE USD for internal,699,
1004,CENTER,255691BA,,ALPHA LUREX TM  5691BA,"65% PA, 35% Metallised PES ( LUREX )",140 - 150 cm.,135 - 145 cm.,33 - 38 g/m2,"3,000m.",2001,5000,M,All_colors,2.95,,FOB Bangkok,,,Center price sheet,CENTER PRICE USD for internal,699,
1005,CENTER,254824AB/14,,ELASTIC TULLE PASCAL CFE TM EMB,"70% PA, 30% ELASTANE",147 - 152,142 - 147 cm.,50 - 55 g/m2,"3,000m.",200,600,M,PFE/PFD,3.16666666666667,,FOB Bangkok,,,Center price sheet,CENTER PRICE USD for internal,701,
1006,CENTER,254824AB/14,,ELASTIC TULLE PASCAL CFE TM EMB,"70% PA, 30% ELASTANE",147 - 152,142 - 147 cm.,50 - 55 g/m2,"3,000m.",200,600,M,All_colors,3.76666666666667,,FOB Bangkok,,,Center price sheet,CENTER PRICE USD for internal,701,
1007,CENTER,254824AB/14,,ELASTIC TULLE PASCAL CFE TM EMB,"70% PA, 30% ELASTANE",147 - 152,142 - 147 cm.,50 - 55 g/m2,"3,000m.",601,2000,M,PFE/PFD,2.83333333333333,,FOB Bangkok,,,Center price sheet,CENTER PRICE USD for internal,702,
1008,CENTER,254824AB/14,,ELASTIC TULLE PASCAL CFE TM EMB,"70% PA, 30% ELASTANE",147 - 152,142 - 147 cm.,50 - 55 g/m2,"3,000m.",601,2000,M,All_colors,3.33333333333333,,FOB Bangkok,,,Center price sheet,CENTER PRICE USD for internal,702,
1009,CENTER,254824AB/14,,ELASTIC TULLE PASCAL CFE TM EMB,"70% PA, 30% ELASTANE",147 - 152,142 - 147 cm.,50 - 55 g/m2,"3,000m.",2001,5000,M,PFE/PFD,2.76666666666667,,FOB Bangkok,,,Center price sheet,CENTER PRICE USD for internal,703,
1010,CENTER,254824AB/14,,ELASTIC TULLE PASCAL CFE TM EMB,"70% PA, 30% ELASTANE",147 - 152,142 - 147 cm.,50 - 55 g/m2,"3,000m.",2001,5000,M,All_colors,3.23333333333333,,FOB Bangkok,,,Center price sheet,CENTER PRICE USD for internal,703,
1011,CENTER,255674AA/26,,PLUTUS TM Softphelic,"65% PA, 35% Metallised PES (LUREX)",,130 - 140 cm.,37 - 41 g/m2,"3,000m.",200,600,M,PFE/PFD,2.25,,FOB Bangkok,,,Center price sheet,CENTER PRICE USD for internal,705,
1012,CENTER,255674AA/26,,PLUTUS TM Softphelic,"65% PA, 35% Metallised PES (LUREX)",,130 - 140 cm.,37 - 41 g/m2,"3,000m.",200,600,M,All_colors,3.3,,FOB Bangkok,,,Center price sheet,CENTER PRICE USD for internal,705,
1013,CENTER,255674AA/26,,PLUTUS TM Softphelic,"65% PA, 35% Metallised PES (LUREX)",,130 - 140 cm.,37 - 41 g/m2,"3,000m.",601,2000,M,PFE/PFD,2.15,,FOB Bangkok,,,Center price sheet,CENTER PRICE USD for internal,706,
1014,CENTER,255674AA/26,,PLUTUS TM Softphelic,"65% PA, 35% Metallised PES (LUREX)",,130 - 140 cm.,37 - 41 g/m2,"3,000m.",601,2000,M,All_colors,3.05,,FOB Bangkok,,,Center price sheet,CENTER PRICE USD for internal,706,
1015,CENTER,255674AA/26,,PLUTUS TM Softphelic,"65% PA, 35% Metallised PES (LUREX)",,130 - 140 cm.,37 - 41 g/m2,"3,000m.",2001,5000,M,PFE/PFD,2.05,,FOB Bangkok,,,Center price sheet,CENTER PRICE USD for internal,707,
1016,CENTER,255674AA/26,,PLUTUS TM Softphelic,"65% PA, 35% Metallised PES (LUREX)",,130 - 140 cm.,37 - 41 g/m2,"3,000m.",2001,5000,M,All_colors,2.95,,FOB Bangkok,,,Center price sheet,CENTER PRICE USD for internal,707,
1017,CENTER,255676BA/11,,ANEMONE TM SOFT,100% PES,150 - 155 cm.,,118 - 131 g/m2,"3,000m.",200,600,M,All_colors,3.1,,FOB Bangkok,,,Center price sheet,CENTER PRICE USD for internal,709,
1018,CENTER,255676BA/11,,ANEMONE TM SOFT,100% PES,150 - 155 cm.,,118 - 131 g/m2,"3,000m.",601,2000,M,All_colors,2.5,,FOB Bangkok,,,Center price sheet,CENTER PRICE USD for internal,710,
1019,CENTER,255676BA/11,,ANEMONE TM SOFT,100% PES,150 - 155 cm.,,118 - 131 g/m2,"3,000m.",2001,5000,M,All_colors,2.3,,FOB Bangkok,,,Center price sheet,CENTER PRICE USD for internal,711,
1020,CENTER,255719AA/14,,ARES TM EMB,100% PA,150 - 160 cm.,145 - 155 cm.,10 - 15 g/m2,"3,000m.",200,600,M,PFE/PFD,2.4,,FOB Bangkok,,,Center price sheet,CENTER PRICE USD for internal,721,
1021,CENTER,255719AA/14,,ARES TM EMB,100% PA,150 - 160 cm.,145 - 155 cm.,10 - 15 g/m2,"3,000m.",200,600,M,All_colors,2.9,,FOB Bangkok,,,Center price sheet,CENTER PRICE USD for internal,721,
1022,CENTER,255719AA/14,,ARES TM EMB,100% PA,150 - 160 cm.,145 - 155 cm.,10 - 15 g/m2,"3,000m.",601,2000,M,PFE/PFD,2.1,,FOB Bangkok,,,Center price sheet,CENTER PRICE USD for internal,722,
1023,CENTER,255719AA/14,,ARES TM EMB,100% PA,150 - 160 cm.,145 - 155 cm.,10 - 15 g/m2,"3,000m.",601,2000,M,All_colors,2.6,,FOB Bangkok,,,Center price sheet,CENTER PRICE USD for internal,722,
1024,CENTER,255719AA/14,,ARES TM EMB,100% PA,150 - 160 cm.,145 - 155 cm.,10 - 15 g/m2,"3,000m.",2001,5000,M,PFE/PFD,2,,FOB Bangkok,,,Center price sheet,CENTER PRICE USD for internal,723,
1025,CENTER,255719AA/14,,ARES TM EMB,100% PA,150 - 160 cm.,145 - 155 cm.,10 - 15 g/m2,"3,000m.",2001,5000,M,All_colors,2.5,,FOB Bangkok,,,Center price sheet,CENTER PRICE USD for internal,723,
1026,CENTER,255720AA/14,,ATTIS TM EMB,100% PA,148 - 158 cm.,143 - 153 cm.,12 - 17 g/m2,"3,000m.",200,600,M,PFE/PFD,2.4,,FOB Bangkok,,,Center price sheet,CENTER PRICE USD for internal,725,
1027,CENTER,255720AA/14,,ATTIS TM EMB,100% PA,148 - 158 cm.,143 - 153 cm.,12 - 17 g/m2,"3,000m.",200,600,M,All_colors,2.9,,FOB Bangkok,,,Center price sheet,CENTER PRICE USD for internal,725,
1028,CENTER,255720AA/14,,ATTIS TM EMB,100% PA,148 - 158 cm.,143 - 153 cm.,12 - 17 g/m2,"3,000m.",601,2000,M,PFE/PFD,2.1,,FOB Bangkok,,,Center price sheet,CENTER PRICE USD for internal,726,
1029,CENTER,255720AA/14,,ATTIS TM EMB,100% PA,148 - 158 cm.,143 - 153 cm.,12 - 17 g/m2,"3,000m.",601,2000,M,All_colors,2.6,,FOB Bangkok,,,Center price sheet,CENTER PRICE USD for internal,726,
1030,CENTER,255720AA/14,,ATTIS TM EMB,100% PA,148 - 158 cm.,143 - 153 cm.,12 - 17 g/m2,"3,000m.",2001,5000,M,PFE/PFD,2,,FOB Bangkok,,,Center price sheet,CENTER PRICE USD for internal,727,
1031,CENTER,255720AA/14,,ATTIS TM EMB,100% PA,148 - 158 cm.,143 - 153 cm.,12 - 17 g/m2,"3,000m.",2001,5000,M,All_colors,2.5,,FOB Bangkok,,,Center price sheet,CENTER PRICE USD for internal,727,
1032,CENTER,255687AA/11,,TURQUOISE TM SOFT,"90% PA, 10% ELASTANE",158 - 168 cm.,153 - 163 cm.,66 - 74 g/m2,"3,000m.",200,600,M,PFE/PFD,1.95,,FOB Bangkok,,,Center price sheet,CENTER PRICE USD for internal,733,
1033,CENTER,255687AA/11,,TURQUOISE TM SOFT,"90% PA, 10% ELASTANE",158 - 168 cm.,153 - 163 cm.,66 - 74 g/m2,"3,000m.",200,600,M,All_colors,2.75,,FOB Bangkok,,,Center price sheet,CENTER PRICE USD for internal,733,
1034,CENTER,255687AA/11,,TURQUOISE TM SOFT,"90% PA, 10% ELASTANE",158 - 168 cm.,153 - 163 cm.,66 - 74 g/m2,"3,000m.",601,2000,M,PFE/PFD,1.6,,FOB Bangkok,,,Center price sheet,CENTER PRICE USD for internal,734,
1035,CENTER,255687AA/11,,TURQUOISE TM SOFT,"90% PA, 10% ELASTANE",158 - 168 cm.,153 - 163 cm.,66 - 74 g/m2,"3,000m.",601,2000,M,All_colors,2.4,,FOB Bangkok,,,Center price sheet,CENTER PRICE USD for internal,734,
1036,CENTER,255687AA/11,,TURQUOISE TM SOFT,"90% PA, 10% ELASTANE",158 - 168 cm.,153 - 163 cm.,66 - 74 g/m2,"3,000m.",2001,5000,M,PFE/PFD,1.5,,FOB Bangkok,,,Center price sheet,CENTER PRICE USD for internal,735,
1037,CENTER,255687AA/11,,TURQUOISE TM SOFT,"90% PA, 10% ELASTANE",158 - 168 cm.,153 - 163 cm.,66 - 74 g/m2,"3,000m.",2001,5000,M,All_colors,2.3,,FOB Bangkok,,,Center price sheet,CENTER PRICE USD for internal,735,
1038,CENTER,255722AA/11,,TANZA TM Soft,"90% PA, 10% ELASTANE",163 - 173 cm.,158 - 168 cm.,43 - 49 g/m2,"3,000m.",200,600,M,PFE/PFD,1.75,,FOB Bangkok,,,Center price sheet,CENTER PRICE USD for internal,737,
1039,CENTER,255722AA/11,,TANZA TM Soft,"90% PA, 10% ELASTANE",163 - 173 cm.,158 - 168 cm.,43 - 49 g/m2,"3,000m.",200,600,M,All_colors,2.35,,FOB Bangkok,,,Center price sheet,CENTER PRICE USD for internal,737,
1040,CENTER,255722AA/11,,TANZA TM Soft,"90% PA, 10% ELASTANE",163 - 173 cm.,158 - 168 cm.,43 - 49 g/m2,"3,000m.",601,2000,M,PFE/PFD,1.45,,FOB Bangkok,,,Center price sheet,CENTER PRICE USD for internal,738,
1041,CENTER,255722AA/11,,TANZA TM Soft,"90% PA, 10% ELASTANE",163 - 173 cm.,158 - 168 cm.,43 - 49 g/m2,"3,000m.",601,2000,M,All_colors,2.05,,FOB Bangkok,,,Center price sheet,CENTER PRICE USD for internal,738,
1042,CENTER,255722AA/11,,TANZA TM Soft,"90% PA, 10% ELASTANE",163 - 173 cm.,158 - 168 cm.,43 - 49 g/m2,"3,000m.",2001,5000,M,PFE/PFD,1.35,,FOB Bangkok,,,Center price sheet,CENTER PRICE USD for internal,739,
1043,CENTER,255722AA/11,,TANZA TM Soft,"90% PA, 10% ELASTANE",163 - 173 cm.,158 - 168 cm.,43 - 49 g/m2,"3,000m.",2001,5000,M,All_colors,1.95,,FOB Bangkok,,,Center price sheet,CENTER PRICE USD for internal,739,
1044,CENTER,255681AA/11,,DELPHI TM Soft,"57% PA, 43% ELASTANE",180 - 190 cm.,175 - 185 cm.,205 - 227 g/m2,"3,000m.",200,600,M,All_colors,9.45,,FOB Bangkok,,,Center price sheet,CENTER PRICE USD for internal,741,
1045,CENTER,255681AA/11,,DELPHI TM Soft,"57% PA, 43% ELASTANE",180 - 190 cm.,175 - 185 cm.,205 - 227 g/m2,"3,000m.",601,2000,M,All_colors,8.8,,FOB Bangkok,,,Center price sheet,CENTER PRICE USD for internal,742,
1046,CENTER,255681AA/11,,DELPHI TM Soft,"57% PA, 43% ELASTANE",180 - 190 cm.,175 - 185 cm.,205 - 227 g/m2,"3,000m.",2001,5000,M,All_colors,8.5,,FOB Bangkok,,,Center price sheet,CENTER PRICE USD for internal,743,
1047,CENTER,255724AA/11,,CORAL TM Soft,"90% PA, 10% ELASTANE",163 - 173 cm.,158 - 168 cm.,42 - 48 g/m2,"3,000m.",200,600,M,PFE/PFD,2.15,,FOB Bangkok,,,Center price sheet,CENTER PRICE USD for internal,745,
1048,CENTER,255724AA/11,,CORAL TM Soft,"90% PA, 10% ELASTANE",163 - 173 cm.,158 - 168 cm.,42 - 48 g/m2,"3,000m.",200,600,M,All_colors,2.95,,FOB Bangkok,,,Center price sheet,CENTER PRICE USD for internal,745,
1049,CENTER,255724AA/11,,CORAL TM Soft,"90% PA, 10% ELASTANE",163 - 173 cm.,158 - 168 cm.,42 - 48 g/m2,"3,000m.",601,2000,M,PFE/PFD,1.7,,FOB Bangkok,,,Center price sheet,CENTER PRICE USD for internal,746,
1050,CENTER,255724AA/11,,CORAL TM Soft,"90% PA, 10% ELASTANE",163 - 173 cm.,158 - 168 cm.,42 - 48 g/m2,"3,000m.",601,2000,M,All_colors,2.5,,FOB Bangkok,,,Center price sheet,CENTER PRICE USD for internal,746,
1051,CENTER,255724AA/11,,CORAL TM Soft,"90% PA, 10% ELASTANE",163 - 173 cm.,158 - 168 cm.,42 - 48 g/m2,"3,000m.",2001,5000,M,PFE/PFD,1.6,,FOB Bangkok,,,Center price sheet,CENTER PRICE USD for internal,747,
1052,CENTER,255724AA/11,,CORAL TM Soft,"90% PA, 10% ELASTANE",163 - 173 cm.,158 - 168 cm.,42 - 48 g/m2,"3,000m.",2001,5000,M,All_colors,2.4,,FOB Bangkok,,,Center price sheet,CENTER PRICE USD for internal,747,
1053,CENTER,255710AA/11,,ALEXA TM Soft,"70% PES, 30% ELASTANE",120 - 130 cm.,115 - 125 cm.,190 - 200 g/m2,"3,000m.",350,600,M,All_colors,4.67741935483871,,FOB Bangkok,,,Center price sheet,CENTER PRICE USD for internal,757,
1054,CENTER,255710AA/11,,ALEXA TM Soft,"70% PES, 30% ELASTANE",120 - 130 cm.,115 - 125 cm.,190 - 200 g/m2,"3,000m.",601,2000,M,All_colors,4.25806451612903,,FOB Bangkok,,,Center price sheet,CENTER PRICE USD for internal,758,
1055,CENTER,255710AA/11,,ALEXA TM Soft,"70% PES, 30% ELASTANE",120 - 130 cm.,115 - 125 cm.,190 - 200 g/m2,"3,000m.",2001,5000,M,All_colors,4.19354838709677,,FOB Bangkok,,,Center price sheet,CENTER PRICE USD for internal,759,
1056,CENTER,255711AA/11,,ANDE TM Soft,"70% PES, 30% ELASTANE",125 - 135 cm.,120 - 130 cm.,210 - 230 g/m2,"3,000m.",350,600,M,All_colors,5.32258064516129,,FOB Bangkok,,,Center price sheet,CENTER PRICE USD for internal,761,
1057,CENTER,255711AA/11,,ANDE TM Soft,"70% PES, 30% ELASTANE",125 - 135 cm.,120 - 130 cm.,210 - 230 g/m2,"3,000m.",601,2000,M,All_colors,4.90322580645161,,FOB Bangkok,,,Center price sheet,CENTER PRICE USD for internal,762,
1058,CENTER,255711AA/11,,ANDE TM Soft,"70% PES, 30% ELASTANE",125 - 135 cm.,120 - 130 cm.,210 - 230 g/m2,"3,000m.",2001,5000,M,All_colors,4.7741935483871,,FOB Bangkok,,,Center price sheet,CENTER PRICE USD for internal,763,
1059,CENTER,255688AA/11,,AQUA TM Soft,"90% PA, 10% ELASTANE",155 - 165 cm.,150 - 160 cm.,75 - 85 g/m2,"3,000m.",200,600,M,PFE/PFD,2.1,,FOB Bangkok,,,Center price sheet,CENTER PRICE USD for internal,765,
1060,CENTER,255688AA/11,,AQUA TM Soft,"90% PA, 10% ELASTANE",155 - 165 cm.,150 - 160 cm.,75 - 85 g/m2,"3,000m.",200,600,M,All_colors,3.2,,FOB Bangkok,,,Center price sheet,CENTER PRICE USD for internal,765,
1061,CENTER,255688AA/11,,AQUA TM Soft,"90% PA, 10% ELASTANE",155 - 165 cm.,150 - 160 cm.,75 - 85 g/m2,"3,000m.",601,2000,M,PFE/PFD,1.85,,FOB Bangkok,,,Center price sheet,CENTER PRICE USD for internal,766,
1062,CENTER,255688AA/11,,AQUA TM Soft,"90% PA, 10% ELASTANE",155 - 165 cm.,150 - 160 cm.,75 - 85 g/m2,"3,000m.",601,2000,M,All_colors,2.8,,FOB Bangkok,,,Center price sheet,CENTER PRICE USD for internal,766,
1063,CENTER,255688AA/11,,AQUA TM Soft,"90% PA, 10% ELASTANE",155 - 165 cm.,150 - 160 cm.,75 - 85 g/m2,"3,000m.",2001,5000,M,PFE/PFD,1.75,,FOB Bangkok,,,Center price sheet,CENTER PRICE USD for internal,767,
1064,CENTER,255688AA/11,,AQUA TM Soft,"90% PA, 10% ELASTANE",155 - 165 cm.,150 - 160 cm.,75 - 85 g/m2,"3,000m.",2001,5000,M,All_colors,2.7,,FOB Bangkok,,,Center price sheet,CENTER PRICE USD for internal,767,
1065,CENTER,255691BA/26,,ALPHA LUREX TM Softphelic,"65% PA, 35% Metallised PES (LUREX)",140 - 150 cm.,135 - 145 cm.,33 - 38 g/m2,"3,000m.",200,600,M,PFE/PFD,2.25,,FOB Bangkok,,,Center price sheet,CENTER PRICE USD for internal,769,
1066,CENTER,255691BA/26,,ALPHA LUREX TM Softphelic,"65% PA, 35% Metallised PES (LUREX)",140 - 150 cm.,135 - 145 cm.,33 - 38 g/m2,"3,000m.",200,600,M,All_colors,3.3,,FOB Bangkok,,,Center price sheet,CENTER PRICE USD for internal,769,
1067,CENTER,255691BA/26,,ALPHA LUREX TM Softphelic,"65% PA, 35% Metallised PES (LUREX)",140 - 150 cm.,135 - 145 cm.,33 - 38 g/m2,"3,000m.",601,2000,M,PFE/PFD,2.15,,FOB Bangkok,,,Center price sheet,CENTER PRICE USD for internal,770,
1068,CENTER,255691BA/26,,ALPHA LUREX TM Softphelic,"65% PA, 35% Metallised PES (LUREX)",140 - 150 cm.,135 - 145 cm.,33 - 38 g/m2,"3,000m.",601,2000,M,All_colors,3.05,,FOB Bangkok,,,Center price sheet,CENTER PRICE USD for internal,770,
1069,CENTER,255691BA/26,,ALPHA LUREX TM Softphelic,"65% PA, 35% Metallised PES (LUREX)",140 - 150 cm.,135 - 145 cm.,33 - 38 g/m2,"3,000m.",2001,5000,M,PFE/PFD,2.05,,FOB Bangkok,,,Center price sheet,CENTER PRICE USD for internal,771,
1070,CENTER,255691BA/26,,ALPHA LUREX TM Softphelic,"65% PA, 35% Metallised PES (LUREX)",140 - 150 cm.,135 - 145 cm.,33 - 38 g/m2,"3,000m.",2001,5000,M,All_colors,2.95,,FOB Bangkok,,,Center price sheet,CENTER PRICE USD for internal,771,
1071,CENTER,255693AA/23,,PEONY TM MAS,"80% PA, 20% ELASTANE",178 - 188 cm.,173 - 183 cm.,33 - 38 g/m2,"3,000m.",200,600,M,PFE/PFD,2.45,,FOB Bangkok,,,Center price sheet,CENTER PRICE USD for internal,773,
1072,CENTER,255693AA/23,,PEONY TM MAS,"80% PA, 20% ELASTANE",178 - 188 cm.,173 - 183 cm.,33 - 38 g/m2,"3,000m.",200,600,M,All_colors,2.81,,FOB Bangkok,,,Center price sheet,CENTER PRICE USD for internal,773,
1073,CENTER,255693AA/23,,PEONY TM MAS,"80% PA, 20% ELASTANE",178 - 188 cm.,173 - 183 cm.,33 - 38 g/m2,"3,000m.",601,2000,M,PFE/PFD,2.18,,FOB Bangkok,,,Center price sheet,CENTER PRICE USD for internal,774,
1074,CENTER,255693AA/23,,PEONY TM MAS,"80% PA, 20% ELASTANE",178 - 188 cm.,173 - 183 cm.,33 - 38 g/m2,"3,000m.",601,2000,M,All_colors,2.56,,FOB Bangkok,,,Center price sheet,CENTER PRICE USD for internal,774,
1075,CENTER,255693AA/23,,PEONY TM MAS,"80% PA, 20% ELASTANE",178 - 188 cm.,173 - 183 cm.,33 - 38 g/m2,"3,000m.",2001,5000,M,PFE/PFD,2,,FOB Bangkok,,,Center price sheet,CENTER PRICE USD for internal,775,
1076,CENTER,255693AA/23,,PEONY TM MAS,"80% PA, 20% ELASTANE",178 - 188 cm.,173 - 183 cm.,33 - 38 g/m2,"3,000m.",2001,5000,M,All_colors,2.45,,FOB Bangkok,,,Center price sheet,CENTER PRICE USD for internal,775,
1077,CENTER,255726AA/14,,CYGNUS TM EMB,100% PA,155 - 165 cm.,150 - 160 cm.,11 - 18 g/m2,"3,000m.",200,600,M,PFE/PFD,1.8,,FOB Bangkok,,,Center price sheet,CENTER PRICE USD for internal,777,
1078,CENTER,255726AA/14,,CYGNUS TM EMB,100% PA,155 - 165 cm.,150 - 160 cm.,11 - 18 g/m2,"3,000m.",200,600,M,All_colors,2.25,,FOB Bangkok,,,Center price sheet,CENTER PRICE USD for internal,777,
1079,CENTER,255726AA/14,,CYGNUS TM EMB,100% PA,155 - 165 cm.,150 - 160 cm.,11 - 18 g/m2,"3,000m.",601,2000,M,PFE/PFD,1.55,,FOB Bangkok,,,Center price sheet,CENTER PRICE USD for internal,778,
1080,CENTER,255726AA/14,,CYGNUS TM EMB,100% PA,155 - 165 cm.,150 - 160 cm.,11 - 18 g/m2,"3,000m.",601,2000,M,All_colors,2.1,,FOB Bangkok,,,Center price sheet,CENTER PRICE USD for internal,778,
1081,CENTER,255726AA/14,,CYGNUS TM EMB,100% PA,155 - 165 cm.,150 - 160 cm.,11 - 18 g/m2,"3,000m.",2001,5000,M,PFE/PFD,1.35,,FOB Bangkok,,,Center price sheet,CENTER PRICE USD for internal,779,
1082,CENTER,255726AA/14,,CYGNUS TM EMB,100% PA,155 - 165 cm.,150 - 160 cm.,11 - 18 g/m2,"3,000m.",2001,5000,M,All_colors,1.95,,FOB Bangkok,,,Center price sheet,CENTER PRICE USD for internal,779,
1083,CENTER,255717AA/14,,SANIA TM EMB,100% PA,153 - 163 cm.,148 - 158 cm.,18 - 23 g/m2,"3,000m.",200,600,M,PFE/PFD,1.16129032258065,36,FOB Bangkok,,,Center price sheet,CENTER PRICE USD for internal,781,
1084,CENTER,255717AA/14,,SANIA TM EMB,100% PA,153 - 163 cm.,148 - 158 cm.,18 - 23 g/m2,"3,000m.",200,600,M,All_colors,1.45161290322581,45,FOB Bangkok,,,Center price sheet,CENTER PRICE USD for internal,781,
1085,CENTER,255717AA/14,,SANIA TM EMB,100% PA,153 - 163 cm.,148 - 158 cm.,18 - 23 g/m2,"3,000m.",601,2000,M,PFE/PFD,0.967741935483871,30,FOB Bangkok,,,Center price sheet,CENTER PRICE USD for internal,782,
1086,CENTER,255717AA/14,,SANIA TM EMB,100% PA,153 - 163 cm.,148 - 158 cm.,18 - 23 g/m2,"3,000m.",601,2000,M,All_colors,1.25806451612903,39,FOB Bangkok,,,Center price sheet,CENTER PRICE USD for internal,782,
1087,CENTER,255717AA/14,,SANIA TM EMB,100% PA,153 - 163 cm.,148 - 158 cm.,18 - 23 g/m2,"3,000m.",2001,5000,M,PFE/PFD,0.903225806451613,28,FOB Bangkok,,,Center price sheet,CENTER PRICE USD for internal,783,
1088,CENTER,255717AA/14,,SANIA TM EMB,100% PA,153 - 163 cm.,148 - 158 cm.,18 - 23 g/m2,"3,000m.",2001,5000,M,All_colors,1.19354838709677,37,FOB Bangkok,,,Center price sheet,CENTER PRICE USD for internal,783,
1089,CENTER,255678AA/11,,CHARLOTTE TM SOFT,100% PES,150 - 160 cm.,145 - 155 cm.,33 - 38 g/m2,"3,000m.",200,600,M,PFE/PFD,1.5,,FOB Bangkok,,,Center price sheet,CENTER PRICE USD for internal,789,
1090,CENTER,255678AA/11,,CHARLOTTE TM SOFT,100% PES,150 - 160 cm.,145 - 155 cm.,33 - 38 g/m2,"3,000m.",200,600,M,All_colors,2.75,,FOB Bangkok,,,Center price sheet,CENTER PRICE USD for internal,789,
1091,CENTER,255678AA/11,,CHARLOTTE TM SOFT,100% PES,150 - 160 cm.,145 - 155 cm.,33 - 38 g/m2,"3,000m.",601,2000,M,PFE/PFD,1.05,,FOB Bangkok,,,Center price sheet,CENTER PRICE USD for internal,790,
1092,CENTER,255678AA/11,,CHARLOTTE TM SOFT,100% PES,150 - 160 cm.,145 - 155 cm.,33 - 38 g/m2,"3,000m.",601,2000,M,All_colors,1.75,,FOB Bangkok,,,Center price sheet,CENTER PRICE USD for internal,790,
1093,CENTER,255678AA/11,,CHARLOTTE TM SOFT,100% PES,150 - 160 cm.,145 - 155 cm.,33 - 38 g/m2,"3,000m.",2001,5000,M,PFE/PFD,0.95,,FOB Bangkok,,,Center price sheet,CENTER PRICE USD for internal,791,
1094,CENTER,255678AA/11,,CHARLOTTE TM SOFT,100% PES,150 - 160 cm.,145 - 155 cm.,33 - 38 g/m2,"3,000m.",2001,5000,M,All_colors,1.65,,FOB Bangkok,,,Center price sheet,CENTER PRICE USD for internal,791,
1095,CENTER,255699AA/14,,PORTO INVISIBLE TM EMB,100% PES,152 - 162 cm.,147 - 157 cm.,15 - 20 g/m2,"3,000m.",200,600,M,PFE/PFD,2.15,,FOB Bangkok,,,Center price sheet,CENTER PRICE USD for internal,797,
1096,CENTER,255699AA/14,,PORTO INVISIBLE TM EMB,100% PES,152 - 162 cm.,147 - 157 cm.,15 - 20 g/m2,"3,000m.",200,600,M,All_colors,3.2,,FOB Bangkok,,,Center price sheet,CENTER PRICE USD for internal,797,
1097,CENTER,255699AA/14,,PORTO INVISIBLE TM EMB,100% PES,152 - 162 cm.,147 - 157 cm.,15 - 20 g/m2,"3,000m.",601,2000,M,PFE/PFD,2,,FOB Bangkok,,,Center price sheet,CENTER PRICE USD for internal,798,
1098,CENTER,255699AA/14,,PORTO INVISIBLE TM EMB,100% PES,152 - 162 cm.,147 - 157 cm.,15 - 20 g/m2,"3,000m.",601,2000,M,All_colors,3,,FOB Bangkok,,,Center price sheet,CENTER PRICE USD for internal,798,
1099,CENTER,255699AA/14,,PORTO INVISIBLE TM EMB,100% PES,152 - 162 cm.,147 - 157 cm.,15 - 20 g/m2,"3,000m.",2001,5000,M,PFE/PFD,1.8,,FOB Bangkok,,,Center price sheet,CENTER PRICE USD for internal,799,
1100,CENTER,255699AA/14,,PORTO INVISIBLE TM EMB,100% PES,152 - 162 cm.,147 - 157 cm.,15 - 20 g/m2,"3,000m.",2001,5000,M,All_colors,2.75,,FOB Bangkok,,,Center price sheet,CENTER PRICE USD for internal,799,
1101,CENTER,255701AA/12,,DIANE TM MO,100% PES,147 - 152 cm.,155 - 165 cm.,30 - 35 g/m2,"3,000m.",200,600,M,PFE/PFD,2.35,,FOB Bangkok,,,Center price sheet,CENTER PRICE USD for internal,801,
1102,CENTER,255701AA/12,,DIANE TM MO,100% PES,147 - 152 cm.,155 - 165 cm.,30 - 35 g/m2,"3,000m.",200,600,M,All_colors,3,,FOB Bangkok,,,Center price sheet,CENTER PRICE USD for internal,801,
1103,CENTER,255701AA/12,,DIANE TM MO,100% PES,147 - 152 cm.,155 - 165 cm.,30 - 35 g/m2,"3,000m.",601,2000,M,PFE/PFD,1.9,,FOB Bangkok,,,Center price sheet,CENTER PRICE USD for internal,802,
1104,CENTER,255701AA/12,,DIANE TM MO,100% PES,147 - 152 cm.,155 - 165 cm.,30 - 35 g/m2,"3,000m.",601,2000,M,All_colors,2.53,,FOB Bangkok,,,Center price sheet,CENTER PRICE USD for internal,802,
1105,CENTER,255701AA/12,,DIANE TM MO,100% PES,147 - 152 cm.,155 - 165 cm.,30 - 35 g/m2,"3,000m.",2001,5000,M,PFE/PFD,1.85,,FOB Bangkok,,,Center price sheet,CENTER PRICE USD for internal,803,
1106,CENTER,255701AA/12,,DIANE TM MO,100% PES,147 - 152 cm.,155 - 165 cm.,30 - 35 g/m2,"3,000m.",2001,5000,M,All_colors,2.3,,FOB Bangkok,,,Center price sheet,CENTER PRICE USD for internal,803,
1107,CENTER,255713AA/78,,CHERYL TM BO,"80% PA, 20% ELASTANE",145 - 155 cm.,140 - 150 cm.,30 -35 g/m2,"3,000m.",200,600,M,All_colors,2.4,,FOB Bangkok,,,Center price sheet,CENTER PRICE USD for internal,813,
1108,CENTER,255713AA/78,,CHERYL TM BO,"80% PA, 20% ELASTANE",145 - 155 cm.,140 - 150 cm.,30 -35 g/m2,"3,000m.",601,2000,M,All_colors,1.95,,FOB Bangkok,,,Center price sheet,CENTER PRICE USD for internal,814,
1109,CENTER,255713AA/78,,CHERYL TM BO,"80% PA, 20% ELASTANE",145 - 155 cm.,140 - 150 cm.,30 -35 g/m2,"3,000m.",2001,5000,M,All_colors,1.9,,FOB Bangkok,,,Center price sheet,CENTER PRICE USD for internal,815,
1110,CENTER,255727AA/14,,AISHA TM EMB,100% PES,162 - 172 cm.,157 - 167 cm.,18 - 23 g/m2,"3,000m.",200,600,M,PFE/PFD,1.16129032258065,36,FOB Bangkok,,,Center price sheet,CENTER PRICE USD for internal,817,
1111,CENTER,255727AA/14,,AISHA TM EMB,100% PES,162 - 172 cm.,157 - 167 cm.,18 - 23 g/m2,"3,000m.",200,600,M,All_colors,1.45161290322581,45,FOB Bangkok,,,Center price sheet,CENTER PRICE USD for internal,817,
1112,CENTER,255727AA/14,,AISHA TM EMB,100% PES,162 - 172 cm.,157 - 167 cm.,18 - 23 g/m2,"3,000m.",601,2000,M,PFE/PFD,0.967741935483871,30,FOB Bangkok,,,Center price sheet,CENTER PRICE USD for internal,818,
1113,CENTER,255727AA/14,,AISHA TM EMB,100% PES,162 - 172 cm.,157 - 167 cm.,18 - 23 g/m2,"3,000m.",601,2000,M,All_colors,1.25806451612903,39,FOB Bangkok,,,Center price sheet,CENTER PRICE USD for internal,818,
1114,CENTER,255727AA/14,,AISHA TM EMB,100% PES,162 - 172 cm.,157 - 167 cm.,18 - 23 g/m2,"3,000m.",2001,5000,M,PFE/PFD,0.903225806451613,28,FOB Bangkok,,,Center price sheet,CENTER PRICE USD for internal,819,
1115,CENTER,255727AA/14,,AISHA TM EMB,100% PES,162 - 172 cm.,157 - 167 cm.,18 - 23 g/m2,"3,000m.",2001,5000,M,All_colors,1.19354838709677,37,FOB Bangkok,,,Center price sheet,CENTER PRICE USD for internal,819,
1116,CENTER,255728,,,Cotton+PES,150 cm.,,68 g/m2,"3,000m.",200,600,M,All_colors,5.9,,FOB Bangkok,,,Center price sheet,CENTER PRICE USD for internal,821,
1117,CENTER,255728,,,Cotton+PES,150 cm.,,68 g/m2,"3,000m.",601,2000,M,All_colors,5.55,,FOB Bangkok,,,Center price sheet,CENTER PRICE USD for internal,822,
1118,CENTER,255728,,,Cotton+PES,150 cm.,,68 g/m2,"3,000m.",2001,5000,M,All_colors,5.45,,FOB Bangkok,,,Center price sheet,CENTER PRICE USD for internal,823,
1119,CENTER,255729,,CEIBA TM Soft,"70% CO, 30% PA",135 - 145 cm.,130 - 140 cm.,106 - 118 g/m2,"3,000m.",200,600,M,All_colors,4.5,,FOB Bangkok,,,Center price sheet,CENTER PRICE USD for internal,825,
1120,CENTER,255729,,CEIBA TM Soft,"70% CO, 30% PA",135 - 145 cm.,130 - 140 cm.,106 - 118 g/m2,"3,000m.",601,2000,M,All_colors,4.2,,FOB Bangkok,,,Center price sheet,CENTER PRICE USD for internal,826,
1121,CENTER,255729,,CEIBA TM Soft,"70% CO, 30% PA",135 - 145 cm.,130 - 140 cm.,106 - 118 g/m2,"3,000m.",2001,5000,M,All_colors,4.05,,FOB Bangkok,,,Center price sheet,CENTER PRICE USD for internal,827,
1122,CENTER,255714,,,PA+Spandex,185-190 cm,,80 g/m2,"3,000m.",200,600,M,All_colors,5.9,,FOB Bangkok,,,Center price sheet,CENTER PRICE USD for internal,829,
1123,CENTER,255714,,,PA+Spandex,185-190 cm,,80 g/m2,"3,000m.",601,2000,M,All_colors,5.4,,FOB Bangkok,,,Center price sheet,CENTER PRICE USD for internal,830,
1124,CENTER,255714,,,PA+Spandex,185-190 cm,,80 g/m2,"3,000m.",2001,5000,M,All_colors,4.95,,FOB Bangkok,,,Center price sheet,CENTER PRICE USD for internal,831,
1125,CENTER,255703,,PYRITE TM Soft,"76% Nylon, 24% Spandex",155 - 165 cm.,150 - 160 cm.,118 - 132 g/m2,"3,000m.",200,600,M,All_colors,5.2,,FOB Bangkok,,,Center price sheet,CENTER PRICE USD for internal,833,
1126,CENTER,255703,,PYRITE TM Soft,"76% Nylon, 24% Spandex",155 - 165 cm.,150 - 160 cm.,118 - 132 g/m2,"3,000m.",601,2000,M,All_colors,4.75,,FOB Bangkok,,,Center price sheet,CENTER PRICE USD for internal,834,
1127,CENTER,255703,,PYRITE TM Soft,"76% Nylon, 24% Spandex",155 - 165 cm.,150 - 160 cm.,118 - 132 g/m2,"3,000m.",2001,5000,M,All_colors,4.1,,FOB Bangkok,,,Center price sheet,CENTER PRICE USD for internal,835,
1128,CENTER,255730,,RECYCLE PES TULLE TM EMB,100% Recycle PES,150 - 160 cm.,145 - 155 cm.,30 -35 g/m2,"3,000m.",200,600,M,PFE/PFD,1.55,,FOB Bangkok,,,Center price sheet,CENTER PRICE USD for internal,837,
1129,CENTER,255730,,RECYCLE PES TULLE TM EMB,100% Recycle PES,150 - 160 cm.,145 - 155 cm.,30 -35 g/m2,"3,000m.",200,600,M,All_colors,2.75,,FOB Bangkok,,,Center price sheet,CENTER PRICE USD for internal,837,
1130,CENTER,255730,,RECYCLE PES TULLE TM EMB,100% Recycle PES,150 - 160 cm.,145 - 155 cm.,30 -35 g/m2,"3,000m.",601,2000,M,PFE/PFD,1.35,,FOB Bangkok,,,Center price sheet,CENTER PRICE USD for internal,838,
1131,CENTER,255730,,RECYCLE PES TULLE TM EMB,100% Recycle PES,150 - 160 cm.,145 - 155 cm.,30 -35 g/m2,"3,000m.",601,2000,M,All_colors,2,,FOB Bangkok,,,Center price sheet,CENTER PRICE USD for internal,838,
1132,CENTER,255730,,RECYCLE PES TULLE TM EMB,100% Recycle PES,150 - 160 cm.,145 - 155 cm.,30 -35 g/m2,"3,000m.",2001,4999,M,PFE/PFD,1.25,,FOB Bangkok,,,Center price sheet,CENTER PRICE USD for internal,839,
1133,CENTER,255730,,RECYCLE PES TULLE TM EMB,100% Recycle PES,150 - 160 cm.,145 - 155 cm.,30 -35 g/m2,"3,000m.",2001,4999,M,All_colors,1.95,,FOB Bangkok,,,Center price sheet,CENTER PRICE USD for internal,839,
1134,CENTER,255730,,RECYCLE PES TULLE TM EMB,100% Recycle PES,150 - 160 cm.,145 - 155 cm.,30 -35 g/m2,"3,000m.",5000,9999,M,PFE/PFD,1.15,,FOB Bangkok,,,Center price sheet,CENTER PRICE USD for internal,840,
1135,CENTER,255730,,RECYCLE PES TULLE TM EMB,100% Recycle PES,150 - 160 cm.,145 - 155 cm.,30 -35 g/m2,"3,000m.",10000,,M,PFE/PFD,1.05,,FOB Bangkok,,,Center price sheet,CENTER PRICE USD for internal,841,
1136,CENTER,255776,,RECYCLE TORINO 35 TM Soft,100% PES,155 - 165 cm.,150 - 160 cm.,20 - 25 g/m2,"3,000m.",200,600,M,PFE/PFD,2.2,,FOB Bangkok,,,Center price sheet,CENTER PRICE USD for internal,843,
1137,CENTER,255776,,RECYCLE TORINO 35 TM Soft,100% PES,155 - 165 cm.,150 - 160 cm.,20 - 25 g/m2,"3,000m.",200,600,M,All_colors,3.03,,FOB Bangkok,,,Center price sheet,CENTER PRICE USD for internal,843,
1138,CENTER,255776,,RECYCLE TORINO 35 TM Soft,100% PES,155 - 165 cm.,150 - 160 cm.,20 - 25 g/m2,"3,000m.",601,2000,M,PFE/PFD,1.87,,FOB Bangkok,,,Center price sheet,CENTER PRICE USD for internal,844,
1139,CENTER,255776,,RECYCLE TORINO 35 TM Soft,100% PES,155 - 165 cm.,150 - 160 cm.,20 - 25 g/m2,"3,000m.",601,2000,M,All_colors,2.53,,FOB Bangkok,,,Center price sheet,CENTER PRICE USD for internal,844,
1140,CENTER,255776,,RECYCLE TORINO 35 TM Soft,100% PES,155 - 165 cm.,150 - 160 cm.,20 - 25 g/m2,"3,000m.",2001,5000,M,PFE/PFD,1.7,,FOB Bangkok,,,Center price sheet,CENTER PRICE USD for internal,845,
1141,CENTER,255776,,RECYCLE TORINO 35 TM Soft,100% PES,155 - 165 cm.,150 - 160 cm.,20 - 25 g/m2,"3,000m.",2001,5000,M,All_colors,2.2,,FOB Bangkok,,,Center price sheet,CENTER PRICE USD for internal,845,
1142,CENTER,255777,,POPLAP TM EMB,"76% PES, 24% CO",142 - 152 cm.,137 - 147 cm.,40 - 45 g/m2,"3,000m.",200,600,M,PFE/PFD,3.63,,FOB Bangkok,,,Center price sheet,CENTER PRICE USD for internal,847,
1143,CENTER,255777,,POPLAP TM EMB,"76% PES, 24% CO",142 - 152 cm.,137 - 147 cm.,40 - 45 g/m2,"3,000m.",200,600,M,All_colors,4.53,,FOB Bangkok,,,Center price sheet,CENTER PRICE USD for internal,847,
1144,CENTER,255777,,POPLAP TM EMB,"76% PES, 24% CO",142 - 152 cm.,137 - 147 cm.,40 - 45 g/m2,"3,000m.",601,2000,M,PFE/PFD,3.4,,FOB Bangkok,,,Center price sheet,CENTER PRICE USD for internal,848,
1145,CENTER,255777,,POPLAP TM EMB,"76% PES, 24% CO",142 - 152 cm.,137 - 147 cm.,40 - 45 g/m2,"3,000m.",601,2000,M,All_colors,4.2,,FOB Bangkok,,,Center price sheet,CENTER PRICE USD for internal,848,
1146,CENTER,255777,,POPLAP TM EMB,"76% PES, 24% CO",142 - 152 cm.,137 - 147 cm.,40 - 45 g/m2,"3,000m.",2001,5000,M,PFE/PFD,3.2,,FOB Bangkok,,,Center price sheet,CENTER PRICE USD for internal,849,
1147,CENTER,255777,,POPLAP TM EMB,"76% PES, 24% CO",142 - 152 cm.,137 - 147 cm.,40 - 45 g/m2,"3,000m.",2001,5000,M,All_colors,4,,FOB Bangkok,,,Center price sheet,CENTER PRICE USD for internal,849,
1148,CENTER,255827,,Recycle PA + Recycle Elastic Tulle Pascal Plus TM EMB,"70% PA, 30% ELASTANE",148 - 158 cm.,143 - 153 cm.,45 - 50 g/m2,"3,000m.",200,599,M,PFE/PFD,2.45,,FOB Bangkok,,,Center price sheet,CENTER PRICE USD for internal,851,
1149,CENTER,255827,,Recycle PA + Recycle Elastic Tulle Pascal Plus TM EMB,"70% PA, 30% ELASTANE",148 - 158 cm.,143 - 153 cm.,45 - 50 g/m2,"3,000m.",200,599,M,All_colors,3.5,,FOB Bangkok,,,Center price sheet,CENTER PRICE USD for internal,851,
1150,CENTER,255827,,Recycle PA + Recycle Elastic Tulle Pascal Plus TM EMB,"70% PA, 30% ELASTANE",148 - 158 cm.,143 - 153 cm.,45 - 50 g/m2,"3,000m.",600,1999,M,PFE/PFD,2.3,,FOB Bangkok,,,Center price sheet,CENTER PRICE USD for internal,852,
1151,CENTER,255827,,Recycle PA + Recycle Elastic Tulle Pascal Plus TM EMB,"70% PA, 30% ELASTANE",148 - 158 cm.,143 - 153 cm.,45 - 50 g/m2,"3,000m.",600,1999,M,All_colors,3.2,,FOB Bangkok,,,Center price sheet,CENTER PRICE USD for internal,852,
1152,CENTER,255827,,Recycle PA + Recycle Elastic Tulle Pascal Plus TM EMB,"70% PA, 30% ELASTANE",148 - 158 cm.,143 - 153 cm.,45 - 50 g/m2,"3,000m.",2000,,M,PFE/PFD,2.1,,FOB Bangkok,,,Center price sheet,CENTER PRICE USD for internal,853,
1153,CENTER,255827,,Recycle PA + Recycle Elastic Tulle Pascal Plus TM EMB,"70% PA, 30% ELASTANE",148 - 158 cm.,143 - 153 cm.,45 - 50 g/m2,"3,000m.",2000,,M,All_colors,3.05,,FOB Bangkok,,,Center price sheet,CENTER PRICE USD for internal,853,
1154,CENTER,255828,,Recycle PA TULLE 30328 TM EMB,100% PA,150 - 160 cm.,145 - 155 cm.,30 - 35 g/m2,"3,000m.",200,600,M,PFE/PFD,1.9,,FOB Bangkok,,,Center price sheet,CENTER PRICE USD for internal,855,
1155,CENTER,255828,,Recycle PA TULLE 30328 TM EMB,100% PA,150 - 160 cm.,145 - 155 cm.,30 - 35 g/m2,"3,000m.",200,600,M,All_colors,3.05,,FOB Bangkok,,,Center price sheet,CENTER PRICE USD for internal,855,
1156,CENTER,255828,,Recycle PA TULLE 30328 TM EMB,100% PA,150 - 160 cm.,145 - 155 cm.,30 - 35 g/m2,"3,000m.",601,2000,M,PFE/PFD,1.7,,FOB Bangkok,,,Center price sheet,CENTER PRICE USD for internal,856,
1157,CENTER,255828,,Recycle PA TULLE 30328 TM EMB,100% PA,150 - 160 cm.,145 - 155 cm.,30 - 35 g/m2,"3,000m.",601,2000,M,All_colors,2.35,,FOB Bangkok,,,Center price sheet,CENTER PRICE USD for internal,856,
1158,CENTER,255828,,Recycle PA TULLE 30328 TM EMB,100% PA,150 - 160 cm.,145 - 155 cm.,30 - 35 g/m2,"3,000m.",2001,5000,M,PFE/PFD,1.6,,FOB Bangkok,,,Center price sheet,CENTER PRICE USD for internal,857,
1159,CENTER,255828,,Recycle PA TULLE 30328 TM EMB,100% PA,150 - 160 cm.,145 - 155 cm.,30 - 35 g/m2,"3,000m.",2001,5000,M,All_colors,2.3,,FOB Bangkok,,,Center price sheet,CENTER PRICE USD for internal,857,
1160,CENTER PRICE THB,210816,,SOFTY e 1 hydrophilic + antibacteria finish,100%PES,170 - 180 cm.,165 - 175 cm.,145 - 160 g/m2,"2,000m.",500,,M,All_colors,,185,,,,header-parsed,CENTER PRICE THB,15,
1161,CENTER PRICE THB,210786,,SOFTY e 1 hydrophilic + antibacteria finish,100% PES,148 - 153 cm.,143 - 148 cm.,125 - 135 g/m2,"2,000m.",500,,M,All_colors,,160,,,,header-parsed,CENTER PRICE THB,16,
1162,CENTER PRICE THB,251051,,PA CHARMEUSE 2020,100% PA,153 - 158 cm.,148 - 153 cm.,28 - 33 g/m2,"3,000m.",200,600,M,PFE/PFD,,60,,,,header-parsed,CENTER PRICE THB,18,
1163,CENTER PRICE THB,251051,,PA CHARMEUSE 2020,100% PA,153 - 158 cm.,148 - 153 cm.,28 - 33 g/m2,"3,000m.",200,600,M,All_colors,,78,,,,header-parsed,CENTER PRICE THB,18,
1164,CENTER PRICE THB,251051,,PA CHARMEUSE 2020,100% PA,153 - 158 cm.,148 - 153 cm.,28 - 33 g/m2,"3,000m.",601,2000,M,PFE/PFD,,50,,,,header-parsed,CENTER PRICE THB,19,
1165,CENTER PRICE THB,251051,,PA CHARMEUSE 2020,100% PA,153 - 158 cm.,148 - 153 cm.,28 - 33 g/m2,"3,000m.",601,2000,M,All_colors,,64,,,,header-parsed,CENTER PRICE THB,19,
1166,CENTER PRICE THB,251051,,PA CHARMEUSE 2020,100% PA,153 - 158 cm.,148 - 153 cm.,28 - 33 g/m2,"3,000m.",2001,5000,M,PFE/PFD,,48,,,,header-parsed,CENTER PRICE THB,20,
1167,CENTER PRICE THB,251051,,PA CHARMEUSE 2020,100% PA,153 - 158 cm.,148 - 153 cm.,28 - 33 g/m2,"3,000m.",2001,5000,M,All_colors,,59,,,,header-parsed,CENTER PRICE THB,20,
1168,CENTER PRICE THB,251166,,ELASTIC CHARMEUSE,"80% PA, 20% ELASTANE",150 - 155 cm.,145 - 150 cm.,145 - 160 g/m2,"1,000m.",200,600,M,PFE/PFD,,135,,,,header-parsed,CENTER PRICE THB,22,
1169,CENTER PRICE THB,251166,,ELASTIC CHARMEUSE,"80% PA, 20% ELASTANE",150 - 155 cm.,145 - 150 cm.,145 - 160 g/m2,"1,000m.",200,600,M,All_colors,,160,,,,header-parsed,CENTER PRICE THB,22,
1170,CENTER PRICE THB,251166,,ELASTIC CHARMEUSE,"80% PA, 20% ELASTANE",150 - 155 cm.,145 - 150 cm.,145 - 160 g/m2,"1,000m.",601,2000,M,PFE/PFD,,127,,,,header-parsed,CENTER PRICE THB,23,
1171,CENTER PRICE THB,251166,,ELASTIC CHARMEUSE,"80% PA, 20% ELASTANE",150 - 155 cm.,145 - 150 cm.,145 - 160 g/m2,"1,000m.",601,2000,M,All_colors,,150,,,,header-parsed,CENTER PRICE THB,23,
1172,CENTER PRICE THB,251166,,ELASTIC CHARMEUSE,"80% PA, 20% ELASTANE",150 - 155 cm.,145 - 150 cm.,145 - 160 g/m2,"1,000m.",2001,5000,M,PFE/PFD,,125,,,,header-parsed,CENTER PRICE THB,24,
1173,CENTER PRICE THB,251166,,ELASTIC CHARMEUSE,"80% PA, 20% ELASTANE",150 - 155 cm.,145 - 150 cm.,145 - 160 g/m2,"1,000m.",2001,5000,M,All_colors,,145,,,,header-parsed,CENTER PRICE THB,24,
1174,CENTER PRICE THB,251168,,ELASTIC CHARMEUSE,"72% PA, 28% ELASTANE",153 - 158 cm.,148 - 153 cm.,125 - 135 g/m2,"1,000m.",200,600,M,PFE/PFD,,140,,,,header-parsed,CENTER PRICE THB,26,
1175,CENTER PRICE THB,251168,,ELASTIC CHARMEUSE,"72% PA, 28% ELASTANE",153 - 158 cm.,148 - 153 cm.,125 - 135 g/m2,"1,000m.",200,600,M,All_colors,,165,,,,header-parsed,CENTER PRICE THB,26,
1176,CENTER PRICE THB,251168,,ELASTIC CHARMEUSE,"72% PA, 28% ELASTANE",153 - 158 cm.,148 - 153 cm.,125 - 135 g/m2,"1,000m.",601,2000,M,PFE/PFD,,130,,,,header-parsed,CENTER PRICE THB,27,
1177,CENTER PRICE THB,251168,,ELASTIC CHARMEUSE,"72% PA, 28% ELASTANE",153 - 158 cm.,148 - 153 cm.,125 - 135 g/m2,"1,000m.",601,2000,M,All_colors,,155,,,,header-parsed,CENTER PRICE THB,27,
1178,CENTER PRICE THB,251168,,ELASTIC CHARMEUSE,"72% PA, 28% ELASTANE",153 - 158 cm.,148 - 153 cm.,125 - 135 g/m2,"1,000m.",2001,5000,M,PFE/PFD,,128,,,,header-parsed,CENTER PRICE THB,28,
1179,CENTER PRICE THB,251168,,ELASTIC CHARMEUSE,"72% PA, 28% ELASTANE",153 - 158 cm.,148 - 153 cm.,125 - 135 g/m2,"1,000m.",2001,5000,M,All_colors,,148,,,,header-parsed,CENTER PRICE THB,28,
1180,CENTER PRICE THB,251170,,ELASTIC CHARMEUSE BR,"80% PA, 20% ELASTANE",158 - 163 cm.,153 - 158 cm.,130 - 140 g/m2,"1,000m.",300,,M,PFE/PFD,,145,,,,header-parsed,CENTER PRICE THB,30,
1181,CENTER PRICE THB,251170,,ELASTIC CHARMEUSE BR,"80% PA, 20% ELASTANE",158 - 163 cm.,153 - 158 cm.,130 - 140 g/m2,"1,000m.",300,,M,All_colors,,163.5,,,,header-parsed,CENTER PRICE THB,30,
1182,CENTER PRICE THB,251170,,ELASTIC CHARMEUSE BR,"80% PA, 20% ELASTANE",158 - 163 cm.,153 - 158 cm.,130 - 140 g/m2,"1,000m.",700,,M,PFE/PFD,,135,,,,header-parsed,CENTER PRICE THB,31,
1183,CENTER PRICE THB,251170,,ELASTIC CHARMEUSE BR,"80% PA, 20% ELASTANE",158 - 163 cm.,153 - 158 cm.,130 - 140 g/m2,"1,000m.",700,,M,All_colors,,156,,,,header-parsed,CENTER PRICE THB,31,
1184,CENTER PRICE THB,251170,,ELASTIC CHARMEUSE BR,"80% PA, 20% ELASTANE",158 - 163 cm.,153 - 158 cm.,130 - 140 g/m2,"1,000m.",1100,,M,PFE/PFD,,134,,,,header-parsed,CENTER PRICE THB,32,
1185,CENTER PRICE THB,251170,,ELASTIC CHARMEUSE BR,"80% PA, 20% ELASTANE",158 - 163 cm.,153 - 158 cm.,130 - 140 g/m2,"1,000m.",1100,,M,All_colors,,150,,,,header-parsed,CENTER PRICE THB,32,
1186,CENTER PRICE THB,251173,,PA MARQUISETTE,100% PA,150 - 155 cm.,145 - 150 cm.,40 - 45 g/m2,"3,000m.",200,600,M,PFE/PFD,,61,,,,header-parsed,CENTER PRICE THB,34,
1187,CENTER PRICE THB,251173,,PA MARQUISETTE,100% PA,150 - 155 cm.,145 - 150 cm.,40 - 45 g/m2,"3,000m.",200,600,M,All_colors,,79,,,,header-parsed,CENTER PRICE THB,34,
1188,CENTER PRICE THB,251173,,PA MARQUISETTE,100% PA,150 - 155 cm.,145 - 150 cm.,40 - 45 g/m2,"3,000m.",601,2000,M,PFE/PFD,,51,,,,header-parsed,CENTER PRICE THB,35,
1189,CENTER PRICE THB,251173,,PA MARQUISETTE,100% PA,150 - 155 cm.,145 - 150 cm.,40 - 45 g/m2,"3,000m.",601,2000,M,All_colors,,66,,,,header-parsed,CENTER PRICE THB,35,
1190,CENTER PRICE THB,251173,,PA MARQUISETTE,100% PA,150 - 155 cm.,145 - 150 cm.,40 - 45 g/m2,"3,000m.",2001,5000,M,PFE/PFD,,50,,,,header-parsed,CENTER PRICE THB,36,
1191,CENTER PRICE THB,251173,,PA MARQUISETTE,100% PA,150 - 155 cm.,145 - 150 cm.,40 - 45 g/m2,"3,000m.",2001,5000,M,All_colors,,61,,,,header-parsed,CENTER PRICE THB,36,
1192,CENTER PRICE THB,251195,,PA CHARMEUSE SILK TOUCH,100% PA,150 - 155 cm.,145 - 150 cm.,36 - 41 g/m2,"3,000m.",200,600,M,PFE/PFD,,67,,,,header-parsed,CENTER PRICE THB,38,
1193,CENTER PRICE THB,251195,,PA CHARMEUSE SILK TOUCH,100% PA,150 - 155 cm.,145 - 150 cm.,36 - 41 g/m2,"3,000m.",200,600,M,All_colors,,87,,,,header-parsed,CENTER PRICE THB,38,
1194,CENTER PRICE THB,251195,,PA CHARMEUSE SILK TOUCH,100% PA,150 - 155 cm.,145 - 150 cm.,36 - 41 g/m2,"3,000m.",601,2000,M,PFE/PFD,,56,,,,header-parsed,CENTER PRICE THB,39,
1195,CENTER PRICE THB,251195,,PA CHARMEUSE SILK TOUCH,100% PA,150 - 155 cm.,145 - 150 cm.,36 - 41 g/m2,"3,000m.",601,2000,M,All_colors,,72,,,,header-parsed,CENTER PRICE THB,39,
1196,CENTER PRICE THB,251195,,PA CHARMEUSE SILK TOUCH,100% PA,150 - 155 cm.,145 - 150 cm.,36 - 41 g/m2,"3,000m.",2001,5000,M,PFE/PFD,,55,,,,header-parsed,CENTER PRICE THB,40,
1197,CENTER PRICE THB,251195,,PA CHARMEUSE SILK TOUCH,100% PA,150 - 155 cm.,145 - 150 cm.,36 - 41 g/m2,"3,000m.",2001,5000,M,All_colors,,66,,,,header-parsed,CENTER PRICE THB,40,
1198,CENTER PRICE THB,251205,,POWER MESH,"86% PA, 14% ELASTANE",185 - 190 cm.,180 - 185 cm.,130 - 140 g/m2,"1,000m.",200,600,M,PFE/PFD,,165,,,,header-parsed,CENTER PRICE THB,42,
1199,CENTER PRICE THB,251205,,POWER MESH,"86% PA, 14% ELASTANE",185 - 190 cm.,180 - 185 cm.,130 - 140 g/m2,"1,000m.",200,600,M,All_colors,,200,,,,header-parsed,CENTER PRICE THB,42,
1200,CENTER PRICE THB,251205,,POWER MESH,"86% PA, 14% ELASTANE",185 - 190 cm.,180 - 185 cm.,130 - 140 g/m2,"1,000m.",601,2000,M,PFE/PFD,,155,,,,header-parsed,CENTER PRICE THB,43,
1201,CENTER PRICE THB,251205,,POWER MESH,"86% PA, 14% ELASTANE",185 - 190 cm.,180 - 185 cm.,130 - 140 g/m2,"1,000m.",601,2000,M,All_colors,,185,,,,header-parsed,CENTER PRICE THB,43,
1202,CENTER PRICE THB,251205,,POWER MESH,"86% PA, 14% ELASTANE",185 - 190 cm.,180 - 185 cm.,130 - 140 g/m2,"1,000m.",2001,5000,M,PFE/PFD,,152,,,,header-parsed,CENTER PRICE THB,44,
1203,CENTER PRICE THB,251205,,POWER MESH,"86% PA, 14% ELASTANE",185 - 190 cm.,180 - 185 cm.,130 - 140 g/m2,"1,000m.",2001,5000,M,All_colors,,182,,,,header-parsed,CENTER PRICE THB,44,
1204,CENTER PRICE THB,251208,,ELASTIC CHARMEUSE,"80% PA, 20% ELASTANE",143 - 148 cm.,138 - 143 cm.,68 - 73 g/m2,"3,000m.",200,600,M,PFE/PFD,,112,,,,header-parsed,CENTER PRICE THB,46,
1205,CENTER PRICE THB,251208,,ELASTIC CHARMEUSE,"80% PA, 20% ELASTANE",143 - 148 cm.,138 - 143 cm.,68 - 73 g/m2,"3,000m.",200,600,M,All_colors,,130,,,,header-parsed,CENTER PRICE THB,46,
1206,CENTER PRICE THB,251208,,ELASTIC CHARMEUSE,"80% PA, 20% ELASTANE",143 - 148 cm.,138 - 143 cm.,68 - 73 g/m2,"3,000m.",601,2000,M,PFE/PFD,,101,,,,header-parsed,CENTER PRICE THB,47,
1207,CENTER PRICE THB,251208,,ELASTIC CHARMEUSE,"80% PA, 20% ELASTANE",143 - 148 cm.,138 - 143 cm.,68 - 73 g/m2,"3,000m.",601,2000,M,All_colors,,117,,,,header-parsed,CENTER PRICE THB,47,
1208,CENTER PRICE THB,251208,,ELASTIC CHARMEUSE,"80% PA, 20% ELASTANE",143 - 148 cm.,138 - 143 cm.,68 - 73 g/m2,"3,000m.",2001,5000,M,PFE/PFD,,99,,,,header-parsed,CENTER PRICE THB,48,
1209,CENTER PRICE THB,251208,,ELASTIC CHARMEUSE,"80% PA, 20% ELASTANE",143 - 148 cm.,138 - 143 cm.,68 - 73 g/m2,"3,000m.",2001,5000,M,All_colors,,113,,,,header-parsed,CENTER PRICE THB,48,
1210,CENTER PRICE THB,254509,,PA CHARMEUSE,100% PA,160 - 165 cm.,155 - 160 cm.,78 - 83 g/m2,"3,000m.",200,600,M,PFE/PFD,,89,,,,header-parsed,CENTER PRICE THB,50,
1211,CENTER PRICE THB,254509,,PA CHARMEUSE,100% PA,160 - 165 cm.,155 - 160 cm.,78 - 83 g/m2,"3,000m.",200,600,M,All_colors,,107,,,,header-parsed,CENTER PRICE THB,50,
1212,CENTER PRICE THB,254509,,PA CHARMEUSE,100% PA,160 - 165 cm.,155 - 160 cm.,78 - 83 g/m2,"3,000m.",601,2000,M,PFE/PFD,,79,,,,header-parsed,CENTER PRICE THB,51,
1213,CENTER PRICE THB,254509,,PA CHARMEUSE,100% PA,160 - 165 cm.,155 - 160 cm.,78 - 83 g/m2,"3,000m.",601,2000,M,All_colors,,93,,,,header-parsed,CENTER PRICE THB,51,
1214,CENTER PRICE THB,254509,,PA CHARMEUSE,100% PA,160 - 165 cm.,155 - 160 cm.,78 - 83 g/m2,"3,000m.",2001,5000,M,PFE/PFD,,78,,,,header-parsed,CENTER PRICE THB,52,
1215,CENTER PRICE THB,254509,,PA CHARMEUSE,100% PA,160 - 165 cm.,155 - 160 cm.,78 - 83 g/m2,"3,000m.",2001,5000,M,All_colors,,89,,,,header-parsed,CENTER PRICE THB,52,
1216,CENTER PRICE THB,254553,,PA TULLE,100%PA,145 - 150 cm.,140 - 145 cm.,30 - 35 g/m2,"3,000m.",200,600,M,PFE/PFD,,69,,,,header-parsed,CENTER PRICE THB,54,
1217,CENTER PRICE THB,254553,,PA TULLE,100%PA,145 - 150 cm.,140 - 145 cm.,30 - 35 g/m2,"3,000m.",200,600,M,All_colors,,89,,,,header-parsed,CENTER PRICE THB,54,
1218,CENTER PRICE THB,254553,,PA TULLE,100%PA,145 - 150 cm.,140 - 145 cm.,30 - 35 g/m2,"3,000m.",601,2000,M,PFE/PFD,,59,,,,header-parsed,CENTER PRICE THB,55,
1219,CENTER PRICE THB,254553,,PA TULLE,100%PA,145 - 150 cm.,140 - 145 cm.,30 - 35 g/m2,"3,000m.",601,2000,M,All_colors,,74,,,,header-parsed,CENTER PRICE THB,55,
1220,CENTER PRICE THB,254553,,PA TULLE,100%PA,145 - 150 cm.,140 - 145 cm.,30 - 35 g/m2,"3,000m.",2001,5000,M,PFE/PFD,,57,,,,header-parsed,CENTER PRICE THB,56,
1221,CENTER PRICE THB,254553,,PA TULLE,100%PA,145 - 150 cm.,140 - 145 cm.,30 - 35 g/m2,"3,000m.",2001,5000,M,All_colors,,69,,,,header-parsed,CENTER PRICE THB,56,
1222,CENTER PRICE THB,254580,,PA TULLE,100%PA,150 - 155cm,145 - 150 cm.,30 - 35 g/m2,,200,600,M,PFE/PFD,,69,,,,header-parsed,CENTER PRICE THB,58,
1223,CENTER PRICE THB,254580,,PA TULLE,100%PA,150 - 155cm,145 - 150 cm.,30 - 35 g/m2,,200,600,M,All_colors,,89,,,,header-parsed,CENTER PRICE THB,58,
1224,CENTER PRICE THB,254580,,PA TULLE,100%PA,150 - 155cm,145 - 150 cm.,30 - 35 g/m2,,601,2000,M,PFE/PFD,,59,,,,header-parsed,CENTER PRICE THB,59,
1225,CENTER PRICE THB,254580,,PA TULLE,100%PA,150 - 155cm,145 - 150 cm.,30 - 35 g/m2,,601,2000,M,All_colors,,74,,,,header-parsed,CENTER PRICE THB,59,
1226,CENTER PRICE THB,254580,,PA TULLE,100%PA,150 - 155cm,145 - 150 cm.,30 - 35 g/m2,,2001,5000,M,PFE/PFD,,57,,,,header-parsed,CENTER PRICE THB,60,
1227,CENTER PRICE THB,254580,,PA TULLE,100%PA,150 - 155cm,145 - 150 cm.,30 - 35 g/m2,,2001,5000,M,All_colors,,69,,,,header-parsed,CENTER PRICE THB,60,
1228,CENTER PRICE THB,254559,,PA TULLE MICRO-TOUCH,100% PA,165 - 170 cm.,160 - 165 cm.,20 - 25 g/m2,"3,000m.",200,600,M,PFE/PFD,,68,,,,header-parsed,CENTER PRICE THB,65,
1229,CENTER PRICE THB,254559,,PA TULLE MICRO-TOUCH,100% PA,165 - 170 cm.,160 - 165 cm.,20 - 25 g/m2,"3,000m.",200,600,M,All_colors,,87,,,,header-parsed,CENTER PRICE THB,65,
1230,CENTER PRICE THB,254559,,PA TULLE MICRO-TOUCH,100% PA,165 - 170 cm.,160 - 165 cm.,20 - 25 g/m2,"3,000m.",601,2000,M,PFE/PFD,,58,,,,header-parsed,CENTER PRICE THB,66,
1231,CENTER PRICE THB,254559,,PA TULLE MICRO-TOUCH,100% PA,165 - 170 cm.,160 - 165 cm.,20 - 25 g/m2,"3,000m.",601,2000,M,All_colors,,73,,,,header-parsed,CENTER PRICE THB,66,
1232,CENTER PRICE THB,254559,,PA TULLE MICRO-TOUCH,100% PA,165 - 170 cm.,160 - 165 cm.,20 - 25 g/m2,"3,000m.",2001,5000,M,PFE/PFD,,56,,,,header-parsed,CENTER PRICE THB,67,
1233,CENTER PRICE THB,254559,,PA TULLE MICRO-TOUCH,100% PA,165 - 170 cm.,160 - 165 cm.,20 - 25 g/m2,"3,000m.",2001,5000,M,All_colors,,68,,,,header-parsed,CENTER PRICE THB,67,
1234,CENTER PRICE THB,254582,,PA TULLE,100 % PA,157 - 162 cm.,152 - 157 cm.,18 - 23 g/m2,"3,000m.",200,600,M,PFE/PFD,,60,,,,header-parsed,CENTER PRICE THB,69,
1235,CENTER PRICE THB,254582,,PA TULLE,100 % PA,157 - 162 cm.,152 - 157 cm.,18 - 23 g/m2,"3,000m.",200,600,M,All_colors,,80,,,,header-parsed,CENTER PRICE THB,69,
1236,CENTER PRICE THB,254582,,PA TULLE,100 % PA,157 - 162 cm.,152 - 157 cm.,18 - 23 g/m2,"3,000m.",601,2000,M,PFE/PFD,,50,,,,header-parsed,CENTER PRICE THB,70,
1237,CENTER PRICE THB,254582,,PA TULLE,100 % PA,157 - 162 cm.,152 - 157 cm.,18 - 23 g/m2,"3,000m.",601,2000,M,All_colors,,65,,,,header-parsed,CENTER PRICE THB,70,
1238,CENTER PRICE THB,254582,,PA TULLE,100 % PA,157 - 162 cm.,152 - 157 cm.,18 - 23 g/m2,"3,000m.",2001,5000,M,PFE/PFD,,47,,,,header-parsed,CENTER PRICE THB,71,
1239,CENTER PRICE THB,254582,,PA TULLE,100 % PA,157 - 162 cm.,152 - 157 cm.,18 - 23 g/m2,"3,000m.",2001,5000,M,All_colors,,60,,,,header-parsed,CENTER PRICE THB,71,
1240,CENTER PRICE THB,254588,,PES TULLE ALPHA,100% PES,148 - 153 cm.,143 - 148 cm.,20 - 25 g/m2,"3,000m.",200,600,M,PFE/PFD,,55,,,,header-parsed,CENTER PRICE THB,73,
1241,CENTER PRICE THB,254588,,PES TULLE ALPHA,100% PES,148 - 153 cm.,143 - 148 cm.,20 - 25 g/m2,"3,000m.",200,600,M,All_colors,,80,,,,header-parsed,CENTER PRICE THB,73,
1242,CENTER PRICE THB,254588,,PES TULLE ALPHA,100% PES,148 - 153 cm.,143 - 148 cm.,20 - 25 g/m2,"3,000m.",601,2000,M,PFE/PFD,,45,,,,header-parsed,CENTER PRICE THB,74,
1243,CENTER PRICE THB,254588,,PES TULLE ALPHA,100% PES,148 - 153 cm.,143 - 148 cm.,20 - 25 g/m2,"3,000m.",601,2000,M,All_colors,,65,,,,header-parsed,CENTER PRICE THB,74,
1244,CENTER PRICE THB,254588,,PES TULLE ALPHA,100% PES,148 - 153 cm.,143 - 148 cm.,20 - 25 g/m2,"3,000m.",2001,5000,M,PFE/PFD,,43,,,,header-parsed,CENTER PRICE THB,75,
1245,CENTER PRICE THB,254588,,PES TULLE ALPHA,100% PES,148 - 153 cm.,143 - 148 cm.,20 - 25 g/m2,"3,000m.",2001,5000,M,All_colors,,60,,,,header-parsed,CENTER PRICE THB,75,
1246,CENTER PRICE THB,254615,,PA TULLE SH,100% PA,138 - 143 cm.,133 - 138 cm.,40 - 45 g/m2,"3,000m.",200,600,M,PFE/PFD,,77,,,,header-parsed,CENTER PRICE THB,77,
1247,CENTER PRICE THB,254615,,PA TULLE SH,100% PA,138 - 143 cm.,133 - 138 cm.,40 - 45 g/m2,"3,000m.",200,600,M,All_colors,,97,,,,header-parsed,CENTER PRICE THB,77,
1248,CENTER PRICE THB,254615,,PA TULLE SH,100% PA,138 - 143 cm.,133 - 138 cm.,40 - 45 g/m2,"3,000m.",601,2000,M,PFE/PFD,,66,,,,header-parsed,CENTER PRICE THB,78,
1249,CENTER PRICE THB,254615,,PA TULLE SH,100% PA,138 - 143 cm.,133 - 138 cm.,40 - 45 g/m2,"3,000m.",601,2000,M,All_colors,,82,,,,header-parsed,CENTER PRICE THB,78,
1250,CENTER PRICE THB,254615,,PA TULLE SH,100% PA,138 - 143 cm.,133 - 138 cm.,40 - 45 g/m2,"3,000m.",2001,5000,M,PFE/PFD,,65,,,,header-parsed,CENTER PRICE THB,79,
1251,CENTER PRICE THB,254615,,PA TULLE SH,100% PA,138 - 143 cm.,133 - 138 cm.,40 - 45 g/m2,"3,000m.",2001,5000,M,All_colors,,76,,,,header-parsed,CENTER PRICE THB,79,
1252,CENTER PRICE THB,254622,,PA MARQUISETTE,100% PA,150 - 155 cm.,145 - 150 cm.,45 - 50 g/m2,"3,000m.",200,600,M,PFE/PFD,,55,,,,header-parsed,CENTER PRICE THB,81,
1253,CENTER PRICE THB,254622,,PA MARQUISETTE,100% PA,150 - 155 cm.,145 - 150 cm.,45 - 50 g/m2,"3,000m.",200,600,M,All_colors,,75,,,,header-parsed,CENTER PRICE THB,81,
1254,CENTER PRICE THB,254622,,PA MARQUISETTE,100% PA,150 - 155 cm.,145 - 150 cm.,45 - 50 g/m2,"3,000m.",601,2000,M,PFE/PFD,,45,,,,header-parsed,CENTER PRICE THB,82,
1255,CENTER PRICE THB,254622,,PA MARQUISETTE,100% PA,150 - 155 cm.,145 - 150 cm.,45 - 50 g/m2,"3,000m.",601,2000,M,All_colors,,50,,,,header-parsed,CENTER PRICE THB,82,
1256,CENTER PRICE THB,254622,,PA MARQUISETTE,100% PA,150 - 155 cm.,145 - 150 cm.,45 - 50 g/m2,"3,000m.",2001,5000,M,PFE/PFD,,40,,,,header-parsed,CENTER PRICE THB,83,
1257,CENTER PRICE THB,254622,,PA MARQUISETTE,100% PA,150 - 155 cm.,145 - 150 cm.,45 - 50 g/m2,"3,000m.",2001,5000,M,All_colors,,48,,,,header-parsed,CENTER PRICE THB,83,
1258,CENTER PRICE THB,254701,,CO/PES TULLE 451/130/2,"70% PES, 30% CO",143 - 148 cm.,138 - 143 cm.,35 - 40 g/m2,"1,000m.",200,600,M,PFE/PFD,,103,,,,header-parsed,CENTER PRICE THB,85,
1259,CENTER PRICE THB,254701,,CO/PES TULLE 451/130/2,"70% PES, 30% CO",143 - 148 cm.,138 - 143 cm.,35 - 40 g/m2,"1,000m.",200,600,M,All_colors,,130,,,,header-parsed,CENTER PRICE THB,85,
1260,CENTER PRICE THB,254701,,CO/PES TULLE 451/130/2,"70% PES, 30% CO",143 - 148 cm.,138 - 143 cm.,35 - 40 g/m2,"1,000m.",601,2000,M,PFE/PFD,,96,,,,header-parsed,CENTER PRICE THB,86,
1261,CENTER PRICE THB,254701,,CO/PES TULLE 451/130/2,"70% PES, 30% CO",143 - 148 cm.,138 - 143 cm.,35 - 40 g/m2,"1,000m.",601,2000,M,All_colors,,120,,,,header-parsed,CENTER PRICE THB,86,
1262,CENTER PRICE THB,254701,,CO/PES TULLE 451/130/2,"70% PES, 30% CO",143 - 148 cm.,138 - 143 cm.,35 - 40 g/m2,"1,000m.",2001,5000,M,PFE/PFD,,90,,,,header-parsed,CENTER PRICE THB,87,
1263,CENTER PRICE THB,254701,,CO/PES TULLE 451/130/2,"70% PES, 30% CO",143 - 148 cm.,138 - 143 cm.,35 - 40 g/m2,"1,000m.",2001,5000,M,All_colors,,114,,,,header-parsed,CENTER PRICE THB,87,
1264,CENTER PRICE THB,254723,,PES TULLE TORINO 35,100% PES,155 - 160 cm.,150 - 155 cm.,17 - 22 g/m2,"3,000m.",200,600,M,PFE/PFD,,60,,,,header-parsed,CENTER PRICE THB,89,
1265,CENTER PRICE THB,254723,,PES TULLE TORINO 35,100% PES,155 - 160 cm.,150 - 155 cm.,17 - 22 g/m2,"3,000m.",200,600,M,All_colors,,85,,,,header-parsed,CENTER PRICE THB,89,
1266,CENTER PRICE THB,254723,,PES TULLE TORINO 35,100% PES,155 - 160 cm.,150 - 155 cm.,17 - 22 g/m2,"3,000m.",601,2000,M,PFE/PFD,,50,,,,header-parsed,CENTER PRICE THB,90,
1267,CENTER PRICE THB,254723,,PES TULLE TORINO 35,100% PES,155 - 160 cm.,150 - 155 cm.,17 - 22 g/m2,"3,000m.",601,2000,M,All_colors,,70,,,,header-parsed,CENTER PRICE THB,90,
1268,CENTER PRICE THB,254723,,PES TULLE TORINO 35,100% PES,155 - 160 cm.,150 - 155 cm.,17 - 22 g/m2,"3,000m.",2001,5000,M,PFE/PFD,,45,,,,header-parsed,CENTER PRICE THB,91,
1269,CENTER PRICE THB,254723,,PES TULLE TORINO 35,100% PES,155 - 160 cm.,150 - 155 cm.,17 - 22 g/m2,"3,000m.",2001,5000,M,All_colors,,60,,,,header-parsed,CENTER PRICE THB,91,
1270,CENTER PRICE THB,254740,,PES TULLE PUNTO,100% PES,153 - 158 cm.,148 - 153 cm.,30 - 35 g/m2,"3,000m.",200,600,M,PFE/PFD,,93,,,,header-parsed,CENTER PRICE THB,93,
1271,CENTER PRICE THB,254740,,PES TULLE PUNTO,100% PES,153 - 158 cm.,148 - 153 cm.,30 - 35 g/m2,"3,000m.",200,600,M,All_colors,,111,,,,header-parsed,CENTER PRICE THB,93,
1272,CENTER PRICE THB,254740,,PES TULLE PUNTO,100% PES,153 - 158 cm.,148 - 153 cm.,30 - 35 g/m2,"3,000m.",601,2000,M,PFE/PFD,,81,,,,header-parsed,CENTER PRICE THB,94,
1273,CENTER PRICE THB,254740,,PES TULLE PUNTO,100% PES,153 - 158 cm.,148 - 153 cm.,30 - 35 g/m2,"3,000m.",601,2000,M,All_colors,,98,,,,header-parsed,CENTER PRICE THB,94,
1274,CENTER PRICE THB,254740,,PES TULLE PUNTO,100% PES,153 - 158 cm.,148 - 153 cm.,30 - 35 g/m2,"3,000m.",2001,5000,M,PFE/PFD,,79,,,,header-parsed,CENTER PRICE THB,95,
1275,CENTER PRICE THB,254740,,PES TULLE PUNTO,100% PES,153 - 158 cm.,148 - 153 cm.,30 - 35 g/m2,"3,000m.",2001,5000,M,All_colors,,92,,,,header-parsed,CENTER PRICE THB,95,
1276,CENTER PRICE THB,254746,,ELASTIC TULLE RONDO,"83% PA, 17% ELASTANE",148 - 153 cm.,143 - 148 cm.,35 - 40 g/m2,"3,000m.",200,600,M,PFE/PFD,,113,,,,header-parsed,CENTER PRICE THB,101,
1277,CENTER PRICE THB,254746,,ELASTIC TULLE RONDO,"83% PA, 17% ELASTANE",148 - 153 cm.,143 - 148 cm.,35 - 40 g/m2,"3,000m.",200,600,M,All_colors,,132,,,,header-parsed,CENTER PRICE THB,101,
1278,CENTER PRICE THB,254746,,ELASTIC TULLE RONDO,"83% PA, 17% ELASTANE",148 - 153 cm.,143 - 148 cm.,35 - 40 g/m2,"3,000m.",601,2000,M,PFE/PFD,,102,,,,header-parsed,CENTER PRICE THB,102,
1279,CENTER PRICE THB,254746,,ELASTIC TULLE RONDO,"83% PA, 17% ELASTANE",148 - 153 cm.,143 - 148 cm.,35 - 40 g/m2,"3,000m.",601,2000,M,All_colors,,118,,,,header-parsed,CENTER PRICE THB,102,
1280,CENTER PRICE THB,254746,,ELASTIC TULLE RONDO,"83% PA, 17% ELASTANE",148 - 153 cm.,143 - 148 cm.,35 - 40 g/m2,"3,000m.",2001,5000,M,PFE/PFD,,100,,,,header-parsed,CENTER PRICE THB,103,
1281,CENTER PRICE THB,254746,,ELASTIC TULLE RONDO,"83% PA, 17% ELASTANE",148 - 153 cm.,143 - 148 cm.,35 - 40 g/m2,"3,000m.",2001,5000,M,All_colors,,114,,,,header-parsed,CENTER PRICE THB,103,
1282,CENTER PRICE THB,254755,,ELASTIC TULLE ISABELLA,"85% PA, 15% ELASTANE",155 - 160 cm.,150 - 155 cm.,33 - 38 g/m2,"3,000m.",200,600,M,PFE/PFD,,108,,,,header-parsed,CENTER PRICE THB,105,
1283,CENTER PRICE THB,254755,,ELASTIC TULLE ISABELLA,"85% PA, 15% ELASTANE",155 - 160 cm.,150 - 155 cm.,33 - 38 g/m2,"3,000m.",200,600,M,All_colors,,127,,,,header-parsed,CENTER PRICE THB,105,
1284,CENTER PRICE THB,254755,,ELASTIC TULLE ISABELLA,"85% PA, 15% ELASTANE",155 - 160 cm.,150 - 155 cm.,33 - 38 g/m2,"3,000m.",601,2000,M,PFE/PFD,,97,,,,header-parsed,CENTER PRICE THB,106,
1285,CENTER PRICE THB,254755,,ELASTIC TULLE ISABELLA,"85% PA, 15% ELASTANE",155 - 160 cm.,150 - 155 cm.,33 - 38 g/m2,"3,000m.",601,2000,M,All_colors,,113,,,,header-parsed,CENTER PRICE THB,106,
1286,CENTER PRICE THB,254755,,ELASTIC TULLE ISABELLA,"85% PA, 15% ELASTANE",155 - 160 cm.,150 - 155 cm.,33 - 38 g/m2,"3,000m.",2001,5000,M,PFE/PFD,,95,,,,header-parsed,CENTER PRICE THB,107,
1287,CENTER PRICE THB,254755,,ELASTIC TULLE ISABELLA,"85% PA, 15% ELASTANE",155 - 160 cm.,150 - 155 cm.,33 - 38 g/m2,"3,000m.",2001,5000,M,All_colors,,109,,,,header-parsed,CENTER PRICE THB,107,
1288,CENTER PRICE THB,254763,,ELASTIC TULLE PUNTINO,"84% PA, 16% ELASTANE",150 - 155 cm.,145 - 150 cm.,40 - 45 g/m2,"3,000m.",200,600,M,PFE/PFD,,115,,,,header-parsed,CENTER PRICE THB,109,
1289,CENTER PRICE THB,254763,,ELASTIC TULLE PUNTINO,"84% PA, 16% ELASTANE",150 - 155 cm.,145 - 150 cm.,40 - 45 g/m2,"3,000m.",200,600,M,All_colors,,134,,,,header-parsed,CENTER PRICE THB,109,
1290,CENTER PRICE THB,254763,,ELASTIC TULLE PUNTINO,"84% PA, 16% ELASTANE",150 - 155 cm.,145 - 150 cm.,40 - 45 g/m2,"3,000m.",601,2000,M,PFE/PFD,,103,,,,header-parsed,CENTER PRICE THB,110,
1291,CENTER PRICE THB,254763,,ELASTIC TULLE PUNTINO,"84% PA, 16% ELASTANE",150 - 155 cm.,145 - 150 cm.,40 - 45 g/m2,"3,000m.",601,2000,M,All_colors,,120,,,,header-parsed,CENTER PRICE THB,110,
1292,CENTER PRICE THB,254763,,ELASTIC TULLE PUNTINO,"84% PA, 16% ELASTANE",150 - 155 cm.,145 - 150 cm.,40 - 45 g/m2,"3,000m.",2001,5000,M,PFE/PFD,,101,,,,header-parsed,CENTER PRICE THB,111,
1293,CENTER PRICE THB,254763,,ELASTIC TULLE PUNTINO,"84% PA, 16% ELASTANE",150 - 155 cm.,145 - 150 cm.,40 - 45 g/m2,"3,000m.",2001,5000,M,All_colors,,116,,,,header-parsed,CENTER PRICE THB,111,
1294,CENTER PRICE THB,254786,,PES TORINO POINT,100% PES,154 - 159 cm.,149 - 154 cm.,18 - 23 g/m2,"3,000m.",200,600,M,PFE/PFD,,73,,,,header-parsed,CENTER PRICE THB,113,
1295,CENTER PRICE THB,254786,,PES TORINO POINT,100% PES,154 - 159 cm.,149 - 154 cm.,18 - 23 g/m2,"3,000m.",200,600,M,All_colors,,91,,,,header-parsed,CENTER PRICE THB,113,
1296,CENTER PRICE THB,254786,,PES TORINO POINT,100% PES,154 - 159 cm.,149 - 154 cm.,18 - 23 g/m2,"3,000m.",601,2000,M,PFE/PFD,,62,,,,header-parsed,CENTER PRICE THB,114,
1297,CENTER PRICE THB,254786,,PES TORINO POINT,100% PES,154 - 159 cm.,149 - 154 cm.,18 - 23 g/m2,"3,000m.",601,2000,M,All_colors,,78,,,,header-parsed,CENTER PRICE THB,114,
1298,CENTER PRICE THB,254786,,PES TORINO POINT,100% PES,154 - 159 cm.,149 - 154 cm.,18 - 23 g/m2,"3,000m.",2001,5000,M,PFE/PFD,,60,,,,header-parsed,CENTER PRICE THB,115,
1299,CENTER PRICE THB,254786,,PES TORINO POINT,100% PES,154 - 159 cm.,149 - 154 cm.,18 - 23 g/m2,"3,000m.",2001,5000,M,All_colors,,72,,,,header-parsed,CENTER PRICE THB,115,
1300,CENTER PRICE THB,254795,,PES TULLE TORINO 50,100% PES,150 - 155 cm.,145 - 150 cm.,30 - 35 g/m2,"3,000m.",200,600,M,PFE/PFD,,63,,,,header-parsed,CENTER PRICE THB,117,
1301,CENTER PRICE THB,254795,,PES TULLE TORINO 50,100% PES,150 - 155 cm.,145 - 150 cm.,30 - 35 g/m2,"3,000m.",200,600,M,All_colors,,88,,,,header-parsed,CENTER PRICE THB,117,
1302,CENTER PRICE THB,254795,,PES TULLE TORINO 50,100% PES,150 - 155 cm.,145 - 150 cm.,30 - 35 g/m2,"3,000m.",601,2000,M,PFE/PFD,,50,,,,header-parsed,CENTER PRICE THB,118,
1303,CENTER PRICE THB,254795,,PES TULLE TORINO 50,100% PES,150 - 155 cm.,145 - 150 cm.,30 - 35 g/m2,"3,000m.",601,2000,M,All_colors,,75,,,,header-parsed,CENTER PRICE THB,118,
1304,CENTER PRICE THB,254795,,PES TULLE TORINO 50,100% PES,150 - 155 cm.,145 - 150 cm.,30 - 35 g/m2,"3,000m.",2001,5000,M,PFE/PFD,,47,,,,header-parsed,CENTER PRICE THB,119,
1305,CENTER PRICE THB,254795,,PES TULLE TORINO 50,100% PES,150 - 155 cm.,145 - 150 cm.,30 - 35 g/m2,"3,000m.",2001,5000,M,All_colors,,65,,,,header-parsed,CENTER PRICE THB,119,
1306,CENTER PRICE THB,254804,,ELASTIC TULLE,"86% PA, 14% ELASTANE",147 - 152 cm.,142 - 147 cm.,45 - 50 g/m2,"3,000m.",200,600,M,PFE/PFD,,90,,,,header-parsed,CENTER PRICE THB,121,
1307,CENTER PRICE THB,254804,,ELASTIC TULLE,"86% PA, 14% ELASTANE",147 - 152 cm.,142 - 147 cm.,45 - 50 g/m2,"3,000m.",200,600,M,All_colors,,108,,,,header-parsed,CENTER PRICE THB,121,
1308,CENTER PRICE THB,254804,,ELASTIC TULLE,"86% PA, 14% ELASTANE",147 - 152 cm.,142 - 147 cm.,45 - 50 g/m2,"3,000m.",601,2000,M,PFE/PFD,,79,,,,header-parsed,CENTER PRICE THB,122,
1309,CENTER PRICE THB,254804,,ELASTIC TULLE,"86% PA, 14% ELASTANE",147 - 152 cm.,142 - 147 cm.,45 - 50 g/m2,"3,000m.",601,2000,M,All_colors,,95,,,,header-parsed,CENTER PRICE THB,122,
1310,CENTER PRICE THB,254804,,ELASTIC TULLE,"86% PA, 14% ELASTANE",147 - 152 cm.,142 - 147 cm.,45 - 50 g/m2,"3,000m.",2001,5000,M,PFE/PFD,,77,,,,header-parsed,CENTER PRICE THB,123,
1311,CENTER PRICE THB,254804,,ELASTIC TULLE,"86% PA, 14% ELASTANE",147 - 152 cm.,142 - 147 cm.,45 - 50 g/m2,"3,000m.",2001,5000,M,All_colors,,91,,,,header-parsed,CENTER PRICE THB,123,
1312,CENTER PRICE THB,254823,,ELASTIC TULLE,"90% PA, 10% ELASTANE",163 - 168 cm.,158 - 163 cm.,40 - 45 g/m2,"3,000m.",200,600,M,PFE/PFD,,85,,,,header-parsed,CENTER PRICE THB,125,
1313,CENTER PRICE THB,254823,,ELASTIC TULLE,"90% PA, 10% ELASTANE",163 - 168 cm.,158 - 163 cm.,40 - 45 g/m2,"3,000m.",200,600,M,All_colors,,105,,,,header-parsed,CENTER PRICE THB,125,
1314,CENTER PRICE THB,254823,,ELASTIC TULLE,"90% PA, 10% ELASTANE",163 - 168 cm.,158 - 163 cm.,40 - 45 g/m2,"3,000m.",601,2000,M,PFE/PFD,,75,,,,header-parsed,CENTER PRICE THB,126,
1315,CENTER PRICE THB,254823,,ELASTIC TULLE,"90% PA, 10% ELASTANE",163 - 168 cm.,158 - 163 cm.,40 - 45 g/m2,"3,000m.",601,2000,M,All_colors,,90,,,,header-parsed,CENTER PRICE THB,126,
1316,CENTER PRICE THB,254823,,ELASTIC TULLE,"90% PA, 10% ELASTANE",163 - 168 cm.,158 - 163 cm.,40 - 45 g/m2,"3,000m.",2001,5000,M,PFE/PFD,,72,,,,header-parsed,CENTER PRICE THB,127,
1317,CENTER PRICE THB,254823,,ELASTIC TULLE,"90% PA, 10% ELASTANE",163 - 168 cm.,158 - 163 cm.,40 - 45 g/m2,"3,000m.",2001,5000,M,All_colors,,88,,,,header-parsed,CENTER PRICE THB,127,
1318,CENTER PRICE THB,254824,,ELASTIC TULLE PASCAL,"70% PA, 30% ELASTANE",147 - 152 cm.,142 - 147 cm.,50 - 55 g/m2,"3,000m.",200,600,M,PFE/PFD,,95,,,,header-parsed,CENTER PRICE THB,129,
1319,CENTER PRICE THB,254824,,ELASTIC TULLE PASCAL,"70% PA, 30% ELASTANE",147 - 152 cm.,142 - 147 cm.,50 - 55 g/m2,"3,000m.",200,600,M,All_colors,,113,,,,header-parsed,CENTER PRICE THB,129,
1320,CENTER PRICE THB,254824,,ELASTIC TULLE PASCAL,"70% PA, 30% ELASTANE",147 - 152 cm.,142 - 147 cm.,50 - 55 g/m2,"3,000m.",601,2000,M,PFE/PFD,,85,,,,header-parsed,CENTER PRICE THB,130,
1321,CENTER PRICE THB,254824,,ELASTIC TULLE PASCAL,"70% PA, 30% ELASTANE",147 - 152 cm.,142 - 147 cm.,50 - 55 g/m2,"3,000m.",601,2000,M,All_colors,,100,,,,header-parsed,CENTER PRICE THB,130,
1322,CENTER PRICE THB,254824,,ELASTIC TULLE PASCAL,"70% PA, 30% ELASTANE",147 - 152 cm.,142 - 147 cm.,50 - 55 g/m2,"3,000m.",2001,5000,M,PFE/PFD,,83,,,,header-parsed,CENTER PRICE THB,131,
1323,CENTER PRICE THB,254824,,ELASTIC TULLE PASCAL,"70% PA, 30% ELASTANE",147 - 152 cm.,142 - 147 cm.,50 - 55 g/m2,"3,000m.",2001,5000,M,All_colors,,97,,,,header-parsed,CENTER PRICE THB,131,
1324,CENTER PRICE THB,254933,,ELASTIC TULLE CREO,"87% PES, 13% ELASTANE",152 - 157 cm.,147 - 152 cm.,40 - 45 g/m2,"3,000m.",200,600,M,PFE/PFD,,79,,,,header-parsed,CENTER PRICE THB,133,
1325,CENTER PRICE THB,254933,,ELASTIC TULLE CREO,"87% PES, 13% ELASTANE",152 - 157 cm.,147 - 152 cm.,40 - 45 g/m2,"3,000m.",200,600,M,All_colors,,98,,,,header-parsed,CENTER PRICE THB,133,
1326,CENTER PRICE THB,254933,,ELASTIC TULLE CREO,"87% PES, 13% ELASTANE",152 - 157 cm.,147 - 152 cm.,40 - 45 g/m2,"3,000m.",601,2000,M,PFE/PFD,,70,,,,header-parsed,CENTER PRICE THB,134,
1327,CENTER PRICE THB,254933,,ELASTIC TULLE CREO,"87% PES, 13% ELASTANE",152 - 157 cm.,147 - 152 cm.,40 - 45 g/m2,"3,000m.",601,2000,M,All_colors,,89,,,,header-parsed,CENTER PRICE THB,134,
1328,CENTER PRICE THB,254933,,ELASTIC TULLE CREO,"87% PES, 13% ELASTANE",152 - 157 cm.,147 - 152 cm.,40 - 45 g/m2,"3,000m.",2001,5000,M,PFE/PFD,,68,,,,header-parsed,CENTER PRICE THB,135,
1329,CENTER PRICE THB,254933,,ELASTIC TULLE CREO,"87% PES, 13% ELASTANE",152 - 157 cm.,147 - 152 cm.,40 - 45 g/m2,"3,000m.",2001,5000,M,All_colors,,84,,,,header-parsed,CENTER PRICE THB,135,
1330,CENTER PRICE THB,254948,,ELASTIC TULLE ESPRIT II,"85% PA, 15% ELASTANE",150 - 155 cm.,145 - 150 cm.,43 - 48 g/m2,"3,000m.",200,600,M,PFE/PFD,,122,,,,header-parsed,CENTER PRICE THB,137,
1331,CENTER PRICE THB,254948,,ELASTIC TULLE ESPRIT II,"85% PA, 15% ELASTANE",150 - 155 cm.,145 - 150 cm.,43 - 48 g/m2,"3,000m.",200,600,M,All_colors,,141,,,,header-parsed,CENTER PRICE THB,137,
1332,CENTER PRICE THB,254948,,ELASTIC TULLE ESPRIT II,"85% PA, 15% ELASTANE",150 - 155 cm.,145 - 150 cm.,43 - 48 g/m2,"3,000m.",601,2000,M,PFE/PFD,,110,,,,header-parsed,CENTER PRICE THB,138,
1333,CENTER PRICE THB,254948,,ELASTIC TULLE ESPRIT II,"85% PA, 15% ELASTANE",150 - 155 cm.,145 - 150 cm.,43 - 48 g/m2,"3,000m.",601,2000,M,All_colors,,127,,,,header-parsed,CENTER PRICE THB,138,
1334,CENTER PRICE THB,254948,,ELASTIC TULLE ESPRIT II,"85% PA, 15% ELASTANE",150 - 155 cm.,145 - 150 cm.,43 - 48 g/m2,"3,000m.",2001,5000,M,PFE/PFD,,108,,,,header-parsed,CENTER PRICE THB,139,
1335,CENTER PRICE THB,254948,,ELASTIC TULLE ESPRIT II,"85% PA, 15% ELASTANE",150 - 155 cm.,145 - 150 cm.,43 - 48 g/m2,"3,000m.",2001,5000,M,All_colors,,123,,,,header-parsed,CENTER PRICE THB,139,
1336,CENTER PRICE THB,254949,,ELASTIC TULLE ESPRIT,"87% PA, 13% ELASTANE",148 - 153 cm.,143 - 148 cm.,38 - 43 g/m2,"3,000m.",200,600,M,PFE/PFD,,115,,,,header-parsed,CENTER PRICE THB,141,
1337,CENTER PRICE THB,254949,,ELASTIC TULLE ESPRIT,"87% PA, 13% ELASTANE",148 - 153 cm.,143 - 148 cm.,38 - 43 g/m2,"3,000m.",200,600,M,All_colors,,134,,,,header-parsed,CENTER PRICE THB,141,
1338,CENTER PRICE THB,254949,,ELASTIC TULLE ESPRIT,"87% PA, 13% ELASTANE",148 - 153 cm.,143 - 148 cm.,38 - 43 g/m2,"3,000m.",601,2000,M,PFE/PFD,,103,,,,header-parsed,CENTER PRICE THB,142,
1339,CENTER PRICE THB,254949,,ELASTIC TULLE ESPRIT,"87% PA, 13% ELASTANE",148 - 153 cm.,143 - 148 cm.,38 - 43 g/m2,"3,000m.",601,2000,M,All_colors,,120,,,,header-parsed,CENTER PRICE THB,142,
1340,CENTER PRICE THB,254949,,ELASTIC TULLE ESPRIT,"87% PA, 13% ELASTANE",148 - 153 cm.,143 - 148 cm.,38 - 43 g/m2,"3,000m.",2001,5000,M,PFE/PFD,,101,,,,header-parsed,CENTER PRICE THB,143,
1341,CENTER PRICE THB,254949,,ELASTIC TULLE ESPRIT,"87% PA, 13% ELASTANE",148 - 153 cm.,143 - 148 cm.,38 - 43 g/m2,"3,000m.",2001,5000,M,All_colors,,116,,,,header-parsed,CENTER PRICE THB,143,
1342,CENTER PRICE THB,254955,,ELASTIC TULLE BR,"86% PA, 14% ELASTANE",153 - 158 cm.,148 - 153 cm.,40 - 45 g/m2,"3,000m.",200,600,M,PFE/PFD,,78,,,,header-parsed,CENTER PRICE THB,145,
1343,CENTER PRICE THB,254955,,ELASTIC TULLE BR,"86% PA, 14% ELASTANE",153 - 158 cm.,148 - 153 cm.,40 - 45 g/m2,"3,000m.",200,600,M,All_colors,,97,,,,header-parsed,CENTER PRICE THB,145,
1344,CENTER PRICE THB,254955,,ELASTIC TULLE BR,"86% PA, 14% ELASTANE",153 - 158 cm.,148 - 153 cm.,40 - 45 g/m2,"3,000m.",601,2000,M,PFE/PFD,,67,,,,header-parsed,CENTER PRICE THB,146,
1345,CENTER PRICE THB,254955,,ELASTIC TULLE BR,"86% PA, 14% ELASTANE",153 - 158 cm.,148 - 153 cm.,40 - 45 g/m2,"3,000m.",601,2000,M,All_colors,,86,,,,header-parsed,CENTER PRICE THB,146,
1346,CENTER PRICE THB,254955,,ELASTIC TULLE BR,"86% PA, 14% ELASTANE",153 - 158 cm.,148 - 153 cm.,40 - 45 g/m2,"3,000m.",2001,5000,M,PFE/PFD,,65,,,,header-parsed,CENTER PRICE THB,147,
1347,CENTER PRICE THB,254955,,ELASTIC TULLE BR,"86% PA, 14% ELASTANE",153 - 158 cm.,148 - 153 cm.,40 - 45 g/m2,"3,000m.",2001,5000,M,All_colors,,81,,,,header-parsed,CENTER PRICE THB,147,
1348,CENTER PRICE THB,254973,,ELASTIC TULLE QUER / POINT,"87% PA, 13% ELASTANE",155 - 160 cm.,150 - 155 cm.,38 - 43 g/m2,"3,000m.",200,600,M,PFE/PFD,,116,,,,header-parsed,CENTER PRICE THB,149,
1349,CENTER PRICE THB,254973,,ELASTIC TULLE QUER / POINT,"87% PA, 13% ELASTANE",155 - 160 cm.,150 - 155 cm.,38 - 43 g/m2,"3,000m.",200,600,M,All_colors,,135,,,,header-parsed,CENTER PRICE THB,149,
1350,CENTER PRICE THB,254973,,ELASTIC TULLE QUER / POINT,"87% PA, 13% ELASTANE",155 - 160 cm.,150 - 155 cm.,38 - 43 g/m2,"3,000m.",601,2000,M,PFE/PFD,,104,,,,header-parsed,CENTER PRICE THB,150,
1351,CENTER PRICE THB,254973,,ELASTIC TULLE QUER / POINT,"87% PA, 13% ELASTANE",155 - 160 cm.,150 - 155 cm.,38 - 43 g/m2,"3,000m.",601,2000,M,All_colors,,121,,,,header-parsed,CENTER PRICE THB,150,
1352,CENTER PRICE THB,254973,,ELASTIC TULLE QUER / POINT,"87% PA, 13% ELASTANE",155 - 160 cm.,150 - 155 cm.,38 - 43 g/m2,"3,000m.",2001,5000,M,PFE/PFD,,103,,,,header-parsed,CENTER PRICE THB,151,
1353,CENTER PRICE THB,254973,,ELASTIC TULLE QUER / POINT,"87% PA, 13% ELASTANE",155 - 160 cm.,150 - 155 cm.,38 - 43 g/m2,"3,000m.",2001,5000,M,All_colors,,117,,,,header-parsed,CENTER PRICE THB,151,
1354,CENTER PRICE THB,254989,,POWER MESH,"93% PES, 7% ELASTANE",150 - 160 cm.,145- 155 cm.,66 - 74 g/m2,"3,000m.",200,600,M,PFE/PFD,,85,,,,header-parsed,CENTER PRICE THB,153,
1355,CENTER PRICE THB,254989,,POWER MESH,"93% PES, 7% ELASTANE",150 - 160 cm.,145- 155 cm.,66 - 74 g/m2,"3,000m.",200,600,M,All_colors,,105,,,,header-parsed,CENTER PRICE THB,153,
1356,CENTER PRICE THB,254989,,POWER MESH,"93% PES, 7% ELASTANE",150 - 160 cm.,145- 155 cm.,66 - 74 g/m2,"3,000m.",601,2000,M,PFE/PFD,,75,,,,header-parsed,CENTER PRICE THB,154,
1357,CENTER PRICE THB,254989,,POWER MESH,"93% PES, 7% ELASTANE",150 - 160 cm.,145- 155 cm.,66 - 74 g/m2,"3,000m.",601,2000,M,All_colors,,95,,,,header-parsed,CENTER PRICE THB,154,
1358,CENTER PRICE THB,254989,,POWER MESH,"93% PES, 7% ELASTANE",150 - 160 cm.,145- 155 cm.,66 - 74 g/m2,"3,000m.",2001,5000,M,PFE/PFD,,70,,,,header-parsed,CENTER PRICE THB,155,
1359,CENTER PRICE THB,254989,,POWER MESH,"93% PES, 7% ELASTANE",150 - 160 cm.,145- 155 cm.,66 - 74 g/m2,"3,000m.",2001,5000,M,All_colors,,90,,,,header-parsed,CENTER PRICE THB,155,
1360,CENTER PRICE THB,254990,,PA TULLE,100% PA,155 - 160 cm.,150 - 155 cm.,35 - 40 g/m2,"3,000m.",200,600,M,PFE/PFD,,80,,,,header-parsed,CENTER PRICE THB,157,
1361,CENTER PRICE THB,254990,,PA TULLE,100% PA,155 - 160 cm.,150 - 155 cm.,35 - 40 g/m2,"3,000m.",200,600,M,All_colors,,95,,,,header-parsed,CENTER PRICE THB,157,
1362,CENTER PRICE THB,254990,,PA TULLE,100% PA,155 - 160 cm.,150 - 155 cm.,35 - 40 g/m2,"3,000m.",601,2000,M,PFE/PFD,,70,,,,header-parsed,CENTER PRICE THB,158,
1363,CENTER PRICE THB,254990,,PA TULLE,100% PA,155 - 160 cm.,150 - 155 cm.,35 - 40 g/m2,"3,000m.",601,2000,M,All_colors,,85,,,,header-parsed,CENTER PRICE THB,158,
1364,CENTER PRICE THB,254990,,PA TULLE,100% PA,155 - 160 cm.,150 - 155 cm.,35 - 40 g/m2,"3,000m.",2001,5000,M,PFE/PFD,,68,,,,header-parsed,CENTER PRICE THB,159,
1365,CENTER PRICE THB,254990,,PA TULLE,100% PA,155 - 160 cm.,150 - 155 cm.,35 - 40 g/m2,"3,000m.",2001,5000,M,All_colors,,80,,,,header-parsed,CENTER PRICE THB,159,
1366,CENTER PRICE THB,254992,,POWER MESH,"88% PA, 12% ELASTANE",160 - 170 cm.,155 – 165 cm.,85 - 95  g/m2,"1,000m.",200,600,M,PFE/PFD,,103,,,,header-parsed,CENTER PRICE THB,161,
1367,CENTER PRICE THB,254992,,POWER MESH,"88% PA, 12% ELASTANE",160 - 170 cm.,155 – 165 cm.,85 - 95  g/m2,"1,000m.",200,600,M,All_colors,,132,,,,header-parsed,CENTER PRICE THB,161,
1368,CENTER PRICE THB,254992,,POWER MESH,"88% PA, 12% ELASTANE",160 - 170 cm.,155 – 165 cm.,85 - 95  g/m2,"1,000m.",601,2000,M,PFE/PFD,,93,,,,header-parsed,CENTER PRICE THB,162,
1369,CENTER PRICE THB,254992,,POWER MESH,"88% PA, 12% ELASTANE",160 - 170 cm.,155 – 165 cm.,85 - 95  g/m2,"1,000m.",601,2000,M,All_colors,,122,,,,header-parsed,CENTER PRICE THB,162,
1370,CENTER PRICE THB,254992,,POWER MESH,"88% PA, 12% ELASTANE",160 - 170 cm.,155 – 165 cm.,85 - 95  g/m2,"1,000m.",2001,5000,M,PFE/PFD,,91,,,,header-parsed,CENTER PRICE THB,163,
1371,CENTER PRICE THB,254992,,POWER MESH,"88% PA, 12% ELASTANE",160 - 170 cm.,155 – 165 cm.,85 - 95  g/m2,"1,000m.",2001,5000,M,All_colors,,118,,,,header-parsed,CENTER PRICE THB,163,
1372,CENTER PRICE THB,255010,,PES TULLE RHOMBE / POINT,100% PES,145 - 150 cm.,140 - 145 cm.,24 - 29 g/m2,"3,000m.",200,600,M,PFE/PFD,,74,,,,header-parsed,CENTER PRICE THB,169,
1373,CENTER PRICE THB,255010,,PES TULLE RHOMBE / POINT,100% PES,145 - 150 cm.,140 - 145 cm.,24 - 29 g/m2,"3,000m.",200,600,M,All_colors,,92,,,,header-parsed,CENTER PRICE THB,169,
1374,CENTER PRICE THB,255010,,PES TULLE RHOMBE / POINT,100% PES,145 - 150 cm.,140 - 145 cm.,24 - 29 g/m2,"3,000m.",601,2000,M,PFE/PFD,,62,,,,header-parsed,CENTER PRICE THB,170,
1375,CENTER PRICE THB,255010,,PES TULLE RHOMBE / POINT,100% PES,145 - 150 cm.,140 - 145 cm.,24 - 29 g/m2,"3,000m.",601,2000,M,All_colors,,79,,,,header-parsed,CENTER PRICE THB,170,
1376,CENTER PRICE THB,255010,,PES TULLE RHOMBE / POINT,100% PES,145 - 150 cm.,140 - 145 cm.,24 - 29 g/m2,"3,000m.",2001,5000,M,PFE/PFD,,60,,,,header-parsed,CENTER PRICE THB,171,
1377,CENTER PRICE THB,255010,,PES TULLE RHOMBE / POINT,100% PES,145 - 150 cm.,140 - 145 cm.,24 - 29 g/m2,"3,000m.",2001,5000,M,All_colors,,73,,,,header-parsed,CENTER PRICE THB,171,
1378,CENTER PRICE THB,255018,,PA TULLE RONDO 2,100% PA,165 - 170 cm.,160 - 165 cm.,30 - 35 g/m2,"3,000m.",200,600,M,PFE/PFD,,96,,,,header-parsed,CENTER PRICE THB,173,
1379,CENTER PRICE THB,255018,,PA TULLE RONDO 2,100% PA,165 - 170 cm.,160 - 165 cm.,30 - 35 g/m2,"3,000m.",200,600,M,All_colors,,117,,,,header-parsed,CENTER PRICE THB,173,
1380,CENTER PRICE THB,255018,,PA TULLE RONDO 2,100% PA,165 - 170 cm.,160 - 165 cm.,30 - 35 g/m2,"3,000m.",601,2000,M,PFE/PFD,,85,,,,header-parsed,CENTER PRICE THB,174,
1381,CENTER PRICE THB,255018,,PA TULLE RONDO 2,100% PA,165 - 170 cm.,160 - 165 cm.,30 - 35 g/m2,"3,000m.",601,2000,M,All_colors,,101,,,,header-parsed,CENTER PRICE THB,174,
1382,CENTER PRICE THB,255018,,PA TULLE RONDO 2,100% PA,165 - 170 cm.,160 - 165 cm.,30 - 35 g/m2,"3,000m.",2001,5000,M,PFE/PFD,,83,,,,header-parsed,CENTER PRICE THB,175,
1383,CENTER PRICE THB,255018,,PA TULLE RONDO 2,100% PA,165 - 170 cm.,160 - 165 cm.,30 - 35 g/m2,"3,000m.",2001,5000,M,All_colors,,95,,,,header-parsed,CENTER PRICE THB,175,
1384,CENTER PRICE THB,255021,,PA TULLE PUNTO,100% PA,158 - 163 cm.,153 - 158 cm.,35 - 40 g/m2,"3,000m.",200,600,M,PFE/PFD,,100,,,,header-parsed,CENTER PRICE THB,177,
1385,CENTER PRICE THB,255021,,PA TULLE PUNTO,100% PA,158 - 163 cm.,153 - 158 cm.,35 - 40 g/m2,"3,000m.",200,600,M,All_colors,,121,,,,header-parsed,CENTER PRICE THB,177,
1386,CENTER PRICE THB,255021,,PA TULLE PUNTO,100% PA,158 - 163 cm.,153 - 158 cm.,35 - 40 g/m2,"3,000m.",601,2000,M,PFE/PFD,,89,,,,header-parsed,CENTER PRICE THB,178,
1387,CENTER PRICE THB,255021,,PA TULLE PUNTO,100% PA,158 - 163 cm.,153 - 158 cm.,35 - 40 g/m2,"3,000m.",601,2000,M,All_colors,,105,,,,header-parsed,CENTER PRICE THB,178,
1388,CENTER PRICE THB,255021,,PA TULLE PUNTO,100% PA,158 - 163 cm.,153 - 158 cm.,35 - 40 g/m2,"3,000m.",2001,5000,M,PFE/PFD,,87,,,,header-parsed,CENTER PRICE THB,179,
1389,CENTER PRICE THB,255021,,PA TULLE PUNTO,100% PA,158 - 163 cm.,153 - 158 cm.,35 - 40 g/m2,"3,000m.",2001,5000,M,All_colors,,99,,,,header-parsed,CENTER PRICE THB,179,
1390,CENTER PRICE THB,255022,,POWER MESH,"82% PA, 18% ELASTANE",183 - 193 cm.,178 - 188 cm.,103 - 113 g/m2,"1,000m.",200,600,M,PFE/PFD,,125,,,,header-parsed,CENTER PRICE THB,181,
1391,CENTER PRICE THB,255022,,POWER MESH,"82% PA, 18% ELASTANE",183 - 193 cm.,178 - 188 cm.,103 - 113 g/m2,"1,000m.",200,600,M,All_colors,,160,,,,header-parsed,CENTER PRICE THB,181,
1392,CENTER PRICE THB,255022,,POWER MESH,"82% PA, 18% ELASTANE",183 - 193 cm.,178 - 188 cm.,103 - 113 g/m2,"1,000m.",601,2000,M,PFE/PFD,,120,,,,header-parsed,CENTER PRICE THB,182,
1393,CENTER PRICE THB,255022,,POWER MESH,"82% PA, 18% ELASTANE",183 - 193 cm.,178 - 188 cm.,103 - 113 g/m2,"1,000m.",601,2000,M,All_colors,,150,,,,header-parsed,CENTER PRICE THB,182,
1394,CENTER PRICE THB,255022,,POWER MESH,"82% PA, 18% ELASTANE",183 - 193 cm.,178 - 188 cm.,103 - 113 g/m2,"1,000m.",2001,5000,M,PFE/PFD,,115,,,,header-parsed,CENTER PRICE THB,183,
1395,CENTER PRICE THB,255022,,POWER MESH,"82% PA, 18% ELASTANE",183 - 193 cm.,178 - 188 cm.,103 - 113 g/m2,"1,000m.",2001,5000,M,All_colors,,145,,,,header-parsed,CENTER PRICE THB,183,
1396,CENTER PRICE THB,255026,,POWER MESH,"65% PA, 35% ELASTANE",203 - 216 cm.,198 - 212 cm.,170 - 190 g/m2,"1,000m.",130,,M,PFE/PFD,,310,,,,header-parsed,CENTER PRICE THB,185,
1397,CENTER PRICE THB,255026,,POWER MESH,"65% PA, 35% ELASTANE",203 - 216 cm.,198 - 212 cm.,170 - 190 g/m2,"1,000m.",130,,M,All_colors,,345,,,,header-parsed,CENTER PRICE THB,185,
1398,CENTER PRICE THB,255026,,POWER MESH,"65% PA, 35% ELASTANE",203 - 216 cm.,198 - 212 cm.,170 - 190 g/m2,"1,000m.",220,,M,PFE/PFD,,290,,,,header-parsed,CENTER PRICE THB,186,
1399,CENTER PRICE THB,255026,,POWER MESH,"65% PA, 35% ELASTANE",203 - 216 cm.,198 - 212 cm.,170 - 190 g/m2,"1,000m.",220,,M,All_colors,,324,,,,header-parsed,CENTER PRICE THB,186,
1400,CENTER PRICE THB,255026,,POWER MESH,"65% PA, 35% ELASTANE",203 - 216 cm.,198 - 212 cm.,170 - 190 g/m2,"1,000m.",570,,M,PFE/PFD,,289.5,,,,header-parsed,CENTER PRICE THB,187,
1401,CENTER PRICE THB,255026,,POWER MESH,"65% PA, 35% ELASTANE",203 - 216 cm.,198 - 212 cm.,170 - 190 g/m2,"1,000m.",570,,M,All_colors,,315,,,,header-parsed,CENTER PRICE THB,187,
1402,CENTER PRICE THB,255026,,POWER MESH,"65% PA, 35% ELASTANE",203 - 216 cm.,198 - 212 cm.,170 - 190 g/m2,"1,000m.",1200,,M,PFE/PFD,,279.9,,,,header-parsed,CENTER PRICE THB,188,
1403,CENTER PRICE THB,255026,,POWER MESH,"65% PA, 35% ELASTANE",203 - 216 cm.,198 - 212 cm.,170 - 190 g/m2,"1,000m.",1200,,M,All_colors,,300,,,,header-parsed,CENTER PRICE THB,188,
1404,CENTER PRICE THB,255028,,POWER MESH,"75% PA, 25% ELASTANE",185 - 190 cm.,180 - 185 cm.,95 - 105 g/m2,"1,000m.",200,600,M,PFE/PFD,,160,,,,header-parsed,CENTER PRICE THB,190,
1405,CENTER PRICE THB,255028,,POWER MESH,"75% PA, 25% ELASTANE",185 - 190 cm.,180 - 185 cm.,95 - 105 g/m2,"1,000m.",200,600,M,All_colors,,185,,,,header-parsed,CENTER PRICE THB,190,
1406,CENTER PRICE THB,255028,,POWER MESH,"75% PA, 25% ELASTANE",185 - 190 cm.,180 - 185 cm.,95 - 105 g/m2,"1,000m.",601,2000,M,PFE/PFD,,150,,,,header-parsed,CENTER PRICE THB,191,
1407,CENTER PRICE THB,255028,,POWER MESH,"75% PA, 25% ELASTANE",185 - 190 cm.,180 - 185 cm.,95 - 105 g/m2,"1,000m.",601,2000,M,All_colors,,175,,,,header-parsed,CENTER PRICE THB,191,
1408,CENTER PRICE THB,255028,,POWER MESH,"75% PA, 25% ELASTANE",185 - 190 cm.,180 - 185 cm.,95 - 105 g/m2,"1,000m.",2001,5000,M,PFE/PFD,,148,,,,header-parsed,CENTER PRICE THB,192,
1409,CENTER PRICE THB,255028,,POWER MESH,"75% PA, 25% ELASTANE",185 - 190 cm.,180 - 185 cm.,95 - 105 g/m2,"1,000m.",2001,5000,M,All_colors,,170,,,,header-parsed,CENTER PRICE THB,192,
1410,CENTER PRICE THB,255029,,POWER MESH,"75% PA, 25% ELASTANE",195 - 200 cm.,190 - 195 cm.,90 - 100 g/m2,"1,000m.",200,600,M,All_colors,,188.8,,,,header-parsed,CENTER PRICE THB,194,
1411,CENTER PRICE THB,255029,,POWER MESH,"75% PA, 25% ELASTANE",195 - 200 cm.,190 - 195 cm.,90 - 100 g/m2,"1,000m.",601,2000,M,All_colors,,163.2,,,,header-parsed,CENTER PRICE THB,195,
1412,CENTER PRICE THB,255029,,POWER MESH,"75% PA, 25% ELASTANE",195 - 200 cm.,190 - 195 cm.,90 - 100 g/m2,"1,000m.",2001,5000,M,All_colors,,156.8,,,,header-parsed,CENTER PRICE THB,196,
1413,CENTER PRICE THB,255031,,POWER MESH,"90% PA, 10% ELASTANE",205 - 210 cm.,200 - 205 cm.,90 - 100 g/m2,"1,000m.",200,600,M,PFE/PFD,,155,,,,header-parsed,CENTER PRICE THB,198,
1414,CENTER PRICE THB,255031,,POWER MESH,"90% PA, 10% ELASTANE",205 - 210 cm.,200 - 205 cm.,90 - 100 g/m2,"1,000m.",200,600,M,All_colors,,185,,,,header-parsed,CENTER PRICE THB,198,
1415,CENTER PRICE THB,255031,,POWER MESH,"90% PA, 10% ELASTANE",205 - 210 cm.,200 - 205 cm.,90 - 100 g/m2,"1,000m.",601,2000,M,PFE/PFD,,148,,,,header-parsed,CENTER PRICE THB,199,
1416,CENTER PRICE THB,255031,,POWER MESH,"90% PA, 10% ELASTANE",205 - 210 cm.,200 - 205 cm.,90 - 100 g/m2,"1,000m.",601,2000,M,All_colors,,175,,,,header-parsed,CENTER PRICE THB,199,
1417,CENTER PRICE THB,255031,,POWER MESH,"90% PA, 10% ELASTANE",205 - 210 cm.,200 - 205 cm.,90 - 100 g/m2,"1,000m.",2001,5000,M,PFE/PFD,,145,,,,header-parsed,CENTER PRICE THB,200,
1418,CENTER PRICE THB,255031,,POWER MESH,"90% PA, 10% ELASTANE",205 - 210 cm.,200 - 205 cm.,90 - 100 g/m2,"1,000m.",2001,5000,M,All_colors,,170,,,,header-parsed,CENTER PRICE THB,200,
1419,CENTER PRICE THB,255035,,easyShape,"58% PA, 42% ELASTANE",160 - 170 cm.,155 - 165 cm.,228 - 252 g/m2,"1,000m.",100,,M,PFE/PFD,,316.899999999999,,,,header-parsed,CENTER PRICE THB,202,
1420,CENTER PRICE THB,255035,,easyShape,"58% PA, 42% ELASTANE",160 - 170 cm.,155 - 165 cm.,228 - 252 g/m2,"1,000m.",100,,M,All_colors,,348,,,,header-parsed,CENTER PRICE THB,202,
1421,CENTER PRICE THB,255035,,easyShape,"58% PA, 42% ELASTANE",160 - 170 cm.,155 - 165 cm.,228 - 252 g/m2,"1,000m.",220,,M,PFE/PFD,,296.900000000001,,,,header-parsed,CENTER PRICE THB,203,
1422,CENTER PRICE THB,255035,,easyShape,"58% PA, 42% ELASTANE",160 - 170 cm.,155 - 165 cm.,228 - 252 g/m2,"1,000m.",220,,M,All_colors,,333,,,,header-parsed,CENTER PRICE THB,203,
1423,CENTER PRICE THB,255035,,easyShape,"58% PA, 42% ELASTANE",160 - 170 cm.,155 - 165 cm.,228 - 252 g/m2,"1,000m.",600,,M,PFE/PFD,,276.9,,,,header-parsed,CENTER PRICE THB,204,
1424,CENTER PRICE THB,255035,,easyShape,"58% PA, 42% ELASTANE",160 - 170 cm.,155 - 165 cm.,228 - 252 g/m2,"1,000m.",600,,M,All_colors,,282,,,,header-parsed,CENTER PRICE THB,204,
1425,CENTER PRICE THB,255035,,easyShape,"58% PA, 42% ELASTANE",160 - 170 cm.,155 - 165 cm.,228 - 252 g/m2,"1,000m.",1200,,M,PFE/PFD,,266.9,,,,header-parsed,CENTER PRICE THB,205,
1426,CENTER PRICE THB,255035,,easyShape,"58% PA, 42% ELASTANE",160 - 170 cm.,155 - 165 cm.,228 - 252 g/m2,"1,000m.",1200,,M,All_colors,,288,,,,header-parsed,CENTER PRICE THB,205,
1427,CENTER PRICE THB,255037,,easyShape,"81% PA, 19% ELASTANE",160 - 165 cm.,155 - 160 cm.,170 - 180 g/m2,"1,000m.",100,299,M,PFE/PFD,,200,,,,header-parsed,CENTER PRICE THB,207,
1428,CENTER PRICE THB,255037,,easyShape,"81% PA, 19% ELASTANE",160 - 165 cm.,155 - 160 cm.,170 - 180 g/m2,"1,000m.",100,299,M,All_colors,,220,,,,header-parsed,CENTER PRICE THB,207,
1429,CENTER PRICE THB,255037,,easyShape,"81% PA, 19% ELASTANE",160 - 165 cm.,155 - 160 cm.,170 - 180 g/m2,"1,000m.",300,999,M,PFE/PFD,,170,,,,header-parsed,CENTER PRICE THB,208,
1430,CENTER PRICE THB,255037,,easyShape,"81% PA, 19% ELASTANE",160 - 165 cm.,155 - 160 cm.,170 - 180 g/m2,"1,000m.",300,999,M,All_colors,,195,,,,header-parsed,CENTER PRICE THB,208,
1431,CENTER PRICE THB,255037,,easyShape,"81% PA, 19% ELASTANE",160 - 165 cm.,155 - 160 cm.,170 - 180 g/m2,"1,000m.",1000,1499,M,PFE/PFD,,165,,,,header-parsed,CENTER PRICE THB,209,
1432,CENTER PRICE THB,255037,,easyShape,"81% PA, 19% ELASTANE",160 - 165 cm.,155 - 160 cm.,170 - 180 g/m2,"1,000m.",1000,1499,M,All_colors,,185,,,,header-parsed,CENTER PRICE THB,209,
1433,CENTER PRICE THB,255037,,easyShape,"81% PA, 19% ELASTANE",160 - 165 cm.,155 - 160 cm.,170 - 180 g/m2,"1,000m.",1500,,M,PFE/PFD,,150,,,,header-parsed,CENTER PRICE THB,210,
1434,CENTER PRICE THB,255037,,easyShape,"81% PA, 19% ELASTANE",160 - 165 cm.,155 - 160 cm.,170 - 180 g/m2,"1,000m.",1500,,M,All_colors,,180,,,,header-parsed,CENTER PRICE THB,210,
1435,CENTER PRICE THB,255038,,easyShape,"75% PA, 25% ELASTANE",163 - 168 cm.,158 - 163 cm.,140 - 150 g/m2,"1,000m.",100,299,M,PFE/PFD,,205,,,,header-parsed,CENTER PRICE THB,212,
1436,CENTER PRICE THB,255038,,easyShape,"75% PA, 25% ELASTANE",163 - 168 cm.,158 - 163 cm.,140 - 150 g/m2,"1,000m.",100,299,M,All_colors,,225,,,,header-parsed,CENTER PRICE THB,212,
1437,CENTER PRICE THB,255038,,easyShape,"75% PA, 25% ELASTANE",163 - 168 cm.,158 - 163 cm.,140 - 150 g/m2,"1,000m.",300,999,M,PFE/PFD,,180,,,,header-parsed,CENTER PRICE THB,213,
1438,CENTER PRICE THB,255038,,easyShape,"75% PA, 25% ELASTANE",163 - 168 cm.,158 - 163 cm.,140 - 150 g/m2,"1,000m.",300,999,M,All_colors,,200,,,,header-parsed,CENTER PRICE THB,213,
1439,CENTER PRICE THB,255038,,easyShape,"75% PA, 25% ELASTANE",163 - 168 cm.,158 - 163 cm.,140 - 150 g/m2,"1,000m.",1000,1499,M,PFE/PFD,,175,,,,header-parsed,CENTER PRICE THB,214,
1440,CENTER PRICE THB,255038,,easyShape,"75% PA, 25% ELASTANE",163 - 168 cm.,158 - 163 cm.,140 - 150 g/m2,"1,000m.",1000,1499,M,All_colors,,195,,,,header-parsed,CENTER PRICE THB,214,
1441,CENTER PRICE THB,255038,,easyShape,"75% PA, 25% ELASTANE",163 - 168 cm.,158 - 163 cm.,140 - 150 g/m2,"1,000m.",1500,,M,PFE/PFD,,170,,,,header-parsed,CENTER PRICE THB,215,
1442,CENTER PRICE THB,255038,,easyShape,"75% PA, 25% ELASTANE",163 - 168 cm.,158 - 163 cm.,140 - 150 g/m2,"1,000m.",1500,,M,All_colors,,185,,,,header-parsed,CENTER PRICE THB,215,
1443,CENTER PRICE THB,255040,,POWER MESH,"85% PA, 15% ELASTANE",188 - 193 cm.,183 - 188 cm.,145 - 155 g/m2,"1,000m.",180,299,M,PFE/PFD,,190,,,,header-parsed,CENTER PRICE THB,217,
1444,CENTER PRICE THB,255040,,POWER MESH,"85% PA, 15% ELASTANE",188 - 193 cm.,183 - 188 cm.,145 - 155 g/m2,"1,000m.",180,299,M,All_colors,,212,,,,header-parsed,CENTER PRICE THB,217,
1445,CENTER PRICE THB,255040,,POWER MESH,"85% PA, 15% ELASTANE",188 - 193 cm.,183 - 188 cm.,145 - 155 g/m2,"1,000m.",300,1000,M,PFE/PFD,,170,,,,header-parsed,CENTER PRICE THB,218,
1446,CENTER PRICE THB,255040,,POWER MESH,"85% PA, 15% ELASTANE",188 - 193 cm.,183 - 188 cm.,145 - 155 g/m2,"1,000m.",300,1000,M,All_colors,,189,,,,header-parsed,CENTER PRICE THB,218,
1447,CENTER PRICE THB,255040,,POWER MESH,"85% PA, 15% ELASTANE",188 - 193 cm.,183 - 188 cm.,145 - 155 g/m2,"1,000m.",1001,,M,PFE/PFD,,160,,,,header-parsed,CENTER PRICE THB,219,
1448,CENTER PRICE THB,255040,,POWER MESH,"85% PA, 15% ELASTANE",188 - 193 cm.,183 - 188 cm.,145 - 155 g/m2,"1,000m.",1001,,M,All_colors,,181,,,,header-parsed,CENTER PRICE THB,219,
1449,CENTER PRICE THB,255042,,POWER MESH,"72% PA, 28% ELASTANE",170  - 180 cm.,165 - 175 cm.,152-168 g/m2,"3,000m.",240,,M,PFE/PFD,,264,,,,header-parsed,CENTER PRICE THB,221,
1450,CENTER PRICE THB,255042,,POWER MESH,"72% PA, 28% ELASTANE",170  - 180 cm.,165 - 175 cm.,152-168 g/m2,"3,000m.",240,,M,All_colors,,286.11,,,,header-parsed,CENTER PRICE THB,221,
1451,CENTER PRICE THB,255042,,POWER MESH,"72% PA, 28% ELASTANE",170  - 180 cm.,165 - 175 cm.,152-168 g/m2,"3,000m.",360,,M,PFE/PFD,,236.61,,,,header-parsed,CENTER PRICE THB,222,
1452,CENTER PRICE THB,255042,,POWER MESH,"72% PA, 28% ELASTANE",170  - 180 cm.,165 - 175 cm.,152-168 g/m2,"3,000m.",360,,M,All_colors,,264,,,,header-parsed,CENTER PRICE THB,222,
1453,CENTER PRICE THB,255042,,POWER MESH,"72% PA, 28% ELASTANE",170  - 180 cm.,165 - 175 cm.,152-168 g/m2,"3,000m.",720,,M,PFE/PFD,,225.39,,,,header-parsed,CENTER PRICE THB,223,
1454,CENTER PRICE THB,255042,,POWER MESH,"72% PA, 28% ELASTANE",170  - 180 cm.,165 - 175 cm.,152-168 g/m2,"3,000m.",720,,M,All_colors,,253.11,,,,header-parsed,CENTER PRICE THB,223,
1455,CENTER PRICE THB,255048,,PES TULLE INVISIBLE,100% PES,170 - 175 cm.,165 - 170 cm.,18 - 23 g/m2,"3,000m.",200,600,M,PFE/PFD,,55,,,,header-parsed,CENTER PRICE THB,225,
1456,CENTER PRICE THB,255048,,PES TULLE INVISIBLE,100% PES,170 - 175 cm.,165 - 170 cm.,18 - 23 g/m2,"3,000m.",200,600,M,All_colors,,75,,,,header-parsed,CENTER PRICE THB,225,
1457,CENTER PRICE THB,255048,,PES TULLE INVISIBLE,100% PES,170 - 175 cm.,165 - 170 cm.,18 - 23 g/m2,"3,000m.",601,2000,M,PFE/PFD,,50,,,,header-parsed,CENTER PRICE THB,226,
1458,CENTER PRICE THB,255048,,PES TULLE INVISIBLE,100% PES,170 - 175 cm.,165 - 170 cm.,18 - 23 g/m2,"3,000m.",601,2000,M,All_colors,,65,,,,header-parsed,CENTER PRICE THB,226,
1459,CENTER PRICE THB,255048,,PES TULLE INVISIBLE,100% PES,170 - 175 cm.,165 - 170 cm.,18 - 23 g/m2,"3,000m.",2001,5000,M,PFE/PFD,,45,,,,header-parsed,CENTER PRICE THB,227,
1460,CENTER PRICE THB,255048,,PES TULLE INVISIBLE,100% PES,170 - 175 cm.,165 - 170 cm.,18 - 23 g/m2,"3,000m.",2001,5000,M,All_colors,,60,,,,header-parsed,CENTER PRICE THB,227,
1461,CENTER PRICE THB,255049,,POWER MESH,"85% PA, 15% ELASTANE",157 - 162 cm.,152 - 157 cm.,78 - 83 g/m2,"1,000m.",200,600,M,PFE/PFD,,94,,,,header-parsed,CENTER PRICE THB,229,
1462,CENTER PRICE THB,255049,,POWER MESH,"85% PA, 15% ELASTANE",157 - 162 cm.,152 - 157 cm.,78 - 83 g/m2,"1,000m.",200,600,M,All_colors,,114,,,,header-parsed,CENTER PRICE THB,229,
1463,CENTER PRICE THB,255049,,POWER MESH,"85% PA, 15% ELASTANE",157 - 162 cm.,152 - 157 cm.,78 - 83 g/m2,"1,000m.",601,2000,M,PFE/PFD,,85,,,,header-parsed,CENTER PRICE THB,230,
1464,CENTER PRICE THB,255049,,POWER MESH,"85% PA, 15% ELASTANE",157 - 162 cm.,152 - 157 cm.,78 - 83 g/m2,"1,000m.",601,2000,M,All_colors,,105,,,,header-parsed,CENTER PRICE THB,230,
1465,CENTER PRICE THB,255049,,POWER MESH,"85% PA, 15% ELASTANE",157 - 162 cm.,152 - 157 cm.,78 - 83 g/m2,"1,000m.",2001,5000,M,PFE/PFD,,83,,,,header-parsed,CENTER PRICE THB,231,
1466,CENTER PRICE THB,255049,,POWER MESH,"85% PA, 15% ELASTANE",157 - 162 cm.,152 - 157 cm.,78 - 83 g/m2,"1,000m.",2001,5000,M,All_colors,,101,,,,header-parsed,CENTER PRICE THB,231,
1467,CENTER PRICE THB,255055,,easyShape,"47% PA, 53% ELASTANE",152 - 162 cm.,147 - 157 cm.,268 - 296 g/m2,"1,000m.",50,99,M,PFE/PFD,,370,,,,header-parsed,CENTER PRICE THB,233,
1468,CENTER PRICE THB,255055,,easyShape,"47% PA, 53% ELASTANE",152 - 162 cm.,147 - 157 cm.,268 - 296 g/m2,"1,000m.",50,99,M,All_colors,,400,,,,header-parsed,CENTER PRICE THB,233,
1469,CENTER PRICE THB,255055,,easyShape,"47% PA, 53% ELASTANE",152 - 162 cm.,147 - 157 cm.,268 - 296 g/m2,"1,000m.",100,299,M,PFE/PFD,,345,,,,header-parsed,CENTER PRICE THB,234,
1470,CENTER PRICE THB,255055,,easyShape,"47% PA, 53% ELASTANE",152 - 162 cm.,147 - 157 cm.,268 - 296 g/m2,"1,000m.",100,299,M,All_colors,,380,,,,header-parsed,CENTER PRICE THB,234,
1471,CENTER PRICE THB,255055,,easyShape,"47% PA, 53% ELASTANE",152 - 162 cm.,147 - 157 cm.,268 - 296 g/m2,"1,000m.",300,1499,M,PFE/PFD,,330,,,,header-parsed,CENTER PRICE THB,235,
1472,CENTER PRICE THB,255055,,easyShape,"47% PA, 53% ELASTANE",152 - 162 cm.,147 - 157 cm.,268 - 296 g/m2,"1,000m.",300,1499,M,All_colors,,365,,,,header-parsed,CENTER PRICE THB,235,
1473,CENTER PRICE THB,255055,,easyShape,"47% PA, 53% ELASTANE",152 - 162 cm.,147 - 157 cm.,268 - 296 g/m2,"1,000m.",1500,,M,PFE/PFD,,315,,,,header-parsed,CENTER PRICE THB,236,
1474,CENTER PRICE THB,255055,,easyShape,"47% PA, 53% ELASTANE",152 - 162 cm.,147 - 157 cm.,268 - 296 g/m2,"1,000m.",1500,,M,All_colors,,350,,,,header-parsed,CENTER PRICE THB,236,
1475,CENTER PRICE THB,255057,,easyShape,"67% PA, 33% ELASTANE",153 - 158 cm.,148 - 153 cm.,230- 240 g/m2,"1,000m.",50,99,M,PFE/PFD,,300,,,,header-parsed,CENTER PRICE THB,238,
1476,CENTER PRICE THB,255057,,easyShape,"67% PA, 33% ELASTANE",153 - 158 cm.,148 - 153 cm.,230- 240 g/m2,"1,000m.",50,99,M,All_colors,,335,,,,header-parsed,CENTER PRICE THB,238,
1477,CENTER PRICE THB,255057,,easyShape,"67% PA, 33% ELASTANE",153 - 158 cm.,148 - 153 cm.,230- 240 g/m2,"1,000m.",100,299,M,PFE/PFD,,270,,,,header-parsed,CENTER PRICE THB,239,
1478,CENTER PRICE THB,255057,,easyShape,"67% PA, 33% ELASTANE",153 - 158 cm.,148 - 153 cm.,230- 240 g/m2,"1,000m.",100,299,M,All_colors,,300,,,,header-parsed,CENTER PRICE THB,239,
1479,CENTER PRICE THB,255057,,easyShape,"67% PA, 33% ELASTANE",153 - 158 cm.,148 - 153 cm.,230- 240 g/m2,"1,000m.",300,1499,M,PFE/PFD,,260,,,,header-parsed,CENTER PRICE THB,240,
1480,CENTER PRICE THB,255057,,easyShape,"67% PA, 33% ELASTANE",153 - 158 cm.,148 - 153 cm.,230- 240 g/m2,"1,000m.",300,1499,M,All_colors,,290,,,,header-parsed,CENTER PRICE THB,240,
1481,CENTER PRICE THB,255057,,easyShape,"67% PA, 33% ELASTANE",153 - 158 cm.,148 - 153 cm.,230- 240 g/m2,"1,000m.",1500,,M,PFE/PFD,,250,,,,header-parsed,CENTER PRICE THB,241,
1482,CENTER PRICE THB,255057,,easyShape,"67% PA, 33% ELASTANE",153 - 158 cm.,148 - 153 cm.,230- 240 g/m2,"1,000m.",1500,,M,All_colors,,275,,,,header-parsed,CENTER PRICE THB,241,
1483,CENTER PRICE THB,255060,,easyShape,"75% PA, 25% ELASTANE",143 - 148 cm.,138 - 143 cm.,140 - 150 g/m2,"1,000m.",100,299,M,PFE/PFD,,180,,,,header-parsed,CENTER PRICE THB,243,
1484,CENTER PRICE THB,255060,,easyShape,"75% PA, 25% ELASTANE",143 - 148 cm.,138 - 143 cm.,140 - 150 g/m2,"1,000m.",100,299,M,All_colors,,200,,,,header-parsed,CENTER PRICE THB,243,
1485,CENTER PRICE THB,255060,,easyShape,"75% PA, 25% ELASTANE",143 - 148 cm.,138 - 143 cm.,140 - 150 g/m2,"1,000m.",300,999,M,PFE/PFD,,160,,,,header-parsed,CENTER PRICE THB,244,
1486,CENTER PRICE THB,255060,,easyShape,"75% PA, 25% ELASTANE",143 - 148 cm.,138 - 143 cm.,140 - 150 g/m2,"1,000m.",300,999,M,All_colors,,180,,,,header-parsed,CENTER PRICE THB,244,
1487,CENTER PRICE THB,255060,,easyShape,"75% PA, 25% ELASTANE",143 - 148 cm.,138 - 143 cm.,140 - 150 g/m2,"1,000m.",1000,1499,M,PFE/PFD,,155,,,,header-parsed,CENTER PRICE THB,245,
1488,CENTER PRICE THB,255060,,easyShape,"75% PA, 25% ELASTANE",143 - 148 cm.,138 - 143 cm.,140 - 150 g/m2,"1,000m.",1000,1499,M,All_colors,,170,,,,header-parsed,CENTER PRICE THB,245,
1489,CENTER PRICE THB,255060,,easyShape,"75% PA, 25% ELASTANE",143 - 148 cm.,138 - 143 cm.,140 - 150 g/m2,"1,000m.",1500,,M,PFE/PFD,,145,,,,header-parsed,CENTER PRICE THB,246,
1490,CENTER PRICE THB,255060,,easyShape,"75% PA, 25% ELASTANE",143 - 148 cm.,138 - 143 cm.,140 - 150 g/m2,"1,000m.",1500,,M,All_colors,,165,,,,header-parsed,CENTER PRICE THB,246,
1491,CENTER PRICE THB,255080,,PES TULLE  BUDGET,100% PES,150-155 cm.,145-150 cm.,35 - 40 g/m2,"3,000m.",200,600,M,PFE/PFD,,50,,,,header-parsed,CENTER PRICE THB,248,
1492,CENTER PRICE THB,255080,,PES TULLE  BUDGET,100% PES,150-155 cm.,145-150 cm.,35 - 40 g/m2,"3,000m.",200,600,M,All_colors,,65,,,,header-parsed,CENTER PRICE THB,248,
1493,CENTER PRICE THB,255080,,PES TULLE  BUDGET,100% PES,150-155 cm.,145-150 cm.,35 - 40 g/m2,"3,000m.",601,2000,M,PFE/PFD,,40,,,,header-parsed,CENTER PRICE THB,249,
1494,CENTER PRICE THB,255080,,PES TULLE  BUDGET,100% PES,150-155 cm.,145-150 cm.,35 - 40 g/m2,"3,000m.",601,2000,M,All_colors,,50,,,,header-parsed,CENTER PRICE THB,249,
1495,CENTER PRICE THB,255080,,PES TULLE  BUDGET,100% PES,150-155 cm.,145-150 cm.,35 - 40 g/m2,"3,000m.",2001,5000,M,PFE/PFD,,37,,,,header-parsed,CENTER PRICE THB,250,
1496,CENTER PRICE THB,255080,,PES TULLE  BUDGET,100% PES,150-155 cm.,145-150 cm.,35 - 40 g/m2,"3,000m.",2001,5000,M,All_colors,,45,,,,header-parsed,CENTER PRICE THB,250,
1497,CENTER PRICE THB,255080,,PES TULLE  BUDGET,100% PES,150-155 cm.,145-150 cm.,35 - 40 g/m2,"3,000m.",10000,,M,PFE/PFD,,28,,,,header-parsed,CENTER PRICE THB,251,
1498,CENTER PRICE THB,255080,,PES TULLE  BUDGET,100% PES,150-155 cm.,145-150 cm.,35 - 40 g/m2,"3,000m.",200,600,M,PFE/PFD,,70.5,,,,header-parsed,CENTER PRICE THB,253,
1499,CENTER PRICE THB,255080,,PES TULLE  BUDGET,100% PES,150-155 cm.,145-150 cm.,35 - 40 g/m2,"3,000m.",200,600,M,All_colors,,87,,,,header-parsed,CENTER PRICE THB,253,
1500,CENTER PRICE THB,255080,,PES TULLE  BUDGET,100% PES,150-155 cm.,145-150 cm.,35 - 40 g/m2,"3,000m.",601,2000,M,PFE/PFD,,59.9,,,,header-parsed,CENTER PRICE THB,254,
1501,CENTER PRICE THB,255080,,PES TULLE  BUDGET,100% PES,150-155 cm.,145-150 cm.,35 - 40 g/m2,"3,000m.",601,2000,M,All_colors,,75,,,,header-parsed,CENTER PRICE THB,254,
1502,CENTER PRICE THB,255080,,PES TULLE  BUDGET,100% PES,150-155 cm.,145-150 cm.,35 - 40 g/m2,"3,000m.",2001,5000,M,PFE/PFD,,58.1,,,,header-parsed,CENTER PRICE THB,255,
1503,CENTER PRICE THB,255080,,PES TULLE  BUDGET,100% PES,150-155 cm.,145-150 cm.,35 - 40 g/m2,"3,000m.",2001,5000,M,All_colors,,70,,,,header-parsed,CENTER PRICE THB,255,
1504,CENTER PRICE THB,255080,,PES TULLE  BUDGET,100% PES,150-155 cm.,145-150 cm.,35 - 40 g/m2,"3,000m.",200,600,M,All_colors,,122.1,,,,header-parsed,CENTER PRICE THB,257,
1505,CENTER PRICE THB,255080,,PES TULLE  BUDGET,100% PES,150-155 cm.,145-150 cm.,35 - 40 g/m2,"3,000m.",601,2000,M,All_colors,,115.5,,,,header-parsed,CENTER PRICE THB,258,
1506,CENTER PRICE THB,255080,,PES TULLE  BUDGET,100% PES,150-155 cm.,145-150 cm.,35 - 40 g/m2,"3,000m.",2001,5000,M,All_colors,,108.9,,,,header-parsed,CENTER PRICE THB,259,
1507,CENTER PRICE THB,255099,,PES TULLE,100% PES,150 - 155 cm.,145 - 150 cm.,20 - 25 g/m2,"3,000m.",200,600,M,PFE/PFD,,55,,,,header-parsed,CENTER PRICE THB,261,
1508,CENTER PRICE THB,255099,,PES TULLE,100% PES,150 - 155 cm.,145 - 150 cm.,20 - 25 g/m2,"3,000m.",200,600,M,All_colors,,70,,,,header-parsed,CENTER PRICE THB,261,
1509,CENTER PRICE THB,255099,,PES TULLE,100% PES,150 - 155 cm.,145 - 150 cm.,20 - 25 g/m2,"3,000m.",601,2000,M,PFE/PFD,,45,,,,header-parsed,CENTER PRICE THB,262,
1510,CENTER PRICE THB,255099,,PES TULLE,100% PES,150 - 155 cm.,145 - 150 cm.,20 - 25 g/m2,"3,000m.",601,2000,M,All_colors,,60,,,,header-parsed,CENTER PRICE THB,262,
1511,CENTER PRICE THB,255099,,PES TULLE,100% PES,150 - 155 cm.,145 - 150 cm.,20 - 25 g/m2,"3,000m.",2001,5000,M,PFE/PFD,,40,,,,header-parsed,CENTER PRICE THB,263,
1512,CENTER PRICE THB,255099,,PES TULLE,100% PES,150 - 155 cm.,145 - 150 cm.,20 - 25 g/m2,"3,000m.",2001,5000,M,All_colors,,55,,,,header-parsed,CENTER PRICE THB,263,
1513,CENTER PRICE THB,255102,,Satin net,"68% PA, 32% ELASTANE",190 - 195 cm.,185 - 190 cm.,78 - 83 g/m2,"1,000m.",200,600,M,PFE/PFD,,140,,,,header-parsed,CENTER PRICE THB,265,
1514,CENTER PRICE THB,255102,,Satin net,"68% PA, 32% ELASTANE",190 - 195 cm.,185 - 190 cm.,78 - 83 g/m2,"1,000m.",200,600,M,All_colors,,170,,,,header-parsed,CENTER PRICE THB,265,
1515,CENTER PRICE THB,255102,,Satin net,"68% PA, 32% ELASTANE",190 - 195 cm.,185 - 190 cm.,78 - 83 g/m2,"1,000m.",601,2000,M,PFE/PFD,,135,,,,header-parsed,CENTER PRICE THB,266,
1516,CENTER PRICE THB,255102,,Satin net,"68% PA, 32% ELASTANE",190 - 195 cm.,185 - 190 cm.,78 - 83 g/m2,"1,000m.",601,2000,M,All_colors,,165,,,,header-parsed,CENTER PRICE THB,266,
1517,CENTER PRICE THB,255102,,Satin net,"68% PA, 32% ELASTANE",190 - 195 cm.,185 - 190 cm.,78 - 83 g/m2,"1,000m.",2001,5000,M,PFE/PFD,,130,,,,header-parsed,CENTER PRICE THB,267,
1518,CENTER PRICE THB,255102,,Satin net,"68% PA, 32% ELASTANE",190 - 195 cm.,185 - 190 cm.,78 - 83 g/m2,"1,000m.",2001,5000,M,All_colors,,160,,,,header-parsed,CENTER PRICE THB,267,
1519,CENTER PRICE THB,255119,,PA TULLE INVISIBLE,100% PA,162 - 167 cm.,157 - 162 cm.,20 - 25 g/m2,"3,000m.",200,600,M,PFE/PFD,,60,,,,header-parsed,CENTER PRICE THB,269,
1520,CENTER PRICE THB,255119,,PA TULLE INVISIBLE,100% PA,162 - 167 cm.,157 - 162 cm.,20 - 25 g/m2,"3,000m.",200,600,M,All_colors,,80,,,,header-parsed,CENTER PRICE THB,269,
1521,CENTER PRICE THB,255119,,PA TULLE INVISIBLE,100% PA,162 - 167 cm.,157 - 162 cm.,20 - 25 g/m2,"3,000m.",601,2000,M,PFE/PFD,,55,,,,header-parsed,CENTER PRICE THB,270,
1522,CENTER PRICE THB,255119,,PA TULLE INVISIBLE,100% PA,162 - 167 cm.,157 - 162 cm.,20 - 25 g/m2,"3,000m.",601,2000,M,All_colors,,65,,,,header-parsed,CENTER PRICE THB,270,
1523,CENTER PRICE THB,255119,,PA TULLE INVISIBLE,100% PA,162 - 167 cm.,157 - 162 cm.,20 - 25 g/m2,"3,000m.",2001,5000,M,PFE/PFD,,50,,,,header-parsed,CENTER PRICE THB,271,
1524,CENTER PRICE THB,255119,,PA TULLE INVISIBLE,100% PA,162 - 167 cm.,157 - 162 cm.,20 - 25 g/m2,"3,000m.",2001,5000,M,All_colors,,60,,,,header-parsed,CENTER PRICE THB,271,
1525,CENTER PRICE THB,255123,,PES CHARMEUSE,100% PES,165 - 170 cm.,160 - 165 cm.,105 - 110 g/m2,"1,000m.",200,600,M,PFE/PFD,,100,,,,header-parsed,CENTER PRICE THB,273,
1526,CENTER PRICE THB,255123,,PES CHARMEUSE,100% PES,165 - 170 cm.,160 - 165 cm.,105 - 110 g/m2,"1,000m.",200,600,M,All_colors,,115,,,,header-parsed,CENTER PRICE THB,273,
1527,CENTER PRICE THB,255123,,PES CHARMEUSE,100% PES,165 - 170 cm.,160 - 165 cm.,105 - 110 g/m2,"1,000m.",601,2000,M,PFE/PFD,,85,,,,header-parsed,CENTER PRICE THB,274,
1528,CENTER PRICE THB,255123,,PES CHARMEUSE,100% PES,165 - 170 cm.,160 - 165 cm.,105 - 110 g/m2,"1,000m.",601,2000,M,All_colors,,100,,,,header-parsed,CENTER PRICE THB,274,
1529,CENTER PRICE THB,255123,,PES CHARMEUSE,100% PES,165 - 170 cm.,160 - 165 cm.,105 - 110 g/m2,"1,000m.",2001,5000,M,PFE/PFD,,80,,,,header-parsed,CENTER PRICE THB,275,
1530,CENTER PRICE THB,255123,,PES CHARMEUSE,100% PES,165 - 170 cm.,160 - 165 cm.,105 - 110 g/m2,"1,000m.",2001,5000,M,All_colors,,95,,,,header-parsed,CENTER PRICE THB,275,
1531,CENTER PRICE THB,255135,,ELASTIC TULLE,"86% PA, 14% ELASTANE",155 - 160 cm.,150 - 155 cm.,50 - 55 g/m2,3000,200,600,M,PFE/PFD,,104,,,,header-parsed,CENTER PRICE THB,277,
1532,CENTER PRICE THB,255135,,ELASTIC TULLE,"86% PA, 14% ELASTANE",155 - 160 cm.,150 - 155 cm.,50 - 55 g/m2,3000,200,600,M,All_colors,,135,,,,header-parsed,CENTER PRICE THB,277,
1533,CENTER PRICE THB,255135,,ELASTIC TULLE,"86% PA, 14% ELASTANE",155 - 160 cm.,150 - 155 cm.,50 - 55 g/m2,3000,601,2000,M,PFE/PFD,,90,,,,header-parsed,CENTER PRICE THB,278,
1534,CENTER PRICE THB,255135,,ELASTIC TULLE,"86% PA, 14% ELASTANE",155 - 160 cm.,150 - 155 cm.,50 - 55 g/m2,3000,601,2000,M,All_colors,,120,,,,header-parsed,CENTER PRICE THB,278,
1535,CENTER PRICE THB,255135,,ELASTIC TULLE,"86% PA, 14% ELASTANE",155 - 160 cm.,150 - 155 cm.,50 - 55 g/m2,3000,2001,5000,M,PFE/PFD,,83,,,,header-parsed,CENTER PRICE THB,279,
1536,CENTER PRICE THB,255135,,ELASTIC TULLE,"86% PA, 14% ELASTANE",155 - 160 cm.,150 - 155 cm.,50 - 55 g/m2,3000,2001,5000,M,All_colors,,115,,,,header-parsed,CENTER PRICE THB,279,
1537,CENTER PRICE THB,255141,,ELASTIC TULLE GRAPHIC,"85% PA, 15%  ELASTANE",142 - 152cm,137 - 147 cm.,46 - 52 g/m2,"1,000m.",200,600,M,PFE/PFD,,120,,,,header-parsed,CENTER PRICE THB,281,
1538,CENTER PRICE THB,255141,,ELASTIC TULLE GRAPHIC,"85% PA, 15%  ELASTANE",142 - 152cm,137 - 147 cm.,46 - 52 g/m2,"1,000m.",200,600,M,All_colors,,135,,,,header-parsed,CENTER PRICE THB,281,
1539,CENTER PRICE THB,255141,,ELASTIC TULLE GRAPHIC,"85% PA, 15%  ELASTANE",142 - 152cm,137 - 147 cm.,46 - 52 g/m2,"1,000m.",601,2000,M,PFE/PFD,,110,,,,header-parsed,CENTER PRICE THB,282,
1540,CENTER PRICE THB,255141,,ELASTIC TULLE GRAPHIC,"85% PA, 15%  ELASTANE",142 - 152cm,137 - 147 cm.,46 - 52 g/m2,"1,000m.",601,2000,M,All_colors,,125,,,,header-parsed,CENTER PRICE THB,282,
1541,CENTER PRICE THB,255141,,ELASTIC TULLE GRAPHIC,"85% PA, 15%  ELASTANE",142 - 152cm,137 - 147 cm.,46 - 52 g/m2,"1,000m.",2001,5000,M,PFE/PFD,,105,,,,header-parsed,CENTER PRICE THB,283,
1542,CENTER PRICE THB,255141,,ELASTIC TULLE GRAPHIC,"85% PA, 15%  ELASTANE",142 - 152cm,137 - 147 cm.,46 - 52 g/m2,"1,000m.",2001,5000,M,All_colors,,120,,,,header-parsed,CENTER PRICE THB,283,
1543,CENTER PRICE THB,255148,,ELASTIC CHARMEUSE,"72% PES, 28% ELASTANE",152 - 157 cm.,147 - 152 cm.,135 - 140 g/m2,"1,000m.",200,600,M,PFE/PFD,,140,,,,header-parsed,CENTER PRICE THB,285,
1544,CENTER PRICE THB,255148,,ELASTIC CHARMEUSE,"72% PES, 28% ELASTANE",152 - 157 cm.,147 - 152 cm.,135 - 140 g/m2,"1,000m.",200,600,M,All_colors,,160,,,,header-parsed,CENTER PRICE THB,285,
1545,CENTER PRICE THB,255148,,ELASTIC CHARMEUSE,"72% PES, 28% ELASTANE",152 - 157 cm.,147 - 152 cm.,135 - 140 g/m2,"1,000m.",601,2000,M,PFE/PFD,,135,,,,header-parsed,CENTER PRICE THB,286,
1546,CENTER PRICE THB,255148,,ELASTIC CHARMEUSE,"72% PES, 28% ELASTANE",152 - 157 cm.,147 - 152 cm.,135 - 140 g/m2,"1,000m.",601,2000,M,All_colors,,150,,,,header-parsed,CENTER PRICE THB,286,
1547,CENTER PRICE THB,255148,,ELASTIC CHARMEUSE,"72% PES, 28% ELASTANE",152 - 157 cm.,147 - 152 cm.,135 - 140 g/m2,"1,000m.",2001,5000,M,PFE/PFD,,130,,,,header-parsed,CENTER PRICE THB,287,
1548,CENTER PRICE THB,255148,,ELASTIC CHARMEUSE,"72% PES, 28% ELASTANE",152 - 157 cm.,147 - 152 cm.,135 - 140 g/m2,"1,000m.",2001,5000,M,All_colors,,145,,,,header-parsed,CENTER PRICE THB,287,
1549,CENTER PRICE THB,255149,,PA ELASTIC CLEANCUT,"78% PA, 22% ELASTANE",163 - 168 cm.,158 - 163 cm.,130 - 135 g/m2,"1,000m.",100,499,M,PFE/PFD,,160,,,,header-parsed,CENTER PRICE THB,289,
1550,CENTER PRICE THB,255149,,PA ELASTIC CLEANCUT,"78% PA, 22% ELASTANE",163 - 168 cm.,158 - 163 cm.,130 - 135 g/m2,"1,000m.",100,499,M,All_colors,,180,,,,header-parsed,CENTER PRICE THB,289,
1551,CENTER PRICE THB,255149,,PA ELASTIC CLEANCUT,"78% PA, 22% ELASTANE",163 - 168 cm.,158 - 163 cm.,130 - 135 g/m2,"1,000m.",500,1500,M,PFE/PFD,,140,,,,header-parsed,CENTER PRICE THB,290,
1552,CENTER PRICE THB,255149,,PA ELASTIC CLEANCUT,"78% PA, 22% ELASTANE",163 - 168 cm.,158 - 163 cm.,130 - 135 g/m2,"1,000m.",500,1500,M,All_colors,,155,,,,header-parsed,CENTER PRICE THB,290,
1553,CENTER PRICE THB,255149,,PA ELASTIC CLEANCUT,"78% PA, 22% ELASTANE",163 - 168 cm.,158 - 163 cm.,130 - 135 g/m2,"1,000m.",1501,,M,PFE/PFD,,135,,,,header-parsed,CENTER PRICE THB,291,
1554,CENTER PRICE THB,255149,,PA ELASTIC CLEANCUT,"78% PA, 22% ELASTANE",163 - 168 cm.,158 - 163 cm.,130 - 135 g/m2,"1,000m.",1501,,M,All_colors,,150,,,,header-parsed,CENTER PRICE THB,291,
1555,CENTER PRICE THB,255152,,PES CHARMEUSE,100% PES,150 - 155 cm.,145 - 150 cm.,123 - 128 g/m2,"1,000m.",200,600,M,PFE/PFD,,75,,,,header-parsed,CENTER PRICE THB,293,
1556,CENTER PRICE THB,255152,,PES CHARMEUSE,100% PES,150 - 155 cm.,145 - 150 cm.,123 - 128 g/m2,"1,000m.",200,600,M,All_colors,,95,,,,header-parsed,CENTER PRICE THB,293,
1557,CENTER PRICE THB,255152,,PES CHARMEUSE,100% PES,150 - 155 cm.,145 - 150 cm.,123 - 128 g/m2,"1,000m.",601,2000,M,PFE/PFD,,65,,,,header-parsed,CENTER PRICE THB,294,
1558,CENTER PRICE THB,255152,,PES CHARMEUSE,100% PES,150 - 155 cm.,145 - 150 cm.,123 - 128 g/m2,"1,000m.",601,2000,M,All_colors,,85,,,,header-parsed,CENTER PRICE THB,294,
1559,CENTER PRICE THB,255152,,PES CHARMEUSE,100% PES,150 - 155 cm.,145 - 150 cm.,123 - 128 g/m2,"1,000m.",2001,5000,M,PFE/PFD,,60,,,,header-parsed,CENTER PRICE THB,295,
1560,CENTER PRICE THB,255152,,PES CHARMEUSE,100% PES,150 - 155 cm.,145 - 150 cm.,123 - 128 g/m2,"1,000m.",2001,5000,M,All_colors,,80,,,,header-parsed,CENTER PRICE THB,295,
1561,CENTER PRICE THB,255153,,PA ELASTIC CLEANCUT,"75 % PA, 25% ELASTANE",145 - 155 cm.,140 - 150 cm.,134 - 148 g/m2,"1,000m.",100,499,M,PFE/PFD,,175,,,,header-parsed,CENTER PRICE THB,297,
1562,CENTER PRICE THB,255153,,PA ELASTIC CLEANCUT,"75 % PA, 25% ELASTANE",145 - 155 cm.,140 - 150 cm.,134 - 148 g/m2,"1,000m.",100,499,M,All_colors,,195,,,,header-parsed,CENTER PRICE THB,297,
1563,CENTER PRICE THB,255153,,PA ELASTIC CLEANCUT,"75 % PA, 25% ELASTANE",145 - 155 cm.,140 - 150 cm.,134 - 148 g/m2,"1,000m.",500,1500,M,PFE/PFD,,160,,,,header-parsed,CENTER PRICE THB,298,
1564,CENTER PRICE THB,255153,,PA ELASTIC CLEANCUT,"75 % PA, 25% ELASTANE",145 - 155 cm.,140 - 150 cm.,134 - 148 g/m2,"1,000m.",500,1500,M,All_colors,,175,,,,header-parsed,CENTER PRICE THB,298,
1565,CENTER PRICE THB,255153,,PA ELASTIC CLEANCUT,"75 % PA, 25% ELASTANE",145 - 155 cm.,140 - 150 cm.,134 - 148 g/m2,"1,000m.",1501,,M,PFE/PFD,,150,,,,header-parsed,CENTER PRICE THB,299,
1566,CENTER PRICE THB,255153,,PA ELASTIC CLEANCUT,"75 % PA, 25% ELASTANE",145 - 155 cm.,140 - 150 cm.,134 - 148 g/m2,"1,000m.",1501,,M,All_colors,,170,,,,header-parsed,CENTER PRICE THB,299,
1567,CENTER PRICE THB,255156,,PA ELASTIC CLEANCUT,"65 % PA, 35% ELASTANE",170 - 175 cm.,165 - 170 cm.,177 - 182 g/m2,"1,000m.",100,499,M,PFE/PFD,,215,,,,header-parsed,CENTER PRICE THB,301,
1568,CENTER PRICE THB,255156,,PA ELASTIC CLEANCUT,"65 % PA, 35% ELASTANE",170 - 175 cm.,165 - 170 cm.,177 - 182 g/m2,"1,000m.",100,499,M,All_colors,,240,,,,header-parsed,CENTER PRICE THB,301,
1569,CENTER PRICE THB,255156,,PA ELASTIC CLEANCUT,"65 % PA, 35% ELASTANE",170 - 175 cm.,165 - 170 cm.,177 - 182 g/m2,"1,000m.",500,1500,M,PFE/PFD,,190,,,,header-parsed,CENTER PRICE THB,302,
1570,CENTER PRICE THB,255156,,PA ELASTIC CLEANCUT,"65 % PA, 35% ELASTANE",170 - 175 cm.,165 - 170 cm.,177 - 182 g/m2,"1,000m.",500,1500,M,All_colors,,210,,,,header-parsed,CENTER PRICE THB,302,
1571,CENTER PRICE THB,255156,,PA ELASTIC CLEANCUT,"65 % PA, 35% ELASTANE",170 - 175 cm.,165 - 170 cm.,177 - 182 g/m2,"1,000m.",1501,,M,PFE/PFD,,185,,,,header-parsed,CENTER PRICE THB,303,
1572,CENTER PRICE THB,255156,,PA ELASTIC CLEANCUT,"65 % PA, 35% ELASTANE",170 - 175 cm.,165 - 170 cm.,177 - 182 g/m2,"1,000m.",1501,,M,All_colors,,205,,,,header-parsed,CENTER PRICE THB,303,
1573,CENTER PRICE THB,255165,,TATTOO,100% PES,137 - 142 cm.,132 - 137 cm.,12 - 17 g/m2,"3,000m.",200,600,M,PFE/PFD,,70,,,,header-parsed,CENTER PRICE THB,305,
1574,CENTER PRICE THB,255165,,TATTOO,100% PES,137 - 142 cm.,132 - 137 cm.,12 - 17 g/m2,"3,000m.",200,600,M,All_colors,,87,,,,header-parsed,CENTER PRICE THB,305,
1575,CENTER PRICE THB,255165,,TATTOO,100% PES,137 - 142 cm.,132 - 137 cm.,12 - 17 g/m2,"3,000m.",601,2000,M,PFE/PFD,,57,,,,header-parsed,CENTER PRICE THB,306,
1576,CENTER PRICE THB,255165,,TATTOO,100% PES,137 - 142 cm.,132 - 137 cm.,12 - 17 g/m2,"3,000m.",601,2000,M,All_colors,,75,,,,header-parsed,CENTER PRICE THB,306,
1577,CENTER PRICE THB,255165,,TATTOO,100% PES,137 - 142 cm.,132 - 137 cm.,12 - 17 g/m2,"3,000m.",2001,5000,M,PFE/PFD,,55,,,,header-parsed,CENTER PRICE THB,307,
1578,CENTER PRICE THB,255165,,TATTOO,100% PES,137 - 142 cm.,132 - 137 cm.,12 - 17 g/m2,"3,000m.",2001,5000,M,All_colors,,68,,,,header-parsed,CENTER PRICE THB,307,
1579,CENTER PRICE THB,255167,,TATTOO,100% PA,152 - 157 cm.,147 - 152 cm.,15 - 20 g/m2,"3,000m.",200,600,M,PFE/PFD,,58,,,,header-parsed,CENTER PRICE THB,309,
1580,CENTER PRICE THB,255167,,TATTOO,100% PA,152 - 157 cm.,147 - 152 cm.,15 - 20 g/m2,"3,000m.",200,600,M,All_colors,,76,,,,header-parsed,CENTER PRICE THB,309,
1581,CENTER PRICE THB,255167,,TATTOO,100% PA,152 - 157 cm.,147 - 152 cm.,15 - 20 g/m2,"3,000m.",601,2000,M,PFE/PFD,,47,,,,header-parsed,CENTER PRICE THB,310,
1582,CENTER PRICE THB,255167,,TATTOO,100% PA,152 - 157 cm.,147 - 152 cm.,15 - 20 g/m2,"3,000m.",601,2000,M,All_colors,,63,,,,header-parsed,CENTER PRICE THB,310,
1583,CENTER PRICE THB,255167,,TATTOO,100% PA,152 - 157 cm.,147 - 152 cm.,15 - 20 g/m2,"3,000m.",2001,5000,M,PFE/PFD,,45,,,,header-parsed,CENTER PRICE THB,311,
1584,CENTER PRICE THB,255167,,TATTOO,100% PA,152 - 157 cm.,147 - 152 cm.,15 - 20 g/m2,"3,000m.",2001,5000,M,All_colors,,57,,,,header-parsed,CENTER PRICE THB,311,
1585,CENTER PRICE THB,255186,,PA MARQUISETTE BRIGHT,100% PA,148 - 158 cm.,143 - 152 cm.,46 - 52 g/m2,"3,000m.",200,600,M,PFE/PFD,,63,,,,header-parsed,CENTER PRICE THB,313,
1586,CENTER PRICE THB,255186,,PA MARQUISETTE BRIGHT,100% PA,148 - 158 cm.,143 - 152 cm.,46 - 52 g/m2,"3,000m.",200,600,M,All_colors,,84,,,,header-parsed,CENTER PRICE THB,313,
1587,CENTER PRICE THB,255186,,PA MARQUISETTE BRIGHT,100% PA,148 - 158 cm.,143 - 152 cm.,46 - 52 g/m2,"3,000m.",601,2000,M,PFE/PFD,,55,,,,header-parsed,CENTER PRICE THB,314,
1588,CENTER PRICE THB,255186,,PA MARQUISETTE BRIGHT,100% PA,148 - 158 cm.,143 - 152 cm.,46 - 52 g/m2,"3,000m.",601,2000,M,All_colors,,62,,,,header-parsed,CENTER PRICE THB,314,
1589,CENTER PRICE THB,255186,,PA MARQUISETTE BRIGHT,100% PA,148 - 158 cm.,143 - 152 cm.,46 - 52 g/m2,"3,000m.",2001,5000,M,PFE/PFD,,50,,,,header-parsed,CENTER PRICE THB,315,
1590,CENTER PRICE THB,255186,,PA MARQUISETTE BRIGHT,100% PA,148 - 158 cm.,143 - 152 cm.,46 - 52 g/m2,"3,000m.",2001,5000,M,All_colors,,60,,,,header-parsed,CENTER PRICE THB,315,
1591,CENTER PRICE THB,255193,,TERESA (Tattoo spandex),"86% PA, 14% ELASTANE",143 - 153 cm.,138 - 148 cm.,57 - 63 g/m2,"3,000m.",200,600,M,PFE/PFD,,135,,,,header-parsed,CENTER PRICE THB,317,
1592,CENTER PRICE THB,255193,,TERESA (Tattoo spandex),"86% PA, 14% ELASTANE",143 - 153 cm.,138 - 148 cm.,57 - 63 g/m2,"3,000m.",200,600,M,All_colors,,155,,,,header-parsed,CENTER PRICE THB,317,
1593,CENTER PRICE THB,255193,,TERESA (Tattoo spandex),"86% PA, 14% ELASTANE",143 - 153 cm.,138 - 148 cm.,57 - 63 g/m2,"3,000m.",601,2000,M,PFE/PFD,,125,,,,header-parsed,CENTER PRICE THB,318,
1594,CENTER PRICE THB,255193,,TERESA (Tattoo spandex),"86% PA, 14% ELASTANE",143 - 153 cm.,138 - 148 cm.,57 - 63 g/m2,"3,000m.",601,2000,M,All_colors,,140,,,,header-parsed,CENTER PRICE THB,318,
1595,CENTER PRICE THB,255193,,TERESA (Tattoo spandex),"86% PA, 14% ELASTANE",143 - 153 cm.,138 - 148 cm.,57 - 63 g/m2,"3,000m.",2001,5000,M,PFE/PFD,,120,,,,header-parsed,CENTER PRICE THB,319,
1596,CENTER PRICE THB,255193,,TERESA (Tattoo spandex),"86% PA, 14% ELASTANE",143 - 153 cm.,138 - 148 cm.,57 - 63 g/m2,"3,000m.",2001,5000,M,All_colors,,135,,,,header-parsed,CENTER PRICE THB,319,
1597,CENTER PRICE THB,255196,,PES TULLE STAR,100% PES,157 - 162 cm.,152 - 157 cm.,30 - 35 g/m2,"3,000m.",200,600,M,PFE/PFD,,80,,,,header-parsed,CENTER PRICE THB,321,
1598,CENTER PRICE THB,255196,,PES TULLE STAR,100% PES,157 - 162 cm.,152 - 157 cm.,30 - 35 g/m2,"3,000m.",200,600,M,All_colors,,100,,,,header-parsed,CENTER PRICE THB,321,
1599,CENTER PRICE THB,255196,,PES TULLE STAR,100% PES,157 - 162 cm.,152 - 157 cm.,30 - 35 g/m2,"3,000m.",601,2000,M,PFE/PFD,,70,,,,header-parsed,CENTER PRICE THB,322,
1600,CENTER PRICE THB,255196,,PES TULLE STAR,100% PES,157 - 162 cm.,152 - 157 cm.,30 - 35 g/m2,"3,000m.",601,2000,M,All_colors,,85,,,,header-parsed,CENTER PRICE THB,322,
1601,CENTER PRICE THB,255196,,PES TULLE STAR,100% PES,157 - 162 cm.,152 - 157 cm.,30 - 35 g/m2,"3,000m.",2001,5000,M,PFE/PFD,,65,,,,header-parsed,CENTER PRICE THB,323,
1602,CENTER PRICE THB,255196,,PES TULLE STAR,100% PES,157 - 162 cm.,152 - 157 cm.,30 - 35 g/m2,"3,000m.",2001,5000,M,All_colors,,80,,,,header-parsed,CENTER PRICE THB,323,
1603,CENTER PRICE THB,255204,,DOUBLE CHECK,100% PES,152 - 157 cm.,147 - 152 cm.,35 - 40 g/m2,"3,000m.",200,600,M,PFE/PFD,,94,,,,header-parsed,CENTER PRICE THB,325,
1604,CENTER PRICE THB,255204,,DOUBLE CHECK,100% PES,152 - 157 cm.,147 - 152 cm.,35 - 40 g/m2,"3,000m.",200,600,M,All_colors,,112,,,,header-parsed,CENTER PRICE THB,325,
1605,CENTER PRICE THB,255204,,DOUBLE CHECK,100% PES,152 - 157 cm.,147 - 152 cm.,35 - 40 g/m2,"3,000m.",601,2000,M,PFE/PFD,,83,,,,header-parsed,CENTER PRICE THB,326,
1606,CENTER PRICE THB,255204,,DOUBLE CHECK,100% PES,152 - 157 cm.,147 - 152 cm.,35 - 40 g/m2,"3,000m.",601,2000,M,All_colors,,99,,,,header-parsed,CENTER PRICE THB,326,
1607,CENTER PRICE THB,255204,,DOUBLE CHECK,100% PES,152 - 157 cm.,147 - 152 cm.,35 - 40 g/m2,"3,000m.",2001,5000,M,PFE/PFD,,81,,,,header-parsed,CENTER PRICE THB,327,
1608,CENTER PRICE THB,255204,,DOUBLE CHECK,100% PES,152 - 157 cm.,147 - 152 cm.,35 - 40 g/m2,"3,000m.",2001,5000,M,All_colors,,93,,,,header-parsed,CENTER PRICE THB,327,
1609,CENTER PRICE THB,255206,,Firming easyShape,"82% PA, 18% ELASTANE",147 - 152 cm.,142 - 147 cm.,170 - 175 g/m2,"3,000m.",500,999,M,PFE/PFD,,330,,,,header-parsed,CENTER PRICE THB,329,
1610,CENTER PRICE THB,255206,,Firming easyShape,"82% PA, 18% ELASTANE",147 - 152 cm.,142 - 147 cm.,170 - 175 g/m2,"3,000m.",500,999,M,All_colors,,350,,,,header-parsed,CENTER PRICE THB,329,
1611,CENTER PRICE THB,255206,,Firming easyShape,"82% PA, 18% ELASTANE",147 - 152 cm.,142 - 147 cm.,170 - 175 g/m2,"3,000m.",1000,1999,M,PFE/PFD,,315,,,,header-parsed,CENTER PRICE THB,330,
1612,CENTER PRICE THB,255206,,Firming easyShape,"82% PA, 18% ELASTANE",147 - 152 cm.,142 - 147 cm.,170 - 175 g/m2,"3,000m.",1000,1999,M,All_colors,,335,,,,header-parsed,CENTER PRICE THB,330,
1613,CENTER PRICE THB,255206,,Firming easyShape,"82% PA, 18% ELASTANE",147 - 152 cm.,142 - 147 cm.,170 - 175 g/m2,"3,000m.",2000,,M,PFE/PFD,,305,,,,header-parsed,CENTER PRICE THB,331,
1614,CENTER PRICE THB,255206,,Firming easyShape,"82% PA, 18% ELASTANE",147 - 152 cm.,142 - 147 cm.,170 - 175 g/m2,"3,000m.",2000,,M,All_colors,,325,,,,header-parsed,CENTER PRICE THB,331,
1615,CENTER PRICE THB,255207,,Anti oxidant easyShape,"82% PA, 18% ELASTANE",150 - 160 cm.,145 - 155 cm.,161 - 179 g/m2,"3,000m.",500,999,M,PFE/PFD,,400,,,,header-parsed,CENTER PRICE THB,333,
1616,CENTER PRICE THB,255207,,Anti oxidant easyShape,"82% PA, 18% ELASTANE",150 - 160 cm.,145 - 155 cm.,161 - 179 g/m2,"3,000m.",500,999,M,All_colors,,420,,,,header-parsed,CENTER PRICE THB,333,
1617,CENTER PRICE THB,255207,,Anti oxidant easyShape,"82% PA, 18% ELASTANE",150 - 160 cm.,145 - 155 cm.,161 - 179 g/m2,"3,000m.",1000,1999,M,PFE/PFD,,380,,,,header-parsed,CENTER PRICE THB,334,
1618,CENTER PRICE THB,255207,,Anti oxidant easyShape,"82% PA, 18% ELASTANE",150 - 160 cm.,145 - 155 cm.,161 - 179 g/m2,"3,000m.",1000,1999,M,All_colors,,400,,,,header-parsed,CENTER PRICE THB,334,
1619,CENTER PRICE THB,255207,,Anti oxidant easyShape,"82% PA, 18% ELASTANE",150 - 160 cm.,145 - 155 cm.,161 - 179 g/m2,"3,000m.",2000,,M,PFE/PFD,,365,,,,header-parsed,CENTER PRICE THB,335,
1620,CENTER PRICE THB,255207,,Anti oxidant easyShape,"82% PA, 18% ELASTANE",150 - 160 cm.,145 - 155 cm.,161 - 179 g/m2,"3,000m.",2000,,M,All_colors,,385,,,,header-parsed,CENTER PRICE THB,335,
1621,CENTER PRICE THB,255239,,PA UTRA INVISIBLE TULLE,100% PA,155 - 160 cm.,150 - 155 cm.,15 - 20 g/m2,"3,000m.",200,600,M,PFE/PFD,,63.35,,,,header-parsed,CENTER PRICE THB,337,
1622,CENTER PRICE THB,255239,,PA UTRA INVISIBLE TULLE,100% PA,155 - 160 cm.,150 - 155 cm.,15 - 20 g/m2,"3,000m.",200,600,M,All_colors,,82,,,,header-parsed,CENTER PRICE THB,337,
1623,CENTER PRICE THB,255239,,PA UTRA INVISIBLE TULLE,100% PA,155 - 160 cm.,150 - 155 cm.,15 - 20 g/m2,"3,000m.",601,2000,M,PFE/PFD,,53,,,,header-parsed,CENTER PRICE THB,338,
1624,CENTER PRICE THB,255239,,PA UTRA INVISIBLE TULLE,100% PA,155 - 160 cm.,150 - 155 cm.,15 - 20 g/m2,"3,000m.",601,2000,M,All_colors,,68,,,,header-parsed,CENTER PRICE THB,338,
1625,CENTER PRICE THB,255239,,PA UTRA INVISIBLE TULLE,100% PA,155 - 160 cm.,150 - 155 cm.,15 - 20 g/m2,"3,000m.",2001,5000,M,PFE/PFD,,51,,,,header-parsed,CENTER PRICE THB,339,
1626,CENTER PRICE THB,255239,,PA UTRA INVISIBLE TULLE,100% PA,155 - 160 cm.,150 - 155 cm.,15 - 20 g/m2,"3,000m.",2001,5000,M,All_colors,,62,,,,header-parsed,CENTER PRICE THB,339,
1627,CENTER PRICE THB,255247,,Firming easyShape,"47% PA, 53% ELASTANE",153 - 162 cm.,145 - 155 cm.,256 - 284 g/m2,"3,000m.",500,1500,M,PFE/PFD,,535,,,,header-parsed,CENTER PRICE THB,341,
1628,CENTER PRICE THB,255247,,Firming easyShape,"47% PA, 53% ELASTANE",153 - 162 cm.,145 - 155 cm.,256 - 284 g/m2,"3,000m.",500,1500,M,All_colors,,570,,,,header-parsed,CENTER PRICE THB,341,
1629,CENTER PRICE THB,255247,,Firming easyShape,"47% PA, 53% ELASTANE",153 - 162 cm.,145 - 155 cm.,256 - 284 g/m2,"3,000m.",1501,,M,PFE/PFD,,510,,,,header-parsed,CENTER PRICE THB,342,
1630,CENTER PRICE THB,255247,,Firming easyShape,"47% PA, 53% ELASTANE",153 - 162 cm.,145 - 155 cm.,256 - 284 g/m2,"3,000m.",1501,,M,All_colors,,550,,,,header-parsed,CENTER PRICE THB,342,
1631,CENTER PRICE THB,255251,,CO/PES MARQUISETTE,"74% CO, 26% PES",167 - 172 cm.,162 - 167 cm.,68 - 73 g/m2,"3,000 m.",200,600,M,PFE/PFD,,129.9,,,,header-parsed,CENTER PRICE THB,344,
1632,CENTER PRICE THB,255251,,CO/PES MARQUISETTE,"74% CO, 26% PES",167 - 172 cm.,162 - 167 cm.,68 - 73 g/m2,"3,000 m.",200,600,M,All_colors,,155.1,,,,header-parsed,CENTER PRICE THB,344,
1633,CENTER PRICE THB,255251,,CO/PES MARQUISETTE,"74% CO, 26% PES",167 - 172 cm.,162 - 167 cm.,68 - 73 g/m2,"3,000 m.",601,2000,M,PFE/PFD,,125.1,,,,header-parsed,CENTER PRICE THB,345,
1634,CENTER PRICE THB,255251,,CO/PES MARQUISETTE,"74% CO, 26% PES",167 - 172 cm.,162 - 167 cm.,68 - 73 g/m2,"3,000 m.",601,2000,M,All_colors,,150,,,,header-parsed,CENTER PRICE THB,345,
1635,CENTER PRICE THB,255251,,CO/PES MARQUISETTE,"74% CO, 26% PES",167 - 172 cm.,162 - 167 cm.,68 - 73 g/m2,"3,000 m.",2001,5000,M,PFE/PFD,,120,,,,header-parsed,CENTER PRICE THB,346,
1636,CENTER PRICE THB,255251,,CO/PES MARQUISETTE,"74% CO, 26% PES",167 - 172 cm.,162 - 167 cm.,68 - 73 g/m2,"3,000 m.",2001,5000,M,All_colors,,144.9,,,,header-parsed,CENTER PRICE THB,346,
1637,CENTER PRICE THB,255259,,Sarah,"50% PA, 50% ELASTANE",158 - 168 cm.,153 - 163 cm.,166 - 183 g/m2,"1,000m.",100,499,M,PFE/PFD,,230,,,,header-parsed,CENTER PRICE THB,348,
1638,CENTER PRICE THB,255259,,Sarah,"50% PA, 50% ELASTANE",158 - 168 cm.,153 - 163 cm.,166 - 183 g/m2,"1,000m.",100,499,M,All_colors,,260,,,,header-parsed,CENTER PRICE THB,348,
1639,CENTER PRICE THB,255259,,Sarah,"50% PA, 50% ELASTANE",158 - 168 cm.,153 - 163 cm.,166 - 183 g/m2,"1,000m.",500,1499,M,PFE/PFD,,210,,,,header-parsed,CENTER PRICE THB,349,
1640,CENTER PRICE THB,255259,,Sarah,"50% PA, 50% ELASTANE",158 - 168 cm.,153 - 163 cm.,166 - 183 g/m2,"1,000m.",500,1499,M,All_colors,,235,,,,header-parsed,CENTER PRICE THB,349,
1641,CENTER PRICE THB,255259,,Sarah,"50% PA, 50% ELASTANE",158 - 168 cm.,153 - 163 cm.,166 - 183 g/m2,"1,000m.",1500,,M,PFE/PFD,,195,,,,header-parsed,CENTER PRICE THB,350,
1642,CENTER PRICE THB,255259,,Sarah,"50% PA, 50% ELASTANE",158 - 168 cm.,153 - 163 cm.,166 - 183 g/m2,"1,000m.",1500,,M,All_colors,,220,,,,header-parsed,CENTER PRICE THB,350,
1643,CENTER PRICE THB,255260,,easyShape  (Super Soft),"65% PA, 35% ELASTANE",152-162cm,148 - 158 cm.,143-158g/m2,"1,000m.",100,499,M,PFE/PFD,,195,,,,header-parsed,CENTER PRICE THB,352,
1644,CENTER PRICE THB,255260,,easyShape  (Super Soft),"65% PA, 35% ELASTANE",152-162cm,148 - 158 cm.,143-158g/m2,"1,000m.",100,499,M,All_colors,,215,,,,header-parsed,CENTER PRICE THB,352,
1645,CENTER PRICE THB,255260,,easyShape  (Super Soft),"65% PA, 35% ELASTANE",152-162cm,148 - 158 cm.,143-158g/m2,"1,000m.",500,1499,M,PFE/PFD,,170,,,,header-parsed,CENTER PRICE THB,353,
1646,CENTER PRICE THB,255260,,easyShape  (Super Soft),"65% PA, 35% ELASTANE",152-162cm,148 - 158 cm.,143-158g/m2,"1,000m.",500,1499,M,All_colors,,190,,,,header-parsed,CENTER PRICE THB,353,
1647,CENTER PRICE THB,255260,,easyShape  (Super Soft),"65% PA, 35% ELASTANE",152-162cm,148 - 158 cm.,143-158g/m2,"1,000m.",1500,,M,PFE/PFD,,160,,,,header-parsed,CENTER PRICE THB,354,
1648,CENTER PRICE THB,255260,,easyShape  (Super Soft),"65% PA, 35% ELASTANE",152-162cm,148 - 158 cm.,143-158g/m2,"1,000m.",1500,,M,All_colors,,180,,,,header-parsed,CENTER PRICE THB,354,
1649,CENTER PRICE THB,255268,,FIONA,"75% PA, 25% ELASTANE",148 - 158 cm.,143 - 153 cm.,68 - 75 g/m2,"1,000m.",100,499,M,PFE/PFD,,115,,,,header-parsed,CENTER PRICE THB,356,
1650,CENTER PRICE THB,255268,,FIONA,"75% PA, 25% ELASTANE",148 - 158 cm.,143 - 153 cm.,68 - 75 g/m2,"1,000m.",100,499,M,All_colors,,135,,,,header-parsed,CENTER PRICE THB,356,
1651,CENTER PRICE THB,255268,,FIONA,"75% PA, 25% ELASTANE",148 - 158 cm.,143 - 153 cm.,68 - 75 g/m2,"1,000m.",500,1499,M,PFE/PFD,,105,,,,header-parsed,CENTER PRICE THB,357,
1652,CENTER PRICE THB,255268,,FIONA,"75% PA, 25% ELASTANE",148 - 158 cm.,143 - 153 cm.,68 - 75 g/m2,"1,000m.",500,1499,M,All_colors,,125,,,,header-parsed,CENTER PRICE THB,357,
1653,CENTER PRICE THB,255268,,FIONA,"75% PA, 25% ELASTANE",148 - 158 cm.,143 - 153 cm.,68 - 75 g/m2,"1,000m.",1500,,M,PFE/PFD,,100,,,,header-parsed,CENTER PRICE THB,358,
1654,CENTER PRICE THB,255268,,FIONA,"75% PA, 25% ELASTANE",148 - 158 cm.,143 - 153 cm.,68 - 75 g/m2,"1,000m.",1500,,M,All_colors,,115,,,,header-parsed,CENTER PRICE THB,358,
1655,CENTER PRICE THB,255271,,ELASTIC TULLE POINT,"75% PA, 25% ELASTANE",150 - 155 cm.,145 - 150 cm.,52 - 57 g/m2,"3,000m.",200,600,M,PFE/PFD,,125,,,,header-parsed,CENTER PRICE THB,360,
1656,CENTER PRICE THB,255271,,ELASTIC TULLE POINT,"75% PA, 25% ELASTANE",150 - 155 cm.,145 - 150 cm.,52 - 57 g/m2,"3,000m.",200,600,M,All_colors,,145,,,,header-parsed,CENTER PRICE THB,360,
1657,CENTER PRICE THB,255271,,ELASTIC TULLE POINT,"75% PA, 25% ELASTANE",150 - 155 cm.,145 - 150 cm.,52 - 57 g/m2,"3,000m.",601,2000,M,PFE/PFD,,115,,,,header-parsed,CENTER PRICE THB,361,
1658,CENTER PRICE THB,255271,,ELASTIC TULLE POINT,"75% PA, 25% ELASTANE",150 - 155 cm.,145 - 150 cm.,52 - 57 g/m2,"3,000m.",601,2000,M,All_colors,,135,,,,header-parsed,CENTER PRICE THB,361,
1659,CENTER PRICE THB,255271,,ELASTIC TULLE POINT,"75% PA, 25% ELASTANE",150 - 155 cm.,145 - 150 cm.,52 - 57 g/m2,"3,000m.",2001,5000,M,PFE/PFD,,110,,,,header-parsed,CENTER PRICE THB,362,
1660,CENTER PRICE THB,255271,,ELASTIC TULLE POINT,"75% PA, 25% ELASTANE",150 - 155 cm.,145 - 150 cm.,52 - 57 g/m2,"3,000m.",2001,5000,M,All_colors,,130,,,,header-parsed,CENTER PRICE THB,362,
1661,CENTER PRICE THB,255288,,ICE NET TATOO,100% PA,145-155cm,140 - 150 cm.,9-13 g/m2,"3,000m.",200,600,M,PFE/PFD,,60,,,,header-parsed,CENTER PRICE THB,364,
1662,CENTER PRICE THB,255288,,ICE NET TATOO,100% PA,145-155cm,140 - 150 cm.,9-13 g/m2,"3,000m.",200,600,M,All_colors,,80,,,,header-parsed,CENTER PRICE THB,364,
1663,CENTER PRICE THB,255288,,ICE NET TATOO,100% PA,145-155cm,140 - 150 cm.,9-13 g/m2,"3,000m.",601,2000,M,PFE/PFD,,52,,,,header-parsed,CENTER PRICE THB,365,
1664,CENTER PRICE THB,255288,,ICE NET TATOO,100% PA,145-155cm,140 - 150 cm.,9-13 g/m2,"3,000m.",601,2000,M,All_colors,,66,,,,header-parsed,CENTER PRICE THB,365,
1665,CENTER PRICE THB,255288,,ICE NET TATOO,100% PA,145-155cm,140 - 150 cm.,9-13 g/m2,"3,000m.",2001,5000,M,PFE/PFD,,50,,,,header-parsed,CENTER PRICE THB,366,
1666,CENTER PRICE THB,255288,,ICE NET TATOO,100% PA,145-155cm,140 - 150 cm.,9-13 g/m2,"3,000m.",2001,5000,M,All_colors,,60,,,,header-parsed,CENTER PRICE THB,366,
1667,CENTER PRICE THB,255273,,ELASTIC TULLE POINT,"80% PA, 20% ELASTANE",150 - 155 cm.,145 - 150 cm.,60 - 65 g/m2,"3,000m.",200,600,M,PFE/PFD,,113,,,,header-parsed,CENTER PRICE THB,368,
1668,CENTER PRICE THB,255273,,ELASTIC TULLE POINT,"80% PA, 20% ELASTANE",150 - 155 cm.,145 - 150 cm.,60 - 65 g/m2,"3,000m.",200,600,M,All_colors,,130,,,,header-parsed,CENTER PRICE THB,368,
1669,CENTER PRICE THB,255273,,ELASTIC TULLE POINT,"80% PA, 20% ELASTANE",150 - 155 cm.,145 - 150 cm.,60 - 65 g/m2,"3,000m.",601,2000,M,PFE/PFD,,101,,,,header-parsed,CENTER PRICE THB,369,
1670,CENTER PRICE THB,255273,,ELASTIC TULLE POINT,"80% PA, 20% ELASTANE",150 - 155 cm.,145 - 150 cm.,60 - 65 g/m2,"3,000m.",601,2000,M,All_colors,,117,,,,header-parsed,CENTER PRICE THB,369,
1671,CENTER PRICE THB,255273,,ELASTIC TULLE POINT,"80% PA, 20% ELASTANE",150 - 155 cm.,145 - 150 cm.,60 - 65 g/m2,"3,000m.",2001,5000,M,PFE/PFD,,99,,,,header-parsed,CENTER PRICE THB,370,
1672,CENTER PRICE THB,255273,,ELASTIC TULLE POINT,"80% PA, 20% ELASTANE",150 - 155 cm.,145 - 150 cm.,60 - 65 g/m2,"3,000m.",2001,5000,M,All_colors,,114,,,,header-parsed,CENTER PRICE THB,370,
1673,CENTER PRICE THB,255290,,easyShape,"83% PA, 17% ELASTANE",190-200cm,185 - 195 cm.,190-210g/m2,"1,000m.",50,99,M,PFE/PFD,,250,,,,header-parsed,CENTER PRICE THB,372,
1674,CENTER PRICE THB,255290,,easyShape,"83% PA, 17% ELASTANE",190-200cm,185 - 195 cm.,190-210g/m2,"1,000m.",50,99,M,All_colors,,280,,,,header-parsed,CENTER PRICE THB,372,
1675,CENTER PRICE THB,255290,,easyShape,"83% PA, 17% ELASTANE",190-200cm,185 - 195 cm.,190-210g/m2,"1,000m.",100,299,M,PFE/PFD,,245,,,,header-parsed,CENTER PRICE THB,373,
1676,CENTER PRICE THB,255290,,easyShape,"83% PA, 17% ELASTANE",190-200cm,185 - 195 cm.,190-210g/m2,"1,000m.",100,299,M,All_colors,,275,,,,header-parsed,CENTER PRICE THB,373,
1677,CENTER PRICE THB,255290,,easyShape,"83% PA, 17% ELASTANE",190-200cm,185 - 195 cm.,190-210g/m2,"1,000m.",300,1499,M,PFE/PFD,,210,,,,header-parsed,CENTER PRICE THB,374,
1678,CENTER PRICE THB,255290,,easyShape,"83% PA, 17% ELASTANE",190-200cm,185 - 195 cm.,190-210g/m2,"1,000m.",300,1499,M,All_colors,,240,,,,header-parsed,CENTER PRICE THB,374,
1679,CENTER PRICE THB,255290,,easyShape,"83% PA, 17% ELASTANE",190-200cm,185 - 195 cm.,190-210g/m2,"1,000m.",1500,,M,PFE/PFD,,200,,,,header-parsed,CENTER PRICE THB,375,
1680,CENTER PRICE THB,255290,,easyShape,"83% PA, 17% ELASTANE",190-200cm,185 - 195 cm.,190-210g/m2,"1,000m.",1500,,M,All_colors,,230,,,,header-parsed,CENTER PRICE THB,375,
1681,CENTER PRICE THB,255295,,HELINA,"70%PA, 30% ELASTANE",165-175cm,160 - 170 cm.,80-90g/m2,"3,000m.",200,600,M,PFE/PFD,,150,,,,header-parsed,CENTER PRICE THB,377,
1682,CENTER PRICE THB,255295,,HELINA,"70%PA, 30% ELASTANE",165-175cm,160 - 170 cm.,80-90g/m2,"3,000m.",200,600,M,All_colors,,180,,,,header-parsed,CENTER PRICE THB,377,
1683,CENTER PRICE THB,255295,,HELINA,"70%PA, 30% ELASTANE",165-175cm,160 - 170 cm.,80-90g/m2,"3,000m.",601,2000,M,PFE/PFD,,140,,,,header-parsed,CENTER PRICE THB,378,
1684,CENTER PRICE THB,255295,,HELINA,"70%PA, 30% ELASTANE",165-175cm,160 - 170 cm.,80-90g/m2,"3,000m.",601,2000,M,All_colors,,170,,,,header-parsed,CENTER PRICE THB,378,
1685,CENTER PRICE THB,255295,,HELINA,"70%PA, 30% ELASTANE",165-175cm,160 - 170 cm.,80-90g/m2,"3,000m.",2001,5000,M,PFE/PFD,,135,,,,header-parsed,CENTER PRICE THB,379,
1686,CENTER PRICE THB,255295,,HELINA,"70%PA, 30% ELASTANE",165-175cm,160 - 170 cm.,80-90g/m2,"3,000m.",2001,5000,M,All_colors,,165,,,,header-parsed,CENTER PRICE THB,379,
1687,CENTER PRICE THB,255305,,PES PIQUET,100% PES,150-160cm,145 - 155 cm.,33-37g/m2,"1,000m.",200,600,M,PFE/PFD,,70,,,,header-parsed,CENTER PRICE THB,381,
1688,CENTER PRICE THB,255305,,PES PIQUET,100% PES,150-160cm,145 - 155 cm.,33-37g/m2,"1,000m.",200,600,M,All_colors,,87,,,,header-parsed,CENTER PRICE THB,381,
1689,CENTER PRICE THB,255305,,PES PIQUET,100% PES,150-160cm,145 - 155 cm.,33-37g/m2,"1,000m.",601,2000,M,PFE/PFD,,60,,,,header-parsed,CENTER PRICE THB,382,
1690,CENTER PRICE THB,255305,,PES PIQUET,100% PES,150-160cm,145 - 155 cm.,33-37g/m2,"1,000m.",601,2000,M,All_colors,,75,,,,header-parsed,CENTER PRICE THB,382,
1691,CENTER PRICE THB,255305,,PES PIQUET,100% PES,150-160cm,145 - 155 cm.,33-37g/m2,"1,000m.",2001,5000,M,PFE/PFD,,58,,,,header-parsed,CENTER PRICE THB,383,
1692,CENTER PRICE THB,255305,,PES PIQUET,100% PES,150-160cm,145 - 155 cm.,33-37g/m2,"1,000m.",2001,5000,M,All_colors,,70,,,,header-parsed,CENTER PRICE THB,383,
1693,CENTER PRICE THB,255307,,PES TULLE SALOME,100%PES,153-163cm,148 - 158 cm.,33-37g/m2,"3,000m.",200,600,M,PFE/PFD,,95,,,,header-parsed,CENTER PRICE THB,385,
1694,CENTER PRICE THB,255307,,PES TULLE SALOME,100%PES,153-163cm,148 - 158 cm.,33-37g/m2,"3,000m.",200,600,M,All_colors,,115,,,,header-parsed,CENTER PRICE THB,385,
1695,CENTER PRICE THB,255307,,PES TULLE SALOME,100%PES,153-163cm,148 - 158 cm.,33-37g/m2,"3,000m.",601,2000,M,PFE/PFD,,85,,,,header-parsed,CENTER PRICE THB,386,
1696,CENTER PRICE THB,255307,,PES TULLE SALOME,100%PES,153-163cm,148 - 158 cm.,33-37g/m2,"3,000m.",601,2000,M,All_colors,,100,,,,header-parsed,CENTER PRICE THB,386,
1697,CENTER PRICE THB,255307,,PES TULLE SALOME,100%PES,153-163cm,148 - 158 cm.,33-37g/m2,"3,000m.",2001,5000,M,PFE/PFD,,83,,,,header-parsed,CENTER PRICE THB,387,
1698,CENTER PRICE THB,255307,,PES TULLE SALOME,100%PES,153-163cm,148 - 158 cm.,33-37g/m2,"3,000m.",2001,5000,M,All_colors,,95,,,,header-parsed,CENTER PRICE THB,387,
1699,CENTER PRICE THB,255310,,SANDRA,"85% PA, 15% ELASTANE",145 - 155 cm.,140 - 150 cm.,69 - 77 g/m2,"1,000m.",200,600,M,PFE/PFD,,120,,,,header-parsed,CENTER PRICE THB,389,
1700,CENTER PRICE THB,255310,,SANDRA,"85% PA, 15% ELASTANE",145 - 155 cm.,140 - 150 cm.,69 - 77 g/m2,"1,000m.",200,600,M,All_colors,,140,,,,header-parsed,CENTER PRICE THB,389,
1701,CENTER PRICE THB,255310,,SANDRA,"85% PA, 15% ELASTANE",145 - 155 cm.,140 - 150 cm.,69 - 77 g/m2,"1,000m.",601,2000,M,PFE/PFD,,110,,,,header-parsed,CENTER PRICE THB,390,
1702,CENTER PRICE THB,255310,,SANDRA,"85% PA, 15% ELASTANE",145 - 155 cm.,140 - 150 cm.,69 - 77 g/m2,"1,000m.",601,2000,M,All_colors,,130,,,,header-parsed,CENTER PRICE THB,390,
1703,CENTER PRICE THB,255310,,SANDRA,"85% PA, 15% ELASTANE",145 - 155 cm.,140 - 150 cm.,69 - 77 g/m2,"1,000m.",2001,5000,M,PFE/PFD,,105,,,,header-parsed,CENTER PRICE THB,391,
1704,CENTER PRICE THB,255310,,SANDRA,"85% PA, 15% ELASTANE",145 - 155 cm.,140 - 150 cm.,69 - 77 g/m2,"1,000m.",2001,5000,M,All_colors,,125,,,,header-parsed,CENTER PRICE THB,391,
1705,CENTER PRICE THB,255314,,PES INVISIBLE TULLE MONO,100% PES,153 - 163 cm.,148 - 158 cm.,18 - 23 g/m2,"3,000m.",200,600,M,PFE/PFD,,45,,,,header-parsed,CENTER PRICE THB,393,
1706,CENTER PRICE THB,255314,,PES INVISIBLE TULLE MONO,100% PES,153 - 163 cm.,148 - 158 cm.,18 - 23 g/m2,"3,000m.",200,600,M,All_colors,,60,,,,header-parsed,CENTER PRICE THB,393,
1707,CENTER PRICE THB,255314,,PES INVISIBLE TULLE MONO,100% PES,153 - 163 cm.,148 - 158 cm.,18 - 23 g/m2,"3,000m.",601,2000,M,PFE/PFD,,40,,,,header-parsed,CENTER PRICE THB,394,
1708,CENTER PRICE THB,255314,,PES INVISIBLE TULLE MONO,100% PES,153 - 163 cm.,148 - 158 cm.,18 - 23 g/m2,"3,000m.",601,2000,M,All_colors,,50,,,,header-parsed,CENTER PRICE THB,394,
1709,CENTER PRICE THB,255314,,PES INVISIBLE TULLE MONO,100% PES,153 - 163 cm.,148 - 158 cm.,18 - 23 g/m2,"3,000m.",2001,5000,M,PFE/PFD,,35,,,,header-parsed,CENTER PRICE THB,395,
1710,CENTER PRICE THB,255314,,PES INVISIBLE TULLE MONO,100% PES,153 - 163 cm.,148 - 158 cm.,18 - 23 g/m2,"3,000m.",2001,5000,M,All_colors,,45,,,,header-parsed,CENTER PRICE THB,395,
1711,CENTER PRICE THB,255315,,Cleo,"80% PES, 20% ELASTANE",148 - 158 cm.,143 - 153 cm.,62 - 68 g/m2,"1,000m.",200,600,M,PFE/PFD,,115,,,,header-parsed,CENTER PRICE THB,397,
1712,CENTER PRICE THB,255315,,Cleo,"80% PES, 20% ELASTANE",148 - 158 cm.,143 - 153 cm.,62 - 68 g/m2,"1,000m.",200,600,M,All_colors,,135,,,,header-parsed,CENTER PRICE THB,397,
1713,CENTER PRICE THB,255315,,Cleo,"80% PES, 20% ELASTANE",148 - 158 cm.,143 - 153 cm.,62 - 68 g/m2,"1,000m.",601,2000,M,PFE/PFD,,105,,,,header-parsed,CENTER PRICE THB,398,
1714,CENTER PRICE THB,255315,,Cleo,"80% PES, 20% ELASTANE",148 - 158 cm.,143 - 153 cm.,62 - 68 g/m2,"1,000m.",601,2000,M,All_colors,,125,,,,header-parsed,CENTER PRICE THB,398,
1715,CENTER PRICE THB,255315,,Cleo,"80% PES, 20% ELASTANE",148 - 158 cm.,143 - 153 cm.,62 - 68 g/m2,"1,000m.",2001,5000,M,PFE/PFD,,100,,,,header-parsed,CENTER PRICE THB,399,
1716,CENTER PRICE THB,255315,,Cleo,"80% PES, 20% ELASTANE",148 - 158 cm.,143 - 153 cm.,62 - 68 g/m2,"1,000m.",2001,5000,M,All_colors,,120,,,,header-parsed,CENTER PRICE THB,399,
1717,CENTER PRICE THB,255323,,ALICIA,"70% PA, 30% ELASTANE",158 - 168 cm.,153 - 158 cm.,256 - 284 g/m2,"1,000m.",400,1000,M,PFE/PFD,,265,,,,header-parsed,CENTER PRICE THB,401,
1718,CENTER PRICE THB,255323,,ALICIA,"70% PA, 30% ELASTANE",158 - 168 cm.,153 - 158 cm.,256 - 284 g/m2,"1,000m.",400,1000,M,All_colors,,320,,,,header-parsed,CENTER PRICE THB,401,
1719,CENTER PRICE THB,255323,,ALICIA,"70% PA, 30% ELASTANE",158 - 168 cm.,153 - 158 cm.,256 - 284 g/m2,"1,000m.",1001,2000,M,PFE/PFD,,245,,,,header-parsed,CENTER PRICE THB,402,
1720,CENTER PRICE THB,255323,,ALICIA,"70% PA, 30% ELASTANE",158 - 168 cm.,153 - 158 cm.,256 - 284 g/m2,"1,000m.",1001,2000,M,All_colors,,310,,,,header-parsed,CENTER PRICE THB,402,
1721,CENTER PRICE THB,255323,,ALICIA,"70% PA, 30% ELASTANE",158 - 168 cm.,153 - 158 cm.,256 - 284 g/m2,"1,000m.",2001,3000,M,PFE/PFD,,235,,,,header-parsed,CENTER PRICE THB,403,
1722,CENTER PRICE THB,255323,,ALICIA,"70% PA, 30% ELASTANE",158 - 168 cm.,153 - 158 cm.,256 - 284 g/m2,"1,000m.",2001,3000,M,All_colors,,300,,,,header-parsed,CENTER PRICE THB,403,
1723,CENTER PRICE THB,255326,,PATRICIA,"92% PES, 8% ELASTANE",147 - 157 cm.,142 - 152 cm.,97 - 108 g/m2,"1,000m.",200,600,M,PFE/PFD,,100,,,,header-parsed,CENTER PRICE THB,405,
1724,CENTER PRICE THB,255326,,PATRICIA,"92% PES, 8% ELASTANE",147 - 157 cm.,142 - 152 cm.,97 - 108 g/m2,"1,000m.",200,600,M,All_colors,,125,,,,header-parsed,CENTER PRICE THB,405,
1725,CENTER PRICE THB,255326,,PATRICIA,"92% PES, 8% ELASTANE",147 - 157 cm.,142 - 152 cm.,97 - 108 g/m2,"1,000m.",601,2000,M,PFE/PFD,,95,,,,header-parsed,CENTER PRICE THB,406,
1726,CENTER PRICE THB,255326,,PATRICIA,"92% PES, 8% ELASTANE",147 - 157 cm.,142 - 152 cm.,97 - 108 g/m2,"1,000m.",601,2000,M,All_colors,,115,,,,header-parsed,CENTER PRICE THB,406,
1727,CENTER PRICE THB,255326,,PATRICIA,"92% PES, 8% ELASTANE",147 - 157 cm.,142 - 152 cm.,97 - 108 g/m2,"1,000m.",2001,5000,M,PFE/PFD,,90,,,,header-parsed,CENTER PRICE THB,407,
1728,CENTER PRICE THB,255326,,PATRICIA,"92% PES, 8% ELASTANE",147 - 157 cm.,142 - 152 cm.,97 - 108 g/m2,"1,000m.",2001,5000,M,All_colors,,110,,,,header-parsed,CENTER PRICE THB,407,
1729,CENTER PRICE THB,255327,,WINONA,"80% PA, 20% ELASTANE",140 - 150 cm.,135 - 145 cm.,69 - 77 g/m2,"1,000m.",200,600,M,PFE/PFD,,110,,,,header-parsed,CENTER PRICE THB,409,
1730,CENTER PRICE THB,255327,,WINONA,"80% PA, 20% ELASTANE",140 - 150 cm.,135 - 145 cm.,69 - 77 g/m2,"1,000m.",200,600,M,All_colors,,130,,,,header-parsed,CENTER PRICE THB,409,
1731,CENTER PRICE THB,255327,,WINONA,"80% PA, 20% ELASTANE",140 - 150 cm.,135 - 145 cm.,69 - 77 g/m2,"1,000m.",601,2000,M,PFE/PFD,,100,,,,header-parsed,CENTER PRICE THB,410,
1732,CENTER PRICE THB,255327,,WINONA,"80% PA, 20% ELASTANE",140 - 150 cm.,135 - 145 cm.,69 - 77 g/m2,"1,000m.",601,2000,M,All_colors,,115,,,,header-parsed,CENTER PRICE THB,410,
1733,CENTER PRICE THB,255327,,WINONA,"80% PA, 20% ELASTANE",140 - 150 cm.,135 - 145 cm.,69 - 77 g/m2,"1,000m.",2001,5000,M,PFE/PFD,,95,,,,header-parsed,CENTER PRICE THB,411,
1734,CENTER PRICE THB,255327,,WINONA,"80% PA, 20% ELASTANE",140 - 150 cm.,135 - 145 cm.,69 - 77 g/m2,"1,000m.",2001,5000,M,All_colors,,110,,,,header-parsed,CENTER PRICE THB,411,
1735,CENTER PRICE THB,255330,,MIRACLE,"96% PA, 4% ELASTANE",148 - 158 cm.,143 - 153 cm.,100 - 110 g/m2,"1,000m.",200,600,M,PFE/PFD,,125,,,,header-parsed,CENTER PRICE THB,413,
1736,CENTER PRICE THB,255330,,MIRACLE,"96% PA, 4% ELASTANE",148 - 158 cm.,143 - 153 cm.,100 - 110 g/m2,"1,000m.",200,600,M,All_colors,,155,,,,header-parsed,CENTER PRICE THB,413,
1737,CENTER PRICE THB,255330,,MIRACLE,"96% PA, 4% ELASTANE",148 - 158 cm.,143 - 153 cm.,100 - 110 g/m2,"1,000m.",601,2000,M,PFE/PFD,,120,,,,header-parsed,CENTER PRICE THB,414,
1738,CENTER PRICE THB,255330,,MIRACLE,"96% PA, 4% ELASTANE",148 - 158 cm.,143 - 153 cm.,100 - 110 g/m2,"1,000m.",601,2000,M,All_colors,,150,,,,header-parsed,CENTER PRICE THB,414,
1739,CENTER PRICE THB,255330,,MIRACLE,"96% PA, 4% ELASTANE",148 - 158 cm.,143 - 153 cm.,100 - 110 g/m2,"1,000m.",2001,5000,M,PFE/PFD,,115,,,,header-parsed,CENTER PRICE THB,415,
1740,CENTER PRICE THB,255330,,MIRACLE,"96% PA, 4% ELASTANE",148 - 158 cm.,143 - 153 cm.,100 - 110 g/m2,"1,000m.",2001,5000,M,All_colors,,140,,,,header-parsed,CENTER PRICE THB,415,
1741,CENTER PRICE THB,255331,,MIRANDA,"92% PA, 8% ELASTANE",158 - 168 cm.,153 - 158 cm.,118 - 132 g/m2,"1,000m.",200,600,M,PFE/PFD,,150,,,,header-parsed,CENTER PRICE THB,417,
1742,CENTER PRICE THB,255331,,MIRANDA,"92% PA, 8% ELASTANE",158 - 168 cm.,153 - 158 cm.,118 - 132 g/m2,"1,000m.",200,600,M,All_colors,,180,,,,header-parsed,CENTER PRICE THB,417,
1743,CENTER PRICE THB,255331,,MIRANDA,"92% PA, 8% ELASTANE",158 - 168 cm.,153 - 158 cm.,118 - 132 g/m2,"1,000m.",601,2000,M,PFE/PFD,,140,,,,header-parsed,CENTER PRICE THB,418,
1744,CENTER PRICE THB,255331,,MIRANDA,"92% PA, 8% ELASTANE",158 - 168 cm.,153 - 158 cm.,118 - 132 g/m2,"1,000m.",601,2000,M,All_colors,,170,,,,header-parsed,CENTER PRICE THB,418,
1745,CENTER PRICE THB,255331,,MIRANDA,"92% PA, 8% ELASTANE",158 - 168 cm.,153 - 158 cm.,118 - 132 g/m2,"1,000m.",2001,5000,M,PFE/PFD,,135,,,,header-parsed,CENTER PRICE THB,419,
1746,CENTER PRICE THB,255331,,MIRANDA,"92% PA, 8% ELASTANE",158 - 168 cm.,153 - 158 cm.,118 - 132 g/m2,"1,000m.",2001,5000,M,All_colors,,165,,,,header-parsed,CENTER PRICE THB,419,
1747,CENTER PRICE THB,255332,,CLAUDIA,"80% PA, 20% ELASTANE",140 - 150 cm.,135 - 145 cm.,67 - 74 g/m2,"1,000m.",200,600,M,PFE/PFD,,110,,,,header-parsed,CENTER PRICE THB,421,
1748,CENTER PRICE THB,255332,,CLAUDIA,"80% PA, 20% ELASTANE",140 - 150 cm.,135 - 145 cm.,67 - 74 g/m2,"1,000m.",200,600,M,All_colors,,130,,,,header-parsed,CENTER PRICE THB,421,
1749,CENTER PRICE THB,255332,,CLAUDIA,"80% PA, 20% ELASTANE",140 - 150 cm.,135 - 145 cm.,67 - 74 g/m2,"1,000m.",601,2000,M,PFE/PFD,,100,,,,header-parsed,CENTER PRICE THB,422,
1750,CENTER PRICE THB,255332,,CLAUDIA,"80% PA, 20% ELASTANE",140 - 150 cm.,135 - 145 cm.,67 - 74 g/m2,"1,000m.",601,2000,M,All_colors,,120,,,,header-parsed,CENTER PRICE THB,422,
1751,CENTER PRICE THB,255332,,CLAUDIA,"80% PA, 20% ELASTANE",140 - 150 cm.,135 - 145 cm.,67 - 74 g/m2,"1,000m.",2001,5000,M,PFE/PFD,,95,,,,header-parsed,CENTER PRICE THB,423,
1752,CENTER PRICE THB,255332,,CLAUDIA,"80% PA, 20% ELASTANE",140 - 150 cm.,135 - 145 cm.,67 - 74 g/m2,"1,000m.",2001,5000,M,All_colors,,115,,,,header-parsed,CENTER PRICE THB,423,
1753,CENTER PRICE THB,255341,,TRINITY,"82% PA, 18% ELASTANE",165 - 175 cm,160 - 170 cm.,60 - 65 g/m2,"1,000m.",200,600,M,PFE/PFD,,115,,,,header-parsed,CENTER PRICE THB,425,
1754,CENTER PRICE THB,255341,,TRINITY,"82% PA, 18% ELASTANE",165 - 175 cm,160 - 170 cm.,60 - 65 g/m2,"1,000m.",200,600,M,All_colors,,125,,,,header-parsed,CENTER PRICE THB,425,
1755,CENTER PRICE THB,255341,,TRINITY,"82% PA, 18% ELASTANE",165 - 175 cm,160 - 170 cm.,60 - 65 g/m2,"1,000m.",601,2000,M,PFE/PFD,,105,,,,header-parsed,CENTER PRICE THB,426,
1756,CENTER PRICE THB,255341,,TRINITY,"82% PA, 18% ELASTANE",165 - 175 cm,160 - 170 cm.,60 - 65 g/m2,"1,000m.",601,2000,M,All_colors,,115,,,,header-parsed,CENTER PRICE THB,426,
1757,CENTER PRICE THB,255341,,TRINITY,"82% PA, 18% ELASTANE",165 - 175 cm,160 - 170 cm.,60 - 65 g/m2,"1,000m.",2001,5000,M,PFE/PFD,,100,,,,header-parsed,CENTER PRICE THB,427,
1758,CENTER PRICE THB,255341,,TRINITY,"82% PA, 18% ELASTANE",165 - 175 cm,160 - 170 cm.,60 - 65 g/m2,"1,000m.",2001,5000,M,All_colors,,110,,,,header-parsed,CENTER PRICE THB,427,
1759,CENTER PRICE THB,255342,,CATHY,"67% PA, 33% CO",150 - 160 cm.,145 - 155 cm.,102 - 113 g/m2,"1,000m.",200,600,M,PFE/PFD,,120,,,,header-parsed,CENTER PRICE THB,429,
1760,CENTER PRICE THB,255342,,CATHY,"67% PA, 33% CO",150 - 160 cm.,145 - 155 cm.,102 - 113 g/m2,"1,000m.",200,600,M,All_colors,,140,,,,header-parsed,CENTER PRICE THB,429,
1761,CENTER PRICE THB,255342,,CATHY,"67% PA, 33% CO",150 - 160 cm.,145 - 155 cm.,102 - 113 g/m2,"1,000m.",601,2000,M,PFE/PFD,,115,,,,header-parsed,CENTER PRICE THB,430,
1762,CENTER PRICE THB,255342,,CATHY,"67% PA, 33% CO",150 - 160 cm.,145 - 155 cm.,102 - 113 g/m2,"1,000m.",601,2000,M,All_colors,,130,,,,header-parsed,CENTER PRICE THB,430,
1763,CENTER PRICE THB,255342,,CATHY,"67% PA, 33% CO",150 - 160 cm.,145 - 155 cm.,102 - 113 g/m2,"1,000m.",2001,5000,M,PFE/PFD,,100,,,,header-parsed,CENTER PRICE THB,431,
1764,CENTER PRICE THB,255342,,CATHY,"67% PA, 33% CO",150 - 160 cm.,145 - 155 cm.,102 - 113 g/m2,"1,000m.",2001,5000,M,All_colors,,125,,,,header-parsed,CENTER PRICE THB,431,
1765,CENTER PRICE THB,255345,,TAMMY,"70% PA, 30% ELASTANE",170 - 180 cm.,165 - 175 cm.,110 - 120 g/m2,"1,000m.",200,600,M,PFE/PFD,,170,,,,header-parsed,CENTER PRICE THB,433,
1766,CENTER PRICE THB,255345,,TAMMY,"70% PA, 30% ELASTANE",170 - 180 cm.,165 - 175 cm.,110 - 120 g/m2,"1,000m.",200,600,M,All_colors,,195,,,,header-parsed,CENTER PRICE THB,433,
1767,CENTER PRICE THB,255345,,TAMMY,"70% PA, 30% ELASTANE",170 - 180 cm.,165 - 175 cm.,110 - 120 g/m2,"1,000m.",601,2000,M,PFE/PFD,,160,,,,header-parsed,CENTER PRICE THB,434,
1768,CENTER PRICE THB,255345,,TAMMY,"70% PA, 30% ELASTANE",170 - 180 cm.,165 - 175 cm.,110 - 120 g/m2,"1,000m.",601,2000,M,All_colors,,190,,,,header-parsed,CENTER PRICE THB,434,
1769,CENTER PRICE THB,255345,,TAMMY,"70% PA, 30% ELASTANE",170 - 180 cm.,165 - 175 cm.,110 - 120 g/m2,"1,000m.",2001,5000,M,PFE/PFD,,155,,,,header-parsed,CENTER PRICE THB,435,
1770,CENTER PRICE THB,255345,,TAMMY,"70% PA, 30% ELASTANE",170 - 180 cm.,165 - 175 cm.,110 - 120 g/m2,"1,000m.",2001,5000,M,All_colors,,180,,,,header-parsed,CENTER PRICE THB,435,
1771,CENTER PRICE THB,255346,,DULCE,"80% PA, 20% ELASTANE",145 - 155 cm.,140 - 150 cm.,57 - 63 g/m2,"3,000m.",200,600,M,PFE/PFD,,100,,,,header-parsed,CENTER PRICE THB,437,
1772,CENTER PRICE THB,255346,,DULCE,"80% PA, 20% ELASTANE",145 - 155 cm.,140 - 150 cm.,57 - 63 g/m2,"3,000m.",200,600,M,All_colors,,115,,,,header-parsed,CENTER PRICE THB,437,
1773,CENTER PRICE THB,255346,,DULCE,"80% PA, 20% ELASTANE",145 - 155 cm.,140 - 150 cm.,57 - 63 g/m2,"3,000m.",601,2000,M,PFE/PFD,,95,,,,header-parsed,CENTER PRICE THB,438,
1774,CENTER PRICE THB,255346,,DULCE,"80% PA, 20% ELASTANE",145 - 155 cm.,140 - 150 cm.,57 - 63 g/m2,"3,000m.",601,2000,M,All_colors,,100,,,,header-parsed,CENTER PRICE THB,438,
1775,CENTER PRICE THB,255346,,DULCE,"80% PA, 20% ELASTANE",145 - 155 cm.,140 - 150 cm.,57 - 63 g/m2,"3,000m.",2001,5000,M,PFE/PFD,,90,,,,header-parsed,CENTER PRICE THB,439,
1776,CENTER PRICE THB,255346,,DULCE,"80% PA, 20% ELASTANE",145 - 155 cm.,140 - 150 cm.,57 - 63 g/m2,"3,000m.",2001,5000,M,All_colors,,98,,,,header-parsed,CENTER PRICE THB,439,
1777,CENTER PRICE THB,255347,,DAISY,"79% PES, 21% ELASTANE",148 - 158 cm.,143 - 153 cm.,40 - 45 g/m2,"3,000m.",200,600,M,PFE/PFD,,110,,,,header-parsed,CENTER PRICE THB,441,
1778,CENTER PRICE THB,255347,,DAISY,"79% PES, 21% ELASTANE",148 - 158 cm.,143 - 153 cm.,40 - 45 g/m2,"3,000m.",200,600,M,All_colors,,130,,,,header-parsed,CENTER PRICE THB,441,
1779,CENTER PRICE THB,255347,,DAISY,"79% PES, 21% ELASTANE",148 - 158 cm.,143 - 153 cm.,40 - 45 g/m2,"3,000m.",601,2000,M,PFE/PFD,,100,,,,header-parsed,CENTER PRICE THB,442,
1780,CENTER PRICE THB,255347,,DAISY,"79% PES, 21% ELASTANE",148 - 158 cm.,143 - 153 cm.,40 - 45 g/m2,"3,000m.",601,2000,M,All_colors,,115,,,,header-parsed,CENTER PRICE THB,442,
1781,CENTER PRICE THB,255347,,DAISY,"79% PES, 21% ELASTANE",148 - 158 cm.,143 - 153 cm.,40 - 45 g/m2,"3,000m.",2001,5000,M,PFE/PFD,,95,,,,header-parsed,CENTER PRICE THB,443,
1782,CENTER PRICE THB,255347,,DAISY,"79% PES, 21% ELASTANE",148 - 158 cm.,143 - 153 cm.,40 - 45 g/m2,"3,000m.",2001,5000,M,All_colors,,110,,,,header-parsed,CENTER PRICE THB,443,
1783,CENTER PRICE THB,255350,,DOLLY,"76% PA, 24% ELASTANE",150 - 160 cm.,145 - 155 cm.,95 - 105 g/m2,"3,000m.",200,600,M,PFE/PFD,,200,,,,header-parsed,CENTER PRICE THB,445,
1784,CENTER PRICE THB,255350,,DOLLY,"76% PA, 24% ELASTANE",150 - 160 cm.,145 - 155 cm.,95 - 105 g/m2,"3,000m.",200,600,M,All_colors,,210,,,,header-parsed,CENTER PRICE THB,445,
1785,CENTER PRICE THB,255350,,DOLLY,"76% PA, 24% ELASTANE",150 - 160 cm.,145 - 155 cm.,95 - 105 g/m2,"3,000m.",601,2000,M,PFE/PFD,,185,,,,header-parsed,CENTER PRICE THB,446,
1786,CENTER PRICE THB,255350,,DOLLY,"76% PA, 24% ELASTANE",150 - 160 cm.,145 - 155 cm.,95 - 105 g/m2,"3,000m.",601,2000,M,All_colors,,197,,,,header-parsed,CENTER PRICE THB,446,
1787,CENTER PRICE THB,255350,,DOLLY,"76% PA, 24% ELASTANE",150 - 160 cm.,145 - 155 cm.,95 - 105 g/m2,"3,000m.",2001,5000,M,PFE/PFD,,180,,,,header-parsed,CENTER PRICE THB,447,
1788,CENTER PRICE THB,255350,,DOLLY,"76% PA, 24% ELASTANE",150 - 160 cm.,145 - 155 cm.,95 - 105 g/m2,"3,000m.",2001,5000,M,All_colors,,190,,,,header-parsed,CENTER PRICE THB,447,
1789,CENTER PRICE THB,255351,,DIANE,"77% PA, 23% ELASTANE",150 - 160 cm.,145 - 155 cm,95 - 105 g/m2,"3,000m.",200,600,M,PFE/PFD,,200,,,,header-parsed,CENTER PRICE THB,449,
1790,CENTER PRICE THB,255351,,DIANE,"77% PA, 23% ELASTANE",150 - 160 cm.,145 - 155 cm,95 - 105 g/m2,"3,000m.",200,600,M,All_colors,,210,,,,header-parsed,CENTER PRICE THB,449,
1791,CENTER PRICE THB,255351,,DIANE,"77% PA, 23% ELASTANE",150 - 160 cm.,145 - 155 cm,95 - 105 g/m2,"3,000m.",601,2000,M,PFE/PFD,,185,,,,header-parsed,CENTER PRICE THB,450,
1792,CENTER PRICE THB,255351,,DIANE,"77% PA, 23% ELASTANE",150 - 160 cm.,145 - 155 cm,95 - 105 g/m2,"3,000m.",601,2000,M,All_colors,,197,,,,header-parsed,CENTER PRICE THB,450,
1793,CENTER PRICE THB,255351,,DIANE,"77% PA, 23% ELASTANE",150 - 160 cm.,145 - 155 cm,95 - 105 g/m2,"3,000m.",2001,5000,M,PFE/PFD,,180,,,,header-parsed,CENTER PRICE THB,451,
1794,CENTER PRICE THB,255351,,DIANE,"77% PA, 23% ELASTANE",150 - 160 cm.,145 - 155 cm,95 - 105 g/m2,"3,000m.",2001,5000,M,All_colors,,190,,,,header-parsed,CENTER PRICE THB,451,
1795,CENTER PRICE THB,255363,,PA VOILE BRIGHT,100% PA,150 - 160 cm.,145 - 155 cm.,18 - 23 g/m2,"3,000m.",200,600,M,PFE/PFD,,60,,,,header-parsed,CENTER PRICE THB,453,
1796,CENTER PRICE THB,255363,,PA VOILE BRIGHT,100% PA,150 - 160 cm.,145 - 155 cm.,18 - 23 g/m2,"3,000m.",200,600,M,All_colors,,75,,,,header-parsed,CENTER PRICE THB,453,
1797,CENTER PRICE THB,255363,,PA VOILE BRIGHT,100% PA,150 - 160 cm.,145 - 155 cm.,18 - 23 g/m2,"3,000m.",601,2000,M,PFE/PFD,,50,,,,header-parsed,CENTER PRICE THB,454,
1798,CENTER PRICE THB,255363,,PA VOILE BRIGHT,100% PA,150 - 160 cm.,145 - 155 cm.,18 - 23 g/m2,"3,000m.",601,2000,M,All_colors,,65,,,,header-parsed,CENTER PRICE THB,454,
1799,CENTER PRICE THB,255363,,PA VOILE BRIGHT,100% PA,150 - 160 cm.,145 - 155 cm.,18 - 23 g/m2,"3,000m.",2001,5000,M,PFE/PFD,,48,,,,header-parsed,CENTER PRICE THB,455,
1800,CENTER PRICE THB,255363,,PA VOILE BRIGHT,100% PA,150 - 160 cm.,145 - 155 cm.,18 - 23 g/m2,"3,000m.",2001,5000,M,All_colors,,60,,,,header-parsed,CENTER PRICE THB,455,
1801,CENTER PRICE THB,255364,,COTTON SIGSAG,"62% PA, 38% CO",160 - 170 cm.,155 - 165 cm.,34 - 38 g/m2,"1,000m.",200,600,M,PFE/PFD,,100,,,,header-parsed,CENTER PRICE THB,457,
1802,CENTER PRICE THB,255364,,COTTON SIGSAG,"62% PA, 38% CO",160 - 170 cm.,155 - 165 cm.,34 - 38 g/m2,"1,000m.",200,600,M,All_colors,,125,,,,header-parsed,CENTER PRICE THB,457,
1803,CENTER PRICE THB,255364,,COTTON SIGSAG,"62% PA, 38% CO",160 - 170 cm.,155 - 165 cm.,34 - 38 g/m2,"1,000m.",601,2000,M,PFE/PFD,,95,,,,header-parsed,CENTER PRICE THB,458,
1804,CENTER PRICE THB,255364,,COTTON SIGSAG,"62% PA, 38% CO",160 - 170 cm.,155 - 165 cm.,34 - 38 g/m2,"1,000m.",601,2000,M,All_colors,,115,,,,header-parsed,CENTER PRICE THB,458,
1805,CENTER PRICE THB,255364,,COTTON SIGSAG,"62% PA, 38% CO",160 - 170 cm.,155 - 165 cm.,34 - 38 g/m2,"1,000m.",2001,5000,M,PFE/PFD,,85,,,,header-parsed,CENTER PRICE THB,459,
1806,CENTER PRICE THB,255364,,COTTON SIGSAG,"62% PA, 38% CO",160 - 170 cm.,155 - 165 cm.,34 - 38 g/m2,"1,000m.",2001,5000,M,All_colors,,110,,,,header-parsed,CENTER PRICE THB,459,
1807,CENTER PRICE THB,255367,,PES MARQUISETTE MONO,100 % PES,145 - 155 cm.,140 - 150 cm.,40 - 45 g/m2,"3,000m.",200,600,M,PFE/PFD,,45,,,,header-parsed,CENTER PRICE THB,461,
1808,CENTER PRICE THB,255367,,PES MARQUISETTE MONO,100 % PES,145 - 155 cm.,140 - 150 cm.,40 - 45 g/m2,"3,000m.",200,600,M,All_colors,,60,,,,header-parsed,CENTER PRICE THB,461,
1809,CENTER PRICE THB,255367,,PES MARQUISETTE MONO,100 % PES,145 - 155 cm.,140 - 150 cm.,40 - 45 g/m2,"3,000m.",601,2000,M,PFE/PFD,,40,,,,header-parsed,CENTER PRICE THB,462,
1810,CENTER PRICE THB,255367,,PES MARQUISETTE MONO,100 % PES,145 - 155 cm.,140 - 150 cm.,40 - 45 g/m2,"3,000m.",601,2000,M,All_colors,,45,,,,header-parsed,CENTER PRICE THB,462,
1811,CENTER PRICE THB,255367,,PES MARQUISETTE MONO,100 % PES,145 - 155 cm.,140 - 150 cm.,40 - 45 g/m2,"3,000m.",2001,5000,M,PFE/PFD,,35,,,,header-parsed,CENTER PRICE THB,463,
1812,CENTER PRICE THB,255367,,PES MARQUISETTE MONO,100 % PES,145 - 155 cm.,140 - 150 cm.,40 - 45 g/m2,"3,000m.",2001,5000,M,All_colors,,40,,,,header-parsed,CENTER PRICE THB,463,
1813,CENTER PRICE THB,255378,,EFFIE,"83% PES, 17% ELASTANE",180 - 190 cm.,175 - 185 cm.,137 - 147 g/m2,"3,000m.",500,,M,PFE/PFD,,120,,,,header-parsed,CENTER PRICE THB,465,
1814,CENTER PRICE THB,255378,,EFFIE,"83% PES, 17% ELASTANE",180 - 190 cm.,175 - 185 cm.,137 - 147 g/m2,"3,000m.",500,,M,All_colors,,145,,,,header-parsed,CENTER PRICE THB,465,
1815,CENTER PRICE THB,255378,,EFFIE,"83% PES, 17% ELASTANE",180 - 190 cm.,175 - 185 cm.,137 - 147 g/m2,"3,000m.",1000,,M,PFE/PFD,,110,,,,header-parsed,CENTER PRICE THB,466,
1816,CENTER PRICE THB,255378,,EFFIE,"83% PES, 17% ELASTANE",180 - 190 cm.,175 - 185 cm.,137 - 147 g/m2,"3,000m.",1000,,M,All_colors,,140,,,,header-parsed,CENTER PRICE THB,466,
1817,CENTER PRICE THB,255387,,FLORENCE,"68% PA, 32% ELASTANE",165 - 175 cm.,160 - 170 cm.,161 - 179 g/m2,"3,000m.",500,,M,PFE/PFD,,170,,,,header-parsed,CENTER PRICE THB,468,
1818,CENTER PRICE THB,255387,,FLORENCE,"68% PA, 32% ELASTANE",165 - 175 cm.,160 - 170 cm.,161 - 179 g/m2,"3,000m.",500,,M,All_colors,,195,,,,header-parsed,CENTER PRICE THB,468,
1819,CENTER PRICE THB,255387,,FLORENCE,"68% PA, 32% ELASTANE",165 - 175 cm.,160 - 170 cm.,161 - 179 g/m2,"3,000m.",1000,,M,PFE/PFD,,165,,,,header-parsed,CENTER PRICE THB,469,
1820,CENTER PRICE THB,255387,,FLORENCE,"68% PA, 32% ELASTANE",165 - 175 cm.,160 - 170 cm.,161 - 179 g/m2,"3,000m.",1000,,M,All_colors,,185,,,,header-parsed,CENTER PRICE THB,469,
1821,CENTER PRICE THB,255396,,EVA,"36%PA,26%CO,38%ELASTANE",150 - 160 cm,145 - 155 cm,120- 134 g/m2,"3,000m.",200,600,M,PFE/PFD,,185,,,,header-parsed,CENTER PRICE THB,471,
1822,CENTER PRICE THB,255396,,EVA,"36%PA,26%CO,38%ELASTANE",150 - 160 cm,145 - 155 cm,120- 134 g/m2,"3,000m.",200,600,M,All_colors,,200,,,,header-parsed,CENTER PRICE THB,471,
1823,CENTER PRICE THB,255396,,EVA,"36%PA,26%CO,38%ELASTANE",150 - 160 cm,145 - 155 cm,120- 134 g/m2,"3,000m.",601,2000,M,PFE/PFD,,175,,,,header-parsed,CENTER PRICE THB,472,
1824,CENTER PRICE THB,255396,,EVA,"36%PA,26%CO,38%ELASTANE",150 - 160 cm,145 - 155 cm,120- 134 g/m2,"3,000m.",601,2000,M,All_colors,,190,,,,header-parsed,CENTER PRICE THB,472,
1825,CENTER PRICE THB,255396,,EVA,"36%PA,26%CO,38%ELASTANE",150 - 160 cm,145 - 155 cm,120- 134 g/m2,"3,000m.",2001,5000,M,PFE/PFD,,170,,,,header-parsed,CENTER PRICE THB,473,
1826,CENTER PRICE THB,255396,,EVA,"36%PA,26%CO,38%ELASTANE",150 - 160 cm,145 - 155 cm,120- 134 g/m2,"3,000m.",2001,5000,M,All_colors,,185,,,,header-parsed,CENTER PRICE THB,473,
1827,CENTER PRICE THB,255399,,DIAMOND,"76% PA, 24% ELASTANE",150 - 160 cm.,145 - 155 cm.,95 - 105 g/m2,"3,000m.",200,600,M,PFE/PFD,,150,,,,header-parsed,CENTER PRICE THB,475,
1828,CENTER PRICE THB,255399,,DIAMOND,"76% PA, 24% ELASTANE",150 - 160 cm.,145 - 155 cm.,95 - 105 g/m2,"3,000m.",200,600,M,All_colors,,170,,,,header-parsed,CENTER PRICE THB,475,
1829,CENTER PRICE THB,255399,,DIAMOND,"76% PA, 24% ELASTANE",150 - 160 cm.,145 - 155 cm.,95 - 105 g/m2,"3,000m.",601,2000,M,PFE/PFD,,145,,,,header-parsed,CENTER PRICE THB,476,
1830,CENTER PRICE THB,255399,,DIAMOND,"76% PA, 24% ELASTANE",150 - 160 cm.,145 - 155 cm.,95 - 105 g/m2,"3,000m.",601,2000,M,All_colors,,160,,,,header-parsed,CENTER PRICE THB,476,
1831,CENTER PRICE THB,255399,,DIAMOND,"76% PA, 24% ELASTANE",150 - 160 cm.,145 - 155 cm.,95 - 105 g/m2,"3,000m.",2001,5000,M,PFE/PFD,,140,,,,header-parsed,CENTER PRICE THB,477,
1832,CENTER PRICE THB,255399,,DIAMOND,"76% PA, 24% ELASTANE",150 - 160 cm.,145 - 155 cm.,95 - 105 g/m2,"3,000m.",2001,5000,M,All_colors,,155,,,,header-parsed,CENTER PRICE THB,477,
1833,CENTER PRICE THB,255410,,SNOW,"55% PA, 45% ELASTANE",155- 165 cm,150- 160 cm,115- 128g/m2,"1,000m.",500,,M,PFE/PFD,,340,,,,header-parsed,CENTER PRICE THB,479,
1834,CENTER PRICE THB,255410,,SNOW,"55% PA, 45% ELASTANE",155- 165 cm,150- 160 cm,115- 128g/m2,"1,000m.",500,,M,All_colors,,360,,,,header-parsed,CENTER PRICE THB,479,
1835,CENTER PRICE THB,255410,,SNOW,"55% PA, 45% ELASTANE",155- 165 cm,150- 160 cm,115- 128g/m2,"1,000m.",1000,,M,PFE/PFD,,320,,,,header-parsed,CENTER PRICE THB,480,
1836,CENTER PRICE THB,255410,,SNOW,"55% PA, 45% ELASTANE",155- 165 cm,150- 160 cm,115- 128g/m2,"1,000m.",1000,,M,All_colors,,345,,,,header-parsed,CENTER PRICE THB,480,
1837,CENTER PRICE THB,255411,,SHARON,"60% PA, 40% ELASTANE",162 - 172 cm.,157 - 167 cm.,100 - 110 g/m,"1,000m.",500,,M,PFE/PFD,,330,,,,header-parsed,CENTER PRICE THB,482,
1838,CENTER PRICE THB,255411,,SHARON,"60% PA, 40% ELASTANE",162 - 172 cm.,157 - 167 cm.,100 - 110 g/m,"1,000m.",500,,M,All_colors,,350,,,,header-parsed,CENTER PRICE THB,482,
1839,CENTER PRICE THB,255411,,SHARON,"60% PA, 40% ELASTANE",162 - 172 cm.,157 - 167 cm.,100 - 110 g/m,"1,000m.",1000,,M,PFE/PFD,,320,,,,header-parsed,CENTER PRICE THB,483,
1840,CENTER PRICE THB,255411,,SHARON,"60% PA, 40% ELASTANE",162 - 172 cm.,157 - 167 cm.,100 - 110 g/m,"1,000m.",1000,,M,All_colors,,330,,,,header-parsed,CENTER PRICE THB,483,
1841,CENTER PRICE THB,255416,,STELLA,100%PES,155 - 165 cm.,150 -160 cm,37- 42 g/m2,"3,000m.",200,600,M,PFE/PFD,,65,,,,header-parsed,CENTER PRICE THB,485,
1842,CENTER PRICE THB,255416,,STELLA,100%PES,155 - 165 cm.,150 -160 cm,37- 42 g/m2,"3,000m.",200,600,M,All_colors,,85,,,,header-parsed,CENTER PRICE THB,485,
1843,CENTER PRICE THB,255416,,STELLA,100%PES,155 - 165 cm.,150 -160 cm,37- 42 g/m2,"3,000m.",601,2000,M,PFE/PFD,,55,,,,header-parsed,CENTER PRICE THB,486,
1844,CENTER PRICE THB,255416,,STELLA,100%PES,155 - 165 cm.,150 -160 cm,37- 42 g/m2,"3,000m.",601,2000,M,All_colors,,75,,,,header-parsed,CENTER PRICE THB,486,
1845,CENTER PRICE THB,255416,,STELLA,100%PES,155 - 165 cm.,150 -160 cm,37- 42 g/m2,"3,000m.",2001,5000,M,PFE/PFD,,50,,,,header-parsed,CENTER PRICE THB,487,
1846,CENTER PRICE THB,255416,,STELLA,100%PES,155 - 165 cm.,150 -160 cm,37- 42 g/m2,"3,000m.",2001,5000,M,All_colors,,70,,,,header-parsed,CENTER PRICE THB,487,
1847,CENTER PRICE THB,255419,,MARIA,"78% PA, 22% ELASTANE",145-155cm,140-150cm,184-204g/m2,"1,000m.",500,,M,PFE/PFD,,180,,,,header-parsed,CENTER PRICE THB,489,
1848,CENTER PRICE THB,255419,,MARIA,"78% PA, 22% ELASTANE",145-155cm,140-150cm,184-204g/m2,"1,000m.",500,,M,All_colors,,200,,,,header-parsed,CENTER PRICE THB,489,
1849,CENTER PRICE THB,255419,,MARIA,"78% PA, 22% ELASTANE",145-155cm,140-150cm,184-204g/m2,"1,000m.",1000,,M,PFE/PFD,,175,,,,header-parsed,CENTER PRICE THB,490,
1850,CENTER PRICE THB,255419,,MARIA,"78% PA, 22% ELASTANE",145-155cm,140-150cm,184-204g/m2,"1,000m.",1000,,M,All_colors,,190,,,,header-parsed,CENTER PRICE THB,490,
1851,CENTER PRICE THB,255426,,HONEY,"81%PA, 19%ELASTANE",158 - 168 cm,153 - 163 cm,57-63 g/m2,"3,000m.",200,600,M,PFE/PFD,,110,,,,header-parsed,CENTER PRICE THB,492,
1852,CENTER PRICE THB,255426,,HONEY,"81%PA, 19%ELASTANE",158 - 168 cm,153 - 163 cm,57-63 g/m2,"3,000m.",200,600,M,All_colors,,135,,,,header-parsed,CENTER PRICE THB,492,
1853,CENTER PRICE THB,255426,,HONEY,"81%PA, 19%ELASTANE",158 - 168 cm,153 - 163 cm,57-63 g/m2,"3,000m.",601,2000,M,PFE/PFD,,100,,,,header-parsed,CENTER PRICE THB,493,
1854,CENTER PRICE THB,255426,,HONEY,"81%PA, 19%ELASTANE",158 - 168 cm,153 - 163 cm,57-63 g/m2,"3,000m.",601,2000,M,All_colors,,125,,,,header-parsed,CENTER PRICE THB,493,
1855,CENTER PRICE THB,255426,,HONEY,"81%PA, 19%ELASTANE",158 - 168 cm,153 - 163 cm,57-63 g/m2,"3,000m.",2001,5000,M,PFE/PFD,,95,,,,header-parsed,CENTER PRICE THB,494,
1856,CENTER PRICE THB,255426,,HONEY,"81%PA, 19%ELASTANE",158 - 168 cm,153 - 163 cm,57-63 g/m2,"3,000m.",2001,5000,M,All_colors,,120,,,,header-parsed,CENTER PRICE THB,494,
1857,CENTER PRICE THB,255428,,Christy,"68%PA, 32%ELASTANE",163 - 173 cm,158 - 168cm,153-170g/m2,"3,000m.",100,499,M,PFE/PFD,,240,,,,header-parsed,CENTER PRICE THB,496,
1858,CENTER PRICE THB,255428,,Christy,"68%PA, 32%ELASTANE",163 - 173 cm,158 - 168cm,153-170g/m2,"3,000m.",100,499,M,All_colors,,260,,,,header-parsed,CENTER PRICE THB,496,
1859,CENTER PRICE THB,255428,,Christy,"68%PA, 32%ELASTANE",163 - 173 cm,158 - 168cm,153-170g/m2,"3,000m.",500,1500,M,PFE/PFD,,210,,,,header-parsed,CENTER PRICE THB,497,
1860,CENTER PRICE THB,255428,,Christy,"68%PA, 32%ELASTANE",163 - 173 cm,158 - 168cm,153-170g/m2,"3,000m.",500,1500,M,All_colors,,230,,,,header-parsed,CENTER PRICE THB,497,
1861,CENTER PRICE THB,255428,,Christy,"68%PA, 32%ELASTANE",163 - 173 cm,158 - 168cm,153-170g/m2,"3,000m.",1501,,M,PFE/PFD,,185,,,,header-parsed,CENTER PRICE THB,498,
1862,CENTER PRICE THB,255428,,Christy,"68%PA, 32%ELASTANE",163 - 173 cm,158 - 168cm,153-170g/m2,"3,000m.",1501,,M,All_colors,,200,,,,header-parsed,CENTER PRICE THB,498,
1863,CENTER PRICE THB,255433,,VICTORIA,"90% PES, 10% ELASTANE",148 - 158cm,143 - 153 cm,52- 58 g/m2,"1,000m.",200,600,M,PFE/PFD,,90,,,,header-parsed,CENTER PRICE THB,500,
1864,CENTER PRICE THB,255433,,VICTORIA,"90% PES, 10% ELASTANE",148 - 158cm,143 - 153 cm,52- 58 g/m2,"1,000m.",200,600,M,All_colors,,105,,,,header-parsed,CENTER PRICE THB,500,
1865,CENTER PRICE THB,255433,,VICTORIA,"90% PES, 10% ELASTANE",148 - 158cm,143 - 153 cm,52- 58 g/m2,"1,000m.",601,2000,M,PFE/PFD,,80,,,,header-parsed,CENTER PRICE THB,501,
1866,CENTER PRICE THB,255433,,VICTORIA,"90% PES, 10% ELASTANE",148 - 158cm,143 - 153 cm,52- 58 g/m2,"1,000m.",601,2000,M,All_colors,,95,,,,header-parsed,CENTER PRICE THB,501,
1867,CENTER PRICE THB,255433,,VICTORIA,"90% PES, 10% ELASTANE",148 - 158cm,143 - 153 cm,52- 58 g/m2,"1,000m.",2001,5000,M,PFE/PFD,,75,,,,header-parsed,CENTER PRICE THB,502,
1868,CENTER PRICE THB,255433,,VICTORIA,"90% PES, 10% ELASTANE",148 - 158cm,143 - 153 cm,52- 58 g/m2,"1,000m.",2001,5000,M,All_colors,,90,,,,header-parsed,CENTER PRICE THB,502,
1869,CENTER PRICE THB,255434,,VIENNA,"90% PA, 10% ELASTANE",148 - 158cm,143 - 153 cm,52- 58 g/m2,"1,000m.",200,600,M,PFE/PFD,,95,,,,header-parsed,CENTER PRICE THB,504,
1870,CENTER PRICE THB,255434,,VIENNA,"90% PA, 10% ELASTANE",148 - 158cm,143 - 153 cm,52- 58 g/m2,"1,000m.",200,600,M,All_colors,,110,,,,header-parsed,CENTER PRICE THB,504,
1871,CENTER PRICE THB,255434,,VIENNA,"90% PA, 10% ELASTANE",148 - 158cm,143 - 153 cm,52- 58 g/m2,"1,000m.",601,2000,M,PFE/PFD,,85,,,,header-parsed,CENTER PRICE THB,505,
1872,CENTER PRICE THB,255434,,VIENNA,"90% PA, 10% ELASTANE",148 - 158cm,143 - 153 cm,52- 58 g/m2,"1,000m.",601,2000,M,All_colors,,100,,,,header-parsed,CENTER PRICE THB,505,
1873,CENTER PRICE THB,255434,,VIENNA,"90% PA, 10% ELASTANE",148 - 158cm,143 - 153 cm,52- 58 g/m2,"1,000m.",2001,5000,M,PFE/PFD,,80,,,,header-parsed,CENTER PRICE THB,506,
1874,CENTER PRICE THB,255434,,VIENNA,"90% PA, 10% ELASTANE",148 - 158cm,143 - 153 cm,52- 58 g/m2,"1,000m.",2001,5000,M,All_colors,,95,,,,header-parsed,CENTER PRICE THB,506,
1875,CENTER PRICE THB,255439,,BECKY,"70% PA, 30% PES",148 - 158 cm.,143 - 153 cm.,80 - 90 g/m2,"1,000m.",200,,M,PFE/PFD,,150,,,,header-parsed,CENTER PRICE THB,508,
1876,CENTER PRICE THB,255439,,BECKY,"70% PA, 30% PES",148 - 158 cm.,143 - 153 cm.,80 - 90 g/m2,"1,000m.",200,,M,All_colors,,156,,,,header-parsed,CENTER PRICE THB,508,
1877,CENTER PRICE THB,255439,,BECKY,"70% PA, 30% PES",148 - 158 cm.,143 - 153 cm.,80 - 90 g/m2,"1,000m.",500,,M,PFE/PFD,,126,,,,header-parsed,CENTER PRICE THB,509,
1878,CENTER PRICE THB,255439,,BECKY,"70% PA, 30% PES",148 - 158 cm.,143 - 153 cm.,80 - 90 g/m2,"1,000m.",500,,M,All_colors,,138,,,,header-parsed,CENTER PRICE THB,509,
1879,CENTER PRICE THB,255440,,BLOSSOM,"90% PA, 10% PES",148 - 158 cm.,143 - 153 cm.,58 - 65 g/m2,"1,000m.",200,,M,PFE/PFD,,150,,,,header-parsed,CENTER PRICE THB,511,
1880,CENTER PRICE THB,255440,,BLOSSOM,"90% PA, 10% PES",148 - 158 cm.,143 - 153 cm.,58 - 65 g/m2,"1,000m.",200,,M,All_colors,,156,,,,header-parsed,CENTER PRICE THB,511,
1881,CENTER PRICE THB,255440,,BLOSSOM,"90% PA, 10% PES",148 - 158 cm.,143 - 153 cm.,58 - 65 g/m2,"1,000m.",500,,M,PFE/PFD,,126,,,,header-parsed,CENTER PRICE THB,512,
1882,CENTER PRICE THB,255440,,BLOSSOM,"90% PA, 10% PES",148 - 158 cm.,143 - 153 cm.,58 - 65 g/m2,"1,000m.",500,,M,All_colors,,138,,,,header-parsed,CENTER PRICE THB,512,
1883,CENTER PRICE THB,255441,,BRANDY,"70% PA, 30% PES",148 - 158 cm.,143 - 153 cm.,80 - 90 g/m2,"1,000m.",200,,M,PFE/PFD,,150,,,,header-parsed,CENTER PRICE THB,514,
1884,CENTER PRICE THB,255441,,BRANDY,"70% PA, 30% PES",148 - 158 cm.,143 - 153 cm.,80 - 90 g/m2,"1,000m.",200,,M,All_colors,,156,,,,header-parsed,CENTER PRICE THB,514,
1885,CENTER PRICE THB,255441,,BRANDY,"70% PA, 30% PES",148 - 158 cm.,143 - 153 cm.,80 - 90 g/m2,"1,000m.",500,,M,PFE/PFD,,126,,,,header-parsed,CENTER PRICE THB,515,
1886,CENTER PRICE THB,255441,,BRANDY,"70% PA, 30% PES",148 - 158 cm.,143 - 153 cm.,80 - 90 g/m2,"1,000m.",500,,M,All_colors,,138,,,,header-parsed,CENTER PRICE THB,515,
1887,CENTER PRICE THB,255442,,BREEZE,"85% PA, 15% PES",148 - 158 cm.,143 - 153 cm.,66 - 74 g/m2,"1,000m.",200,,M,PFE/PFD,,150,,,,header-parsed,CENTER PRICE THB,517,
1888,CENTER PRICE THB,255442,,BREEZE,"85% PA, 15% PES",148 - 158 cm.,143 - 153 cm.,66 - 74 g/m2,"1,000m.",200,,M,All_colors,,156,,,,header-parsed,CENTER PRICE THB,517,
1889,CENTER PRICE THB,255442,,BREEZE,"85% PA, 15% PES",148 - 158 cm.,143 - 153 cm.,66 - 74 g/m2,"1,000m.",500,,M,PFE/PFD,,126,,,,header-parsed,CENTER PRICE THB,518,
1890,CENTER PRICE THB,255442,,BREEZE,"85% PA, 15% PES",148 - 158 cm.,143 - 153 cm.,66 - 74 g/m2,"1,000m.",500,,M,All_colors,,138,,,,header-parsed,CENTER PRICE THB,518,
1891,CENTER PRICE THB,255455,,Angel,"85% PA, 15% ELASTANE",143- 153cm,138 - 148cm,142-158g/m2,"3,000m.",500,,M,PFE/PFD,,140,,,,header-parsed,CENTER PRICE THB,520,
1892,CENTER PRICE THB,255455,,Angel,"85% PA, 15% ELASTANE",143- 153cm,138 - 148cm,142-158g/m2,"3,000m.",500,,M,All_colors,,155,,,,header-parsed,CENTER PRICE THB,520,
1893,CENTER PRICE THB,255455,,Angel,"85% PA, 15% ELASTANE",143- 153cm,138 - 148cm,142-158g/m2,"3,000m.",1000,,M,PFE/PFD,,115,,,,header-parsed,CENTER PRICE THB,521,
1894,CENTER PRICE THB,255455,,Angel,"85% PA, 15% ELASTANE",143- 153cm,138 - 148cm,142-158g/m2,"3,000m.",1000,,M,All_colors,,135,,,,header-parsed,CENTER PRICE THB,521,
1895,CENTER PRICE THB,255466,,MINI ALPHA TULLE,100% PES,155- 165 cm.,150 - 160 cm.,22- 27 g/m2,"3,000m.",200,600,M,PFE/PFD,,55,,,,header-parsed,CENTER PRICE THB,523,
1896,CENTER PRICE THB,255466,,MINI ALPHA TULLE,100% PES,155- 165 cm.,150 - 160 cm.,22- 27 g/m2,"3,000m.",200,600,M,All_colors,,80,,,,header-parsed,CENTER PRICE THB,523,
1897,CENTER PRICE THB,255466,,MINI ALPHA TULLE,100% PES,155- 165 cm.,150 - 160 cm.,22- 27 g/m2,"3,000m.",601,2000,M,PFE/PFD,,45,,,,header-parsed,CENTER PRICE THB,524,
1898,CENTER PRICE THB,255466,,MINI ALPHA TULLE,100% PES,155- 165 cm.,150 - 160 cm.,22- 27 g/m2,"3,000m.",601,2000,M,All_colors,,65,,,,header-parsed,CENTER PRICE THB,524,
1899,CENTER PRICE THB,255466,,MINI ALPHA TULLE,100% PES,155- 165 cm.,150 - 160 cm.,22- 27 g/m2,"3,000m.",2001,5000,M,PFE/PFD,,43,,,,header-parsed,CENTER PRICE THB,525,
1900,CENTER PRICE THB,255466,,MINI ALPHA TULLE,100% PES,155- 165 cm.,150 - 160 cm.,22- 27 g/m2,"3,000m.",2001,5000,M,All_colors,,60,,,,header-parsed,CENTER PRICE THB,525,
1901,CENTER PRICE THB,255469,,MERCY STRETCH,"84% PA, 11%EL, 5% Mettalic",16 2 - 172cm,157 - 167 cm,66 - 74 g/m2,"1,000m.",400,600,M,PFE/PFD,,130,,,,header-parsed,CENTER PRICE THB,527,
1902,CENTER PRICE THB,255469,,MERCY STRETCH,"84% PA, 11%EL, 5% Mettalic",16 2 - 172cm,157 - 167 cm,66 - 74 g/m2,"1,000m.",400,600,M,All_colors,,150,,,,header-parsed,CENTER PRICE THB,527,
1903,CENTER PRICE THB,255469,,MERCY STRETCH,"84% PA, 11%EL, 5% Mettalic",16 2 - 172cm,157 - 167 cm,66 - 74 g/m2,"1,000m.",601,2000,M,PFE/PFD,,120,,,,header-parsed,CENTER PRICE THB,528,
1904,CENTER PRICE THB,255469,,MERCY STRETCH,"84% PA, 11%EL, 5% Mettalic",16 2 - 172cm,157 - 167 cm,66 - 74 g/m2,"1,000m.",601,2000,M,All_colors,,145,,,,header-parsed,CENTER PRICE THB,528,
1905,CENTER PRICE THB,255469,,MERCY STRETCH,"84% PA, 11%EL, 5% Mettalic",16 2 - 172cm,157 - 167 cm,66 - 74 g/m2,"1,000m.",2001,5000,M,PFE/PFD,,118,,,,header-parsed,CENTER PRICE THB,529,
1906,CENTER PRICE THB,255469,,MERCY STRETCH,"84% PA, 11%EL, 5% Mettalic",16 2 - 172cm,157 - 167 cm,66 - 74 g/m2,"1,000m.",2001,5000,M,All_colors,,138,,,,header-parsed,CENTER PRICE THB,529,
1907,CENTER PRICE THB,255484,,Invisible Tulle Bright,100%PA,152 - 162cm,147 - 157 cm,13 - 18g/m2,"3,000m.",200,600,M,PFE/PFD,,63.35,,,,header-parsed,CENTER PRICE THB,531,
1908,CENTER PRICE THB,255484,,Invisible Tulle Bright,100%PA,152 - 162cm,147 - 157 cm,13 - 18g/m2,"3,000m.",200,600,M,All_colors,,82,,,,header-parsed,CENTER PRICE THB,531,
1909,CENTER PRICE THB,255484,,Invisible Tulle Bright,100%PA,152 - 162cm,147 - 157 cm,13 - 18g/m2,"3,000m.",601,2000,M,PFE/PFD,,53,,,,header-parsed,CENTER PRICE THB,532,
1910,CENTER PRICE THB,255484,,Invisible Tulle Bright,100%PA,152 - 162cm,147 - 157 cm,13 - 18g/m2,"3,000m.",601,2000,M,All_colors,,68,,,,header-parsed,CENTER PRICE THB,532,
1911,CENTER PRICE THB,255484,,Invisible Tulle Bright,100%PA,152 - 162cm,147 - 157 cm,13 - 18g/m2,"3,000m.",2001,5000,M,PFE/PFD,,51,,,,header-parsed,CENTER PRICE THB,533,
1912,CENTER PRICE THB,255484,,Invisible Tulle Bright,100%PA,152 - 162cm,147 - 157 cm,13 - 18g/m2,"3,000m.",2001,5000,M,All_colors,,62,,,,header-parsed,CENTER PRICE THB,533,
1913,CENTER PRICE THB,255485,,FAIRY,"80% PA, 20% ELASTANE",160 - 170 cm,155 - 165 cm,118 - 132g/m2,"3,000m.",500,,M,PFE/PFD,,140,,,,header-parsed,CENTER PRICE THB,535,
1914,CENTER PRICE THB,255485,,FAIRY,"80% PA, 20% ELASTANE",160 - 170 cm,155 - 165 cm,118 - 132g/m2,"3,000m.",500,,M,All_colors,,155,,,,header-parsed,CENTER PRICE THB,535,
1915,CENTER PRICE THB,255485,,FAIRY,"80% PA, 20% ELASTANE",160 - 170 cm,155 - 165 cm,118 - 132g/m2,"3,000m.",1000,,M,PFE/PFD,,130,,,,header-parsed,CENTER PRICE THB,536,
1916,CENTER PRICE THB,255485,,FAIRY,"80% PA, 20% ELASTANE",160 - 170 cm,155 - 165 cm,118 - 132g/m2,"3,000m.",1000,,M,All_colors,,145,,,,header-parsed,CENTER PRICE THB,536,
1917,CENTER PRICE THB,255470,,PEARL,"84% PA, 16% ELASTANE",160 - 170 cm,155 - 165 cm,100 - 110g/m2,"3,000m.",200,600,M,PFE/PFD,,135,,,,header-parsed,CENTER PRICE THB,538,
1918,CENTER PRICE THB,255470,,PEARL,"84% PA, 16% ELASTANE",160 - 170 cm,155 - 165 cm,100 - 110g/m2,"3,000m.",200,600,M,All_colors,,160,,,,header-parsed,CENTER PRICE THB,538,
1919,CENTER PRICE THB,255470,,PEARL,"84% PA, 16% ELASTANE",160 - 170 cm,155 - 165 cm,100 - 110g/m2,"3,000m.",601,2000,M,PFE/PFD,,130,,,,header-parsed,CENTER PRICE THB,539,
1920,CENTER PRICE THB,255470,,PEARL,"84% PA, 16% ELASTANE",160 - 170 cm,155 - 165 cm,100 - 110g/m2,"3,000m.",601,2000,M,All_colors,,155,,,,header-parsed,CENTER PRICE THB,539,
1921,CENTER PRICE THB,255470,,PEARL,"84% PA, 16% ELASTANE",160 - 170 cm,155 - 165 cm,100 - 110g/m2,"3,000m.",2001,5000,M,PFE/PFD,,125,,,,header-parsed,CENTER PRICE THB,540,
1922,CENTER PRICE THB,255470,,PEARL,"84% PA, 16% ELASTANE",160 - 170 cm,155 - 165 cm,100 - 110g/m2,"3,000m.",2001,5000,M,All_colors,,145,,,,header-parsed,CENTER PRICE THB,540,
1923,CENTER PRICE THB,255521,,Percy,100%PES,117- 125cm,112-120cm,77- 86g/m2,"1,000m.",200,600,M,PFE/PFD,,125,,,,header-parsed,CENTER PRICE THB,542,
1924,CENTER PRICE THB,255521,,Percy,100%PES,117- 125cm,112-120cm,77- 86g/m2,"1,000m.",200,600,M,All_colors,,160,,,,header-parsed,CENTER PRICE THB,542,
1925,CENTER PRICE THB,255521,,Percy,100%PES,117- 125cm,112-120cm,77- 86g/m2,"1,000m.",601,2000,M,PFE/PFD,,110,,,,header-parsed,CENTER PRICE THB,543,
1926,CENTER PRICE THB,255521,,Percy,100%PES,117- 125cm,112-120cm,77- 86g/m2,"1,000m.",601,2000,M,All_colors,,140,,,,header-parsed,CENTER PRICE THB,543,
1927,CENTER PRICE THB,255521,,Percy,100%PES,117- 125cm,112-120cm,77- 86g/m2,"1,000m.",2001,5000,M,PFE/PFD,,100,,,,header-parsed,CENTER PRICE THB,544,
1928,CENTER PRICE THB,255521,,Percy,100%PES,117- 125cm,112-120cm,77- 86g/m2,"1,000m.",2001,5000,M,All_colors,,135,,,,header-parsed,CENTER PRICE THB,544,
1929,CENTER PRICE THB,255522,,Pround,100%PES,117- 125cm,112-120cm,71- 79 g/m2,"1,000m.",200,600,M,PFE/PFD,,125,,,,header-parsed,CENTER PRICE THB,546,
1930,CENTER PRICE THB,255522,,Pround,100%PES,117- 125cm,112-120cm,71- 79 g/m2,"1,000m.",200,600,M,All_colors,,160,,,,header-parsed,CENTER PRICE THB,546,
1931,CENTER PRICE THB,255522,,Pround,100%PES,117- 125cm,112-120cm,71- 79 g/m2,"1,000m.",601,2000,M,PFE/PFD,,110,,,,header-parsed,CENTER PRICE THB,547,
1932,CENTER PRICE THB,255522,,Pround,100%PES,117- 125cm,112-120cm,71- 79 g/m2,"1,000m.",601,2000,M,All_colors,,140,,,,header-parsed,CENTER PRICE THB,547,
1933,CENTER PRICE THB,255522,,Pround,100%PES,117- 125cm,112-120cm,71- 79 g/m2,"1,000m.",2001,5000,M,PFE/PFD,,100,,,,header-parsed,CENTER PRICE THB,548,
1934,CENTER PRICE THB,255522,,Pround,100%PES,117- 125cm,112-120cm,71- 79 g/m2,"1,000m.",2001,5000,M,All_colors,,135,,,,header-parsed,CENTER PRICE THB,548,
1935,CENTER PRICE THB,255523,,Please,100%PES,117- 125cm,112-120cm,64-71 g/m2,"1,000m.",200,600,M,PFE/PFD,,150,,,,header-parsed,CENTER PRICE THB,550,
1936,CENTER PRICE THB,255523,,Please,100%PES,117- 125cm,112-120cm,64-71 g/m2,"1,000m.",200,600,M,All_colors,,180,,,,header-parsed,CENTER PRICE THB,550,
1937,CENTER PRICE THB,255523,,Please,100%PES,117- 125cm,112-120cm,64-71 g/m2,"1,000m.",601,2000,M,PFE/PFD,,135,,,,header-parsed,CENTER PRICE THB,551,
1938,CENTER PRICE THB,255523,,Please,100%PES,117- 125cm,112-120cm,64-71 g/m2,"1,000m.",601,2000,M,All_colors,,160,,,,header-parsed,CENTER PRICE THB,551,
1939,CENTER PRICE THB,255523,,Please,100%PES,117- 125cm,112-120cm,64-71 g/m2,"1,000m.",2001,5000,M,PFE/PFD,,125,,,,header-parsed,CENTER PRICE THB,552,
1940,CENTER PRICE THB,255523,,Please,100%PES,117- 125cm,112-120cm,64-71 g/m2,"1,000m.",2001,5000,M,All_colors,,150,,,,header-parsed,CENTER PRICE THB,552,
1941,CENTER PRICE THB,255536,,SAPPHIRE,"80% PES, 20% ELASTANE",145 - 155 cm.,140 - 150 cm.,213 - 236 g/m2,"3,000m.",500,,M,PFE/PFD,,160,,,,header-parsed,CENTER PRICE THB,554,
1942,CENTER PRICE THB,255536,,SAPPHIRE,"80% PES, 20% ELASTANE",145 - 155 cm.,140 - 150 cm.,213 - 236 g/m2,"3,000m.",500,,M,All_colors,,215,,,,header-parsed,CENTER PRICE THB,554,
1943,CENTER PRICE THB,255536,,SAPPHIRE,"80% PES, 20% ELASTANE",145 - 155 cm.,140 - 150 cm.,213 - 236 g/m2,"3,000m.",1000,,M,PFE/PFD,,155,,,,header-parsed,CENTER PRICE THB,555,
1944,CENTER PRICE THB,255536,,SAPPHIRE,"80% PES, 20% ELASTANE",145 - 155 cm.,140 - 150 cm.,213 - 236 g/m2,"3,000m.",1000,,M,All_colors,,210,,,,header-parsed,CENTER PRICE THB,555,
1945,CENTER PRICE THB,255471,,EYELET MESH,"85% PA, 15% ELASTANE",158 - 168 cm.,153 - 163 cm.,187 - 207 g/m2,"3,000m.",500,,M,PFE/PFD,,155,,,,header-parsed,CENTER PRICE THB,557,
1946,CENTER PRICE THB,255471,,EYELET MESH,"85% PA, 15% ELASTANE",158 - 168 cm.,153 - 163 cm.,187 - 207 g/m2,"3,000m.",500,,M,All_colors,,210,,,,header-parsed,CENTER PRICE THB,557,
1947,CENTER PRICE THB,255471,,EYELET MESH,"85% PA, 15% ELASTANE",158 - 168 cm.,153 - 163 cm.,187 - 207 g/m2,"3,000m.",1000,,M,PFE/PFD,,148,,,,header-parsed,CENTER PRICE THB,558,
1948,CENTER PRICE THB,255471,,EYELET MESH,"85% PA, 15% ELASTANE",158 - 168 cm.,153 - 163 cm.,187 - 207 g/m2,"3,000m.",1000,,M,All_colors,,200,,,,header-parsed,CENTER PRICE THB,558,
1949,CENTER PRICE THB,255475,,MAGGIE,"57% PA, 43% ELASTANE",148 - 158 cm.,143- 153 cm.,295 - 325 g/m2,"3,000m.",500,,M,PFE/PFD,,300,,,,header-parsed,CENTER PRICE THB,560,
1950,CENTER PRICE THB,255475,,MAGGIE,"57% PA, 43% ELASTANE",148 - 158 cm.,143- 153 cm.,295 - 325 g/m2,"3,000m.",500,,M,All_colors,,400,,,,header-parsed,CENTER PRICE THB,560,
1951,CENTER PRICE THB,255475,,MAGGIE,"57% PA, 43% ELASTANE",148 - 158 cm.,143- 153 cm.,295 - 325 g/m2,"3,000m.",1000,,M,PFE/PFD,,290,,,,header-parsed,CENTER PRICE THB,561,
1952,CENTER PRICE THB,255475,,MAGGIE,"57% PA, 43% ELASTANE",148 - 158 cm.,143- 153 cm.,295 - 325 g/m2,"3,000m.",1000,,M,All_colors,,385,,,,header-parsed,CENTER PRICE THB,561,
1953,CENTER PRICE THB,255543,,MIAMI ( Melange powernet ),"90% PES CD, 10% ELASTANE",223 - 237 cm.,218 - 232 cm.,100 - 110 g/m2,"3,000m.",500,,M,PFE/PFD,,130,,,,header-parsed,CENTER PRICE THB,563,
1954,CENTER PRICE THB,255543,,MIAMI ( Melange powernet ),"90% PES CD, 10% ELASTANE",223 - 237 cm.,218 - 232 cm.,100 - 110 g/m2,"3,000m.",500,,M,All_colors,,165,,,,header-parsed,CENTER PRICE THB,563,
1955,CENTER PRICE THB,255543,,MIAMI ( Melange powernet ),"90% PES CD, 10% ELASTANE",223 - 237 cm.,218 - 232 cm.,100 - 110 g/m2,"3,000m.",1000,,M,PFE/PFD,,120,,,,header-parsed,CENTER PRICE THB,564,
1956,CENTER PRICE THB,255543,,MIAMI ( Melange powernet ),"90% PES CD, 10% ELASTANE",223 - 237 cm.,218 - 232 cm.,100 - 110 g/m2,"3,000m.",1000,,M,All_colors,,155,,,,header-parsed,CENTER PRICE THB,564,
1957,CENTER PRICE THB,255344,,PA ALPHA MONO,100% PA,145 - 155 cm.,140 - 150 cm.,22 - 27 g/m2,"3,000m.",200,600,M,PFE/PFD,,65,,,,header-parsed,CENTER PRICE THB,566,
1958,CENTER PRICE THB,255344,,PA ALPHA MONO,100% PA,145 - 155 cm.,140 - 150 cm.,22 - 27 g/m2,"3,000m.",200,600,M,All_colors,,85,,,,header-parsed,CENTER PRICE THB,566,
1959,CENTER PRICE THB,255344,,PA ALPHA MONO,100% PA,145 - 155 cm.,140 - 150 cm.,22 - 27 g/m2,"3,000m.",601,2000,M,PFE/PFD,,55,,,,header-parsed,CENTER PRICE THB,567,
1960,CENTER PRICE THB,255344,,PA ALPHA MONO,100% PA,145 - 155 cm.,140 - 150 cm.,22 - 27 g/m2,"3,000m.",601,2000,M,All_colors,,80,,,,header-parsed,CENTER PRICE THB,567,
1961,CENTER PRICE THB,255344,,PA ALPHA MONO,100% PA,145 - 155 cm.,140 - 150 cm.,22 - 27 g/m2,"3,000m.",2001,5000,M,PFE/PFD,,50,,,,header-parsed,CENTER PRICE THB,568,
1962,CENTER PRICE THB,255344,,PA ALPHA MONO,100% PA,145 - 155 cm.,140 - 150 cm.,22 - 27 g/m2,"3,000m.",2001,5000,M,All_colors,,70,,,,header-parsed,CENTER PRICE THB,568,
1963,CENTER PRICE THB,255539,,PES VOILE 150 cm.,100% PES,145 - 155 cm.,140 - 150 cm.,33 - 38 g/m2,"3,000m.",200,600,M,PFE/PFD,,55,,,,header-parsed,CENTER PRICE THB,570,
1964,CENTER PRICE THB,255539,,PES VOILE 150 cm.,100% PES,145 - 155 cm.,140 - 150 cm.,33 - 38 g/m2,"3,000m.",200,600,M,All_colors,,75,,,,header-parsed,CENTER PRICE THB,570,
1965,CENTER PRICE THB,255539,,PES VOILE 150 cm.,100% PES,145 - 155 cm.,140 - 150 cm.,33 - 38 g/m2,"3,000m.",601,2000,M,PFE/PFD,,50,,,,header-parsed,CENTER PRICE THB,571,
1966,CENTER PRICE THB,255539,,PES VOILE 150 cm.,100% PES,145 - 155 cm.,140 - 150 cm.,33 - 38 g/m2,"3,000m.",601,2000,M,All_colors,,70,,,,header-parsed,CENTER PRICE THB,571,
1967,CENTER PRICE THB,255539,,PES VOILE 150 cm.,100% PES,145 - 155 cm.,140 - 150 cm.,33 - 38 g/m2,"3,000m.",2001,5000,M,PFE/PFD,,45,,,,header-parsed,CENTER PRICE THB,572,
1968,CENTER PRICE THB,255539,,PES VOILE 150 cm.,100% PES,145 - 155 cm.,140 - 150 cm.,33 - 38 g/m2,"3,000m.",2001,5000,M,All_colors,,60,,,,header-parsed,CENTER PRICE THB,572,
1969,CENTER PRICE THB,255542,,PA TULLE LIVE,100% PA,150 - 155 cm.,145 - 150 cm.,38 - 43 g/m2,"3,000m.",200,600,M,PFE/PFD,,70,,,,header-parsed,CENTER PRICE THB,574,
1970,CENTER PRICE THB,255542,,PA TULLE LIVE,100% PA,150 - 155 cm.,145 - 150 cm.,38 - 43 g/m2,"3,000m.",200,600,M,All_colors,,90,,,,header-parsed,CENTER PRICE THB,574,
1971,CENTER PRICE THB,255542,,PA TULLE LIVE,100% PA,150 - 155 cm.,145 - 150 cm.,38 - 43 g/m2,"3,000m.",601,2000,M,PFE/PFD,,65,,,,header-parsed,CENTER PRICE THB,575,
1972,CENTER PRICE THB,255542,,PA TULLE LIVE,100% PA,150 - 155 cm.,145 - 150 cm.,38 - 43 g/m2,"3,000m.",601,2000,M,All_colors,,85,,,,header-parsed,CENTER PRICE THB,575,
1973,CENTER PRICE THB,255542,,PA TULLE LIVE,100% PA,150 - 155 cm.,145 - 150 cm.,38 - 43 g/m2,"3,000m.",2001,5000,M,PFE/PFD,,60,,,,header-parsed,CENTER PRICE THB,576,
1974,CENTER PRICE THB,255542,,PA TULLE LIVE,100% PA,150 - 155 cm.,145 - 150 cm.,38 - 43 g/m2,"3,000m.",2001,5000,M,All_colors,,70,,,,header-parsed,CENTER PRICE THB,576,
1975,CENTER PRICE THB,255493,,PROMISE,100%PES,200 -210 cm,195 - 205cm,170-190g/m2,"3,000m.",500,,M,PFE/PFD,,130,,,,header-parsed,CENTER PRICE THB,578,
1976,CENTER PRICE THB,255493,,PROMISE,100%PES,200 -210 cm,195 - 205cm,170-190g/m2,"3,000m.",500,,M,All_colors,,170,,,,header-parsed,CENTER PRICE THB,578,
1977,CENTER PRICE THB,255493,,PROMISE,100%PES,200 -210 cm,195 - 205cm,170-190g/m2,"3,000m.",1000,,M,PFE/PFD,,120,,,,header-parsed,CENTER PRICE THB,579,
1978,CENTER PRICE THB,255493,,PROMISE,100%PES,200 -210 cm,195 - 205cm,170-190g/m2,"3,000m.",1000,,M,All_colors,,150,,,,header-parsed,CENTER PRICE THB,579,
1979,CENTER PRICE THB,255496,,SYDNET,"79%PA, 21% ELASTANE",145 - 155cm,140 - 150 cm,195 - 215 g/m2,"3,000m.",500,,M,PFE/PFD,,185,,,,header-parsed,CENTER PRICE THB,581,
1980,CENTER PRICE THB,255496,,SYDNET,"79%PA, 21% ELASTANE",145 - 155cm,140 - 150 cm,195 - 215 g/m2,"3,000m.",500,,M,All_colors,,225,,,,header-parsed,CENTER PRICE THB,581,
1981,CENTER PRICE THB,255496,,SYDNET,"79%PA, 21% ELASTANE",145 - 155cm,140 - 150 cm,195 - 215 g/m2,"3,000m.",1000,,M,PFE/PFD,,170,,,,header-parsed,CENTER PRICE THB,582,
1982,CENTER PRICE THB,255496,,SYDNET,"79%PA, 21% ELASTANE",145 - 155cm,140 - 150 cm,195 - 215 g/m2,"3,000m.",1000,,M,All_colors,,210,,,,header-parsed,CENTER PRICE THB,582,
1983,CENTER PRICE THB,255544,,PES TULLE OUTER,100%PES,145 - 155cm,140 - 150 cm,50 - 55 g/m2,"5,000m.",1000,,M,PFE/PFD,,35,,,,header-parsed,CENTER PRICE THB,584,
1984,CENTER PRICE THB,255544,,PES TULLE OUTER,100%PES,145 - 155cm,140 - 150 cm,50 - 55 g/m2,"5,000m.",1000,,M,All_colors,,45,,,,header-parsed,CENTER PRICE THB,584,
1985,CENTER PRICE THB,255544,,PES TULLE OUTER,100%PES,145 - 155cm,140 - 150 cm,50 - 55 g/m2,"5,000m.",2000,,M,PFE/PFD,,30,,,,header-parsed,CENTER PRICE THB,585,
1986,CENTER PRICE THB,255544,,PES TULLE OUTER,100%PES,145 - 155cm,140 - 150 cm,50 - 55 g/m2,"5,000m.",2000,,M,All_colors,,40,,,,header-parsed,CENTER PRICE THB,585,
1987,CENTER PRICE THB,255544,,PES TULLE OUTER,100%PES,145 - 155cm,140 - 150 cm,50 - 55 g/m2,"5,000m.",5000,,M,PFE/PFD,,25,,,,header-parsed,CENTER PRICE THB,586,
1988,CENTER PRICE THB,255544,,PES TULLE OUTER,100%PES,145 - 155cm,140 - 150 cm,50 - 55 g/m2,"5,000m.",5000,,M,All_colors,,35,,,,header-parsed,CENTER PRICE THB,586,
1989,CENTER PRICE THB,255557,,PES OUTER MELANGE,100%PES,163 - 173cm,158 - 168cm,57 - 63 g/m2,"5,000m.",1000,,M,PFE/PFD,,61.8,,,,header-parsed,CENTER PRICE THB,588,
1990,CENTER PRICE THB,255557,,PES OUTER MELANGE,100%PES,163 - 173cm,158 - 168cm,57 - 63 g/m2,"5,000m.",1000,,M,All_colors,,75,,,,header-parsed,CENTER PRICE THB,588,
1991,CENTER PRICE THB,255557,,PES OUTER MELANGE,100%PES,163 - 173cm,158 - 168cm,57 - 63 g/m2,"5,000m.",2000,,M,PFE/PFD,,60.3,,,,header-parsed,CENTER PRICE THB,589,
1992,CENTER PRICE THB,255557,,PES OUTER MELANGE,100%PES,163 - 173cm,158 - 168cm,57 - 63 g/m2,"5,000m.",2000,,M,All_colors,,67.5,,,,header-parsed,CENTER PRICE THB,589,
1993,CENTER PRICE THB,255557,,PES OUTER MELANGE,100%PES,163 - 173cm,158 - 168cm,57 - 63 g/m2,"5,000m.",5000,,M,PFE/PFD,,58.8,,,,header-parsed,CENTER PRICE THB,590,
1994,CENTER PRICE THB,255557,,PES OUTER MELANGE,100%PES,163 - 173cm,158 - 168cm,57 - 63 g/m2,"5,000m.",5000,,M,All_colors,,65.4,,,,header-parsed,CENTER PRICE THB,590,
1995,CENTER PRICE THB,255560,,PES TULLE CHOICE,100%PES,160 - 170cm,165 - 175cm,25 - 30g/m2,"5,000m.",600,,M,PFE/PFD,,35,,,,header-parsed,CENTER PRICE THB,592,
1996,CENTER PRICE THB,255560,,PES TULLE CHOICE,100%PES,160 - 170cm,165 - 175cm,25 - 30g/m2,"5,000m.",600,,M,All_colors,,45,,,,header-parsed,CENTER PRICE THB,592,
1997,CENTER PRICE THB,255560,,PES TULLE CHOICE,100%PES,160 - 170cm,165 - 175cm,25 - 30g/m2,"5,000m.",1000,,M,PFE/PFD,,30,,,,header-parsed,CENTER PRICE THB,593,
1998,CENTER PRICE THB,255560,,PES TULLE CHOICE,100%PES,160 - 170cm,165 - 175cm,25 - 30g/m2,"5,000m.",1000,,M,All_colors,,40,,,,header-parsed,CENTER PRICE THB,593,
1999,CENTER PRICE THB,255560,,PES TULLE CHOICE,100%PES,160 - 170cm,165 - 175cm,25 - 30g/m2,"5,000m.",5000,,M,PFE/PFD,,28,,,,header-parsed,CENTER PRICE THB,594,
2000,CENTER PRICE THB,255560,,PES TULLE CHOICE,100%PES,160 - 170cm,165 - 175cm,25 - 30g/m2,"5,000m.",5000,,M,All_colors,,38,,,,header-parsed,CENTER PRICE THB,594,
2001,CENTER PRICE THB,255566,,SONATA,"82%PA, 18%ELASTANE",185- 195cm,180 - 190cm,105 - 115g/m2,"3,000m.",500,,M,PFE/PFD,,145,,,,header-parsed,CENTER PRICE THB,596,
2002,CENTER PRICE THB,255566,,SONATA,"82%PA, 18%ELASTANE",185- 195cm,180 - 190cm,105 - 115g/m2,"3,000m.",500,,M,All_colors,,155,,,,header-parsed,CENTER PRICE THB,596,
2003,CENTER PRICE THB,255566,,SONATA,"82%PA, 18%ELASTANE",185- 195cm,180 - 190cm,105 - 115g/m2,"3,000m.",1000,,M,PFE/PFD,,125,,,,header-parsed,CENTER PRICE THB,597,
2004,CENTER PRICE THB,255566,,SONATA,"82%PA, 18%ELASTANE",185- 195cm,180 - 190cm,105 - 115g/m2,"3,000m.",1000,,M,All_colors,,135,,,,header-parsed,CENTER PRICE THB,597,
2005,CENTER PRICE THB,255567,,SPICY-BA,"89%PA, 11%ELASTANE",190- 200cm,185- 195cm,61 - 69g/m2,"3,000m.",500,,M,PFE/PFD,,105,,,,header-parsed,CENTER PRICE THB,599,
2006,CENTER PRICE THB,255567,,SPICY-BA,"89%PA, 11%ELASTANE",190- 200cm,185- 195cm,61 - 69g/m2,"3,000m.",500,,M,All_colors,,115,,,,header-parsed,CENTER PRICE THB,599,
2007,CENTER PRICE THB,255567,,SPICY-BA,"89%PA, 11%ELASTANE",190- 200cm,185- 195cm,61 - 69g/m2,"3,000m.",1000,,M,PFE/PFD,,95,,,,header-parsed,CENTER PRICE THB,600,
2008,CENTER PRICE THB,255567,,SPICY-BA,"89%PA, 11%ELASTANE",190- 200cm,185- 195cm,61 - 69g/m2,"3,000m.",1000,,M,All_colors,,105,,,,header-parsed,CENTER PRICE THB,600,
2009,CENTER PRICE THB,255569,,Doom,"80%PA, 20%ELASTANE",195- 205cm,190- 200cm,57 - 63g/m2,"3,000m.",500,,M,PFE/PFD,,90,,,,header-parsed,CENTER PRICE THB,602,
2010,CENTER PRICE THB,255569,,Doom,"80%PA, 20%ELASTANE",195- 205cm,190- 200cm,57 - 63g/m2,"3,000m.",500,,M,All_colors,,100,,,,header-parsed,CENTER PRICE THB,602,
2011,CENTER PRICE THB,255569,,Doom,"80%PA, 20%ELASTANE",195- 205cm,190- 200cm,57 - 63g/m2,"3,000m.",1000,,M,PFE/PFD,,85,,,,header-parsed,CENTER PRICE THB,603,
2012,CENTER PRICE THB,255569,,Doom,"80%PA, 20%ELASTANE",195- 205cm,190- 200cm,57 - 63g/m2,"3,000m.",1000,,M,All_colors,,95,,,,header-parsed,CENTER PRICE THB,603,
2013,CENTER PRICE THB,255570,,Cetus,"80%PA, 20%ELASTANE",215- 225cm,210- 220cm,175 - 195g/m2,"3,000m.",500,,M,PFE/PFD,,240,,,,header-parsed,CENTER PRICE THB,605,
2014,CENTER PRICE THB,255570,,Cetus,"80%PA, 20%ELASTANE",215- 225cm,210- 220cm,175 - 195g/m2,"3,000m.",500,,M,All_colors,,250,,,,header-parsed,CENTER PRICE THB,605,
2015,CENTER PRICE THB,255570,,Cetus,"80%PA, 20%ELASTANE",215- 225cm,210- 220cm,175 - 195g/m2,"3,000m.",1000,,M,PFE/PFD,,220,,,,header-parsed,CENTER PRICE THB,606,
2016,CENTER PRICE THB,255570,,Cetus,"80%PA, 20%ELASTANE",215- 225cm,210- 220cm,175 - 195g/m2,"3,000m.",1000,,M,All_colors,,230,,,,header-parsed,CENTER PRICE THB,606,
2017,CENTER PRICE THB,255571,,Cabonara,"78%PES, 22%ELASTANE",145-155 cm,140- 150cm,61 - 69 g/m2,"3,000m.",500,,M,PFE/PFD,,70,,,,header-parsed,CENTER PRICE THB,608,
2018,CENTER PRICE THB,255571,,Cabonara,"78%PES, 22%ELASTANE",145-155 cm,140- 150cm,61 - 69 g/m2,"3,000m.",500,,M,All_colors,,80,,,,header-parsed,CENTER PRICE THB,608,
2019,CENTER PRICE THB,255571,,Cabonara,"78%PES, 22%ELASTANE",145-155 cm,140- 150cm,61 - 69 g/m2,"3,000m.",1000,,M,PFE/PFD,,60,,,,header-parsed,CENTER PRICE THB,609,
2020,CENTER PRICE THB,255571,,Cabonara,"78%PES, 22%ELASTANE",145-155 cm,140- 150cm,61 - 69 g/m2,"3,000m.",1000,,M,All_colors,,70,,,,header-parsed,CENTER PRICE THB,609,
2021,CENTER PRICE THB,255572,,Light Away,"80%PA, 20%ELASTANE",195- 205cm,190- 200cm,57 - 63g/m2,"3,000m.",500,,M,PFE/PFD,,95,,,,header-parsed,CENTER PRICE THB,611,
2022,CENTER PRICE THB,255572,,Light Away,"80%PA, 20%ELASTANE",195- 205cm,190- 200cm,57 - 63g/m2,"3,000m.",500,,M,All_colors,,105,,,,header-parsed,CENTER PRICE THB,611,
2023,CENTER PRICE THB,255572,,Light Away,"80%PA, 20%ELASTANE",195- 205cm,190- 200cm,57 - 63g/m2,"3,000m.",1000,,M,PFE/PFD,,90,,,,header-parsed,CENTER PRICE THB,612,
2024,CENTER PRICE THB,255572,,Light Away,"80%PA, 20%ELASTANE",195- 205cm,190- 200cm,57 - 63g/m2,"3,000m.",1000,,M,All_colors,,100,,,,header-parsed,CENTER PRICE THB,612,
2025,CENTER PRICE THB,255595,,TECHNICAL MESH,100%PES,145-155cm,140-150cm,80 - 90/m2,"3,000m.",500,,M,PFE/PFD,,45,,,,header-parsed,CENTER PRICE THB,614,
2026,CENTER PRICE THB,255595,,TECHNICAL MESH,100%PES,145-155cm,140-150cm,80 - 90/m2,"3,000m.",500,,M,All_colors,,55,,,,header-parsed,CENTER PRICE THB,614,
2027,CENTER PRICE THB,255595,,TECHNICAL MESH,100%PES,145-155cm,140-150cm,80 - 90/m2,"3,000m.",1000,,M,PFE/PFD,,40,,,,header-parsed,CENTER PRICE THB,615,
2028,CENTER PRICE THB,255595,,TECHNICAL MESH,100%PES,145-155cm,140-150cm,80 - 90/m2,"3,000m.",1000,,M,All_colors,,50,,,,header-parsed,CENTER PRICE THB,615,
2029,CENTER PRICE THB,255596,,Kenny,"85% PA, 15% ELASTANE",155-165cm,150-160cm,114- 126g/m2,"3,000m.",500,,M,PFE/PFD,,110,,,,header-parsed,CENTER PRICE THB,617,
2030,CENTER PRICE THB,255596,,Kenny,"85% PA, 15% ELASTANE",155-165cm,150-160cm,114- 126g/m2,"3,000m.",500,,M,All_colors,,130,,,,header-parsed,CENTER PRICE THB,617,
2031,CENTER PRICE THB,255596,,Kenny,"85% PA, 15% ELASTANE",155-165cm,150-160cm,114- 126g/m2,"3,000m.",1000,,M,PFE/PFD,,100,,,,header-parsed,CENTER PRICE THB,618,
2032,CENTER PRICE THB,255596,,Kenny,"85% PA, 15% ELASTANE",155-165cm,150-160cm,114- 126g/m2,"3,000m.",1000,,M,All_colors,,120,,,,header-parsed,CENTER PRICE THB,618,
2033,CENTER PRICE THB,255597,,Fine,"75% PA, 25% ELASTANE",170 - 180cm,165- 175 cm,137- 152g/m2,"3,000m.",500,,M,PFE/PFD,,140,,,,header-parsed,CENTER PRICE THB,620,
2034,CENTER PRICE THB,255597,,Fine,"75% PA, 25% ELASTANE",170 - 180cm,165- 175 cm,137- 152g/m2,"3,000m.",500,,M,All_colors,,160,,,,header-parsed,CENTER PRICE THB,620,
2035,CENTER PRICE THB,255597,,Fine,"75% PA, 25% ELASTANE",170 - 180cm,165- 175 cm,137- 152g/m2,"3,000m.",1000,,M,PFE/PFD,,120,,,,header-parsed,CENTER PRICE THB,621,
2036,CENTER PRICE THB,255597,,Fine,"75% PA, 25% ELASTANE",170 - 180cm,165- 175 cm,137- 152g/m2,"3,000m.",1000,,M,All_colors,,140,,,,header-parsed,CENTER PRICE THB,621,
2037,CENTER PRICE THB,255418,,Imagine,"69% PA, 31% ELASTANE",158 168 g/m2,153 -163cm,90 - 100g/m2,"3,000m.",500,,M,PFE/PFD,,155,,,,header-parsed,CENTER PRICE THB,623,
2038,CENTER PRICE THB,255418,,Imagine,"69% PA, 31% ELASTANE",158 168 g/m2,153 -163cm,90 - 100g/m2,"3,000m.",500,,M,All_colors,,175,,,,header-parsed,CENTER PRICE THB,623,
2039,CENTER PRICE THB,255418,,Imagine,"69% PA, 31% ELASTANE",158 168 g/m2,153 -163cm,90 - 100g/m2,"3,000m.",1000,,M,PFE/PFD,,145,,,,header-parsed,CENTER PRICE THB,624,
2040,CENTER PRICE THB,255418,,Imagine,"69% PA, 31% ELASTANE",158 168 g/m2,153 -163cm,90 - 100g/m2,"3,000m.",1000,,M,All_colors,,165,,,,header-parsed,CENTER PRICE THB,624,
2041,CENTER PRICE THB,255600,,Joanne,"73% PA, 27% ELASTANE",160-170cm,155-165cm,190 - 210g/m2,"3,000m.",500,,M,PFE/PFD,,215,,,,header-parsed,CENTER PRICE THB,626,
2042,CENTER PRICE THB,255600,,Joanne,"73% PA, 27% ELASTANE",160-170cm,155-165cm,190 - 210g/m2,"3,000m.",500,,M,All_colors,,235,,,,header-parsed,CENTER PRICE THB,626,
2043,CENTER PRICE THB,255600,,Joanne,"73% PA, 27% ELASTANE",160-170cm,155-165cm,190 - 210g/m2,"3,000m.",1000,,M,PFE/PFD,,205,,,,header-parsed,CENTER PRICE THB,627,
2044,CENTER PRICE THB,255600,,Joanne,"73% PA, 27% ELASTANE",160-170cm,155-165cm,190 - 210g/m2,"3,000m.",1000,,M,All_colors,,225,,,,header-parsed,CENTER PRICE THB,627,
2045,CENTER PRICE THB,256530,,PA VOILE TRILOBAL,100% PA,153 - 158 cm.,148 - 153 cm.,38 - 43 g/m2,"3,000m.",200,600,M,PFE/PFD,,65,,,,header-parsed,CENTER PRICE THB,633,
2046,CENTER PRICE THB,256530,,PA VOILE TRILOBAL,100% PA,153 - 158 cm.,148 - 153 cm.,38 - 43 g/m2,"3,000m.",200,600,M,All_colors,,85,,,,header-parsed,CENTER PRICE THB,633,
2047,CENTER PRICE THB,256530,,PA VOILE TRILOBAL,100% PA,153 - 158 cm.,148 - 153 cm.,38 - 43 g/m2,"3,000m.",601,2000,M,PFE/PFD,,60,,,,header-parsed,CENTER PRICE THB,634,
2048,CENTER PRICE THB,256530,,PA VOILE TRILOBAL,100% PA,153 - 158 cm.,148 - 153 cm.,38 - 43 g/m2,"3,000m.",601,2000,M,All_colors,,75,,,,header-parsed,CENTER PRICE THB,634,
2049,CENTER PRICE THB,256530,,PA VOILE TRILOBAL,100% PA,153 - 158 cm.,148 - 153 cm.,38 - 43 g/m2,"3,000m.",2001,5000,M,PFE/PFD,,55,,,,header-parsed,CENTER PRICE THB,635,
2050,CENTER PRICE THB,256530,,PA VOILE TRILOBAL,100% PA,153 - 158 cm.,148 - 153 cm.,38 - 43 g/m2,"3,000m.",2001,5000,M,All_colors,,65,,,,header-parsed,CENTER PRICE THB,635,
2051,CENTER PRICE THB,256575,,PES VOILE LIGHT,100% PES,170 - 175 cm.,165 - 170 cm.,23 - 28 g/m2,"3,000m.",200,600,M,PFE/PFD,,50,,,,header-parsed,CENTER PRICE THB,637,
2052,CENTER PRICE THB,256575,,PES VOILE LIGHT,100% PES,170 - 175 cm.,165 - 170 cm.,23 - 28 g/m2,"3,000m.",200,600,M,All_colors,,65,,,,header-parsed,CENTER PRICE THB,637,
2053,CENTER PRICE THB,256575,,PES VOILE LIGHT,100% PES,170 - 175 cm.,165 - 170 cm.,23 - 28 g/m2,"3,000m.",601,2000,M,PFE/PFD,,45,,,,header-parsed,CENTER PRICE THB,638,
2054,CENTER PRICE THB,256575,,PES VOILE LIGHT,100% PES,170 - 175 cm.,165 - 170 cm.,23 - 28 g/m2,"3,000m.",601,2000,M,All_colors,,55,,,,header-parsed,CENTER PRICE THB,638,
2055,CENTER PRICE THB,256575,,PES VOILE LIGHT,100% PES,170 - 175 cm.,165 - 170 cm.,23 - 28 g/m2,"3,000m.",2001,5000,M,PFE/PFD,,40,,,,header-parsed,CENTER PRICE THB,639,
2056,CENTER PRICE THB,256575,,PES VOILE LIGHT,100% PES,170 - 175 cm.,165 - 170 cm.,23 - 28 g/m2,"3,000m.",2001,5000,M,All_colors,,50,,,,header-parsed,CENTER PRICE THB,639,
2057,CENTER PRICE THB,256634,,PA VOILE MATT,100% PA,158 - 163 cm.,153 - 158 cm.,35 - 40 g/m2,"3,000m.",200,600,M,PFE/PFD,,70,,,,header-parsed,CENTER PRICE THB,641,
2058,CENTER PRICE THB,256634,,PA VOILE MATT,100% PA,158 - 163 cm.,153 - 158 cm.,35 - 40 g/m2,"3,000m.",200,600,M,All_colors,,90,,,,header-parsed,CENTER PRICE THB,641,
2059,CENTER PRICE THB,256634,,PA VOILE MATT,100% PA,158 - 163 cm.,153 - 158 cm.,35 - 40 g/m2,"3,000m.",601,2000,M,PFE/PFD,,60,,,,header-parsed,CENTER PRICE THB,642,
2060,CENTER PRICE THB,256634,,PA VOILE MATT,100% PA,158 - 163 cm.,153 - 158 cm.,35 - 40 g/m2,"3,000m.",601,2000,M,All_colors,,75,,,,header-parsed,CENTER PRICE THB,642,
2061,CENTER PRICE THB,256634,,PA VOILE MATT,100% PA,158 - 163 cm.,153 - 158 cm.,35 - 40 g/m2,"3,000m.",2001,5000,M,PFE/PFD,,57,,,,header-parsed,CENTER PRICE THB,643,
2062,CENTER PRICE THB,256634,,PA VOILE MATT,100% PA,158 - 163 cm.,153 - 158 cm.,35 - 40 g/m2,"3,000m.",2001,5000,M,All_colors,,70,,,,header-parsed,CENTER PRICE THB,643,
2063,CENTER PRICE THB,255554,,PA INVISIBLE ELASTIC,"77% PA, 23% ELASTANE",150 - 160 cm.,145 - 155 cm.,24 - 28 g/m2,"3,000m",200,600,M,PFE/PFD,,61,,,,header-parsed,CENTER PRICE THB,645,
2064,CENTER PRICE THB,255554,,PA INVISIBLE ELASTIC,"77% PA, 23% ELASTANE",150 - 160 cm.,145 - 155 cm.,24 - 28 g/m2,"3,000m",200,600,M,All_colors,,83,,,,header-parsed,CENTER PRICE THB,645,
2065,CENTER PRICE THB,255554,,PA INVISIBLE ELASTIC,"77% PA, 23% ELASTANE",150 - 160 cm.,145 - 155 cm.,24 - 28 g/m2,"3,000m",601,2000,M,PFE/PFD,,54,,,,header-parsed,CENTER PRICE THB,646,
2066,CENTER PRICE THB,255554,,PA INVISIBLE ELASTIC,"77% PA, 23% ELASTANE",150 - 160 cm.,145 - 155 cm.,24 - 28 g/m2,"3,000m",601,2000,M,All_colors,,72,,,,header-parsed,CENTER PRICE THB,646,
2067,CENTER PRICE THB,255554,,PA INVISIBLE ELASTIC,"77% PA, 23% ELASTANE",150 - 160 cm.,145 - 155 cm.,24 - 28 g/m2,"3,000m",2001,5000,M,PFE/PFD,,50,,,,header-parsed,CENTER PRICE THB,647,
2068,CENTER PRICE THB,255554,,PA INVISIBLE ELASTIC,"77% PA, 23% ELASTANE",150 - 160 cm.,145 - 155 cm.,24 - 28 g/m2,"3,000m",2001,5000,M,All_colors,,67,,,,header-parsed,CENTER PRICE THB,647,
2069,CENTER PRICE THB,255612,,MOLDABLE TULLE,100% PES,130 - 140 cm.,125 - 135 cm.,45 - 50 g/m2,"3,000m",200,600,M,All_colors,,77,,,,header-parsed,CENTER PRICE THB,649,
2070,CENTER PRICE THB,255612,,MOLDABLE TULLE,100% PES,130 - 140 cm.,125 - 135 cm.,45 - 50 g/m2,"3,000m",601,2000,M,All_colors,,69,,,,header-parsed,CENTER PRICE THB,650,
2071,CENTER PRICE THB,255612,,MOLDABLE TULLE,100% PES,130 - 140 cm.,125 - 135 cm.,45 - 50 g/m2,"3,000m",2001,5000,M,All_colors,,59,,,,header-parsed,CENTER PRICE THB,651,
2072,CENTER PRICE THB,255602,,Elastic tulle Wider (254804),"86% PA, 14% Elastane",155 - 160 cm.,150 - 155 cm.,45 - 50 g/m2,"3,000m",200,600,M,PFE/PFD,,82,,,,header-parsed,CENTER PRICE THB,653,
2073,CENTER PRICE THB,255602,,Elastic tulle Wider (254804),"86% PA, 14% Elastane",155 - 160 cm.,150 - 155 cm.,45 - 50 g/m2,"3,000m",200,600,M,All_colors,,102,,,,header-parsed,CENTER PRICE THB,653,
2074,CENTER PRICE THB,255602,,Elastic tulle Wider (254804),"86% PA, 14% Elastane",155 - 160 cm.,150 - 155 cm.,45 - 50 g/m2,"3,000m",601,2000,M,PFE/PFD,,70,,,,header-parsed,CENTER PRICE THB,654,
2075,CENTER PRICE THB,255602,,Elastic tulle Wider (254804),"86% PA, 14% Elastane",155 - 160 cm.,150 - 155 cm.,45 - 50 g/m2,"3,000m",601,2000,M,All_colors,,90,,,,header-parsed,CENTER PRICE THB,654,
2076,CENTER PRICE THB,255602,,Elastic tulle Wider (254804),"86% PA, 14% Elastane",155 - 160 cm.,150 - 155 cm.,45 - 50 g/m2,"3,000m",2001,5000,M,PFE/PFD,,62,,,,header-parsed,CENTER PRICE THB,655,
2077,CENTER PRICE THB,255602,,Elastic tulle Wider (254804),"86% PA, 14% Elastane",155 - 160 cm.,150 - 155 cm.,45 - 50 g/m2,"3,000m",2001,5000,M,All_colors,,83,,,,header-parsed,CENTER PRICE THB,655,
2078,CENTER PRICE THB,255603,,Elastic Tulle Pascal Wider(254824),"70% PA, 30% Elastane",155 - 160 cm.,150 - 155 cm.,50 - 55 g/m2,"3,000m",200,600,M,PFE/PFD,,88,,,,header-parsed,CENTER PRICE THB,657,
2079,CENTER PRICE THB,255603,,Elastic Tulle Pascal Wider(254824),"70% PA, 30% Elastane",155 - 160 cm.,150 - 155 cm.,50 - 55 g/m2,"3,000m",200,600,M,All_colors,,109,,,,header-parsed,CENTER PRICE THB,657,
2080,CENTER PRICE THB,255603,,Elastic Tulle Pascal Wider(254824),"70% PA, 30% Elastane",155 - 160 cm.,150 - 155 cm.,50 - 55 g/m2,"3,000m",601,2000,M,PFE/PFD,,77,,,,header-parsed,CENTER PRICE THB,658,
2081,CENTER PRICE THB,255603,,Elastic Tulle Pascal Wider(254824),"70% PA, 30% Elastane",155 - 160 cm.,150 - 155 cm.,50 - 55 g/m2,"3,000m",601,2000,M,All_colors,,98,,,,header-parsed,CENTER PRICE THB,658,
2082,CENTER PRICE THB,255603,,Elastic Tulle Pascal Wider(254824),"70% PA, 30% Elastane",155 - 160 cm.,150 - 155 cm.,50 - 55 g/m2,"3,000m",2001,5000,M,PFE/PFD,,70,,,,header-parsed,CENTER PRICE THB,659,
2083,CENTER PRICE THB,255603,,Elastic Tulle Pascal Wider(254824),"70% PA, 30% Elastane",155 - 160 cm.,150 - 155 cm.,50 - 55 g/m2,"3,000m",2001,5000,M,All_colors,,90,,,,header-parsed,CENTER PRICE THB,659,
2084,CENTER PRICE THB,255628,,ASTER,"73% PES, 27% ELASTANE",158 - 168 cm.,153 - 163 cm.,164 - 182 g/m2,"3,000m",200,600,M,PFE/PFD,,155,,,,header-parsed,CENTER PRICE THB,661,
2085,CENTER PRICE THB,255628,,ASTER,"73% PES, 27% ELASTANE",158 - 168 cm.,153 - 163 cm.,164 - 182 g/m2,"3,000m",200,600,M,All_colors,,200,,,,header-parsed,CENTER PRICE THB,661,
2086,CENTER PRICE THB,255628,,ASTER,"73% PES, 27% ELASTANE",158 - 168 cm.,153 - 163 cm.,164 - 182 g/m2,"3,000m",601,2000,M,PFE/PFD,,136,,,,header-parsed,CENTER PRICE THB,662,
2087,CENTER PRICE THB,255628,,ASTER,"73% PES, 27% ELASTANE",158 - 168 cm.,153 - 163 cm.,164 - 182 g/m2,"3,000m",601,2000,M,All_colors,,173,,,,header-parsed,CENTER PRICE THB,662,
2088,CENTER PRICE THB,255628,,ASTER,"73% PES, 27% ELASTANE",158 - 168 cm.,153 - 163 cm.,164 - 182 g/m2,"3,000m",2001,5000,M,PFE/PFD,,125,,,,header-parsed,CENTER PRICE THB,663,
2089,CENTER PRICE THB,255628,,ASTER,"73% PES, 27% ELASTANE",158 - 168 cm.,153 - 163 cm.,164 - 182 g/m2,"3,000m",2001,5000,M,All_colors,,165,,,,header-parsed,CENTER PRICE THB,663,
2090,CENTER PRICE THB,255644,,DAHLIA,"96% PA, 4% ELASTANE",163 - 173 cm.,158 - 168 cm.,66 - 74 g/m2,"2,000m",500,,M,PFE/PFD,,90,,,,header-parsed,CENTER PRICE THB,665,
2091,CENTER PRICE THB,255644,,DAHLIA,"96% PA, 4% ELASTANE",163 - 173 cm.,158 - 168 cm.,66 - 74 g/m2,"2,000m",500,,M,All_colors,,115,,,,header-parsed,CENTER PRICE THB,665,
2092,CENTER PRICE THB,255545AA,,ROSEMARY,"70% PA, 30% ELASTANE",142 - 152 cm.,137 - 147 cm.,190 - 210 g/m2,"3,000m",200,600,M,PFE/PFD,,229,,,,header-parsed,CENTER PRICE THB,669,
2093,CENTER PRICE THB,255545AA,,ROSEMARY,"70% PA, 30% ELASTANE",142 - 152 cm.,137 - 147 cm.,190 - 210 g/m2,"3,000m",200,600,M,All_colors,,261,,,,header-parsed,CENTER PRICE THB,669,
2094,CENTER PRICE THB,255545AA,,ROSEMARY,"70% PA, 30% ELASTANE",142 - 152 cm.,137 - 147 cm.,190 - 210 g/m2,"3,000m",601,2000,M,PFE/PFD,,216,,,,header-parsed,CENTER PRICE THB,670,
2095,CENTER PRICE THB,255545AA,,ROSEMARY,"70% PA, 30% ELASTANE",142 - 152 cm.,137 - 147 cm.,190 - 210 g/m2,"3,000m",601,2000,M,All_colors,,248,,,,header-parsed,CENTER PRICE THB,670,
2096,CENTER PRICE THB,255545AA,,ROSEMARY,"70% PA, 30% ELASTANE",142 - 152 cm.,137 - 147 cm.,190 - 210 g/m2,"3,000m",2001,5000,M,PFE/PFD,,213,,,,header-parsed,CENTER PRICE THB,671,
2097,CENTER PRICE THB,255545AA,,ROSEMARY,"70% PA, 30% ELASTANE",142 - 152 cm.,137 - 147 cm.,190 - 210 g/m2,"3,000m",2001,5000,M,All_colors,,245,,,,header-parsed,CENTER PRICE THB,671,
2098,CENTER PRICE THB,255545BA,,BEGONIA,"70% PA, 30% ELASTANE",140 - 150 cm.,135 - 145 cm.,210 - 230 g/m2,"3,000m",200,600,M,PFE/PFD,,229,,,,header-parsed,CENTER PRICE THB,673,
2099,CENTER PRICE THB,255545BA,,BEGONIA,"70% PA, 30% ELASTANE",140 - 150 cm.,135 - 145 cm.,210 - 230 g/m2,"3,000m",200,600,M,All_colors,,261,,,,header-parsed,CENTER PRICE THB,673,
2100,CENTER PRICE THB,255545BA,,BEGONIA,"70% PA, 30% ELASTANE",140 - 150 cm.,135 - 145 cm.,210 - 230 g/m2,"3,000m",601,2000,M,PFE/PFD,,216,,,,header-parsed,CENTER PRICE THB,674,
2101,CENTER PRICE THB,255545BA,,BEGONIA,"70% PA, 30% ELASTANE",140 - 150 cm.,135 - 145 cm.,210 - 230 g/m2,"3,000m",601,2000,M,All_colors,,248,,,,header-parsed,CENTER PRICE THB,674,
2102,CENTER PRICE THB,255545BA,,BEGONIA,"70% PA, 30% ELASTANE",140 - 150 cm.,135 - 145 cm.,210 - 230 g/m2,"3,000m",2001,5000,M,PFE/PFD,,213,,,,header-parsed,CENTER PRICE THB,675,
2103,CENTER PRICE THB,255545BA,,BEGONIA,"70% PA, 30% ELASTANE",140 - 150 cm.,135 - 145 cm.,210 - 230 g/m2,"3,000m",2001,5000,M,All_colors,,245,,,,header-parsed,CENTER PRICE THB,675,
2104,CENTER PRICE THB,255635,,ACACIA,"67% PA, 33% ELASTANE",150 - 160 cm.,145 - 155 cm.,210 - 230 g/m2,"3,000m",200,600,M,PFE/PFD,,238,,,,header-parsed,CENTER PRICE THB,677,
2105,CENTER PRICE THB,255635,,ACACIA,"67% PA, 33% ELASTANE",150 - 160 cm.,145 - 155 cm.,210 - 230 g/m2,"3,000m",200,600,M,All_colors,,270,,,,header-parsed,CENTER PRICE THB,677,
2106,CENTER PRICE THB,255635,,ACACIA,"67% PA, 33% ELASTANE",150 - 160 cm.,145 - 155 cm.,210 - 230 g/m2,"3,000m",601,2000,M,PFE/PFD,,226,,,,header-parsed,CENTER PRICE THB,678,
2107,CENTER PRICE THB,255635,,ACACIA,"67% PA, 33% ELASTANE",150 - 160 cm.,145 - 155 cm.,210 - 230 g/m2,"3,000m",601,2000,M,All_colors,,258,,,,header-parsed,CENTER PRICE THB,678,
2108,CENTER PRICE THB,255635,,ACACIA,"67% PA, 33% ELASTANE",150 - 160 cm.,145 - 155 cm.,210 - 230 g/m2,"3,000m",2001,5000,M,PFE/PFD,,222,,,,header-parsed,CENTER PRICE THB,679,
2109,CENTER PRICE THB,255635,,ACACIA,"67% PA, 33% ELASTANE",150 - 160 cm.,145 - 155 cm.,210 - 230 g/m2,"3,000m",2001,5000,M,All_colors,,254,,,,header-parsed,CENTER PRICE THB,679,
2110,CENTER PRICE THB,255624,,SANDY,"58% PA, 42% ELASTANE",192 - 204 cm.,190 - 200 cm.,180 - 200 g/m2,"3,000m",200,600,M,PFE/PFD,,221,,,,header-parsed,CENTER PRICE THB,681,
2111,CENTER PRICE THB,255624,,SANDY,"58% PA, 42% ELASTANE",192 - 204 cm.,190 - 200 cm.,180 - 200 g/m2,"3,000m",200,600,M,All_colors,,292,,,,header-parsed,CENTER PRICE THB,681,
2112,CENTER PRICE THB,255624,,SANDY,"58% PA, 42% ELASTANE",192 - 204 cm.,190 - 200 cm.,180 - 200 g/m2,"3,000m",601,2000,M,PFE/PFD,,205,,,,header-parsed,CENTER PRICE THB,682,
2113,CENTER PRICE THB,255624,,SANDY,"58% PA, 42% ELASTANE",192 - 204 cm.,190 - 200 cm.,180 - 200 g/m2,"3,000m",601,2000,M,All_colors,,254,,,,header-parsed,CENTER PRICE THB,682,
2114,CENTER PRICE THB,255624,,SANDY,"58% PA, 42% ELASTANE",192 - 204 cm.,190 - 200 cm.,180 - 200 g/m2,"3,000m",2001,5000,M,PFE/PFD,,197,,,,header-parsed,CENTER PRICE THB,683,
2115,CENTER PRICE THB,255624,,SANDY,"58% PA, 42% ELASTANE",192 - 204 cm.,190 - 200 cm.,180 - 200 g/m2,"3,000m",2001,5000,M,All_colors,,245,,,,header-parsed,CENTER PRICE THB,683,
2116,CENTER PRICE THB,255610,,MYLA 01,"91% PA, 9% Metallised PES ( LUREX )",145 - 155 cm.,140 - 150 cm.,48 - 53 g/m2,"3,000m",200,600,M,All_colors,,86,,,,header-parsed,CENTER PRICE THB,685,
2117,CENTER PRICE THB,255610,,MYLA 01,"91% PA, 9% Metallised PES ( LUREX )",145 - 155 cm.,140 - 150 cm.,48 - 53 g/m2,"3,000m",601,2000,M,PFE/PFD,,62,,,,header-parsed,CENTER PRICE THB,686,
2118,CENTER PRICE THB,255610,,MYLA 01,"91% PA, 9% Metallised PES ( LUREX )",145 - 155 cm.,140 - 150 cm.,48 - 53 g/m2,"3,000m",601,2000,M,All_colors,,78,,,,header-parsed,CENTER PRICE THB,686,
2119,CENTER PRICE THB,255610,,MYLA 01,"91% PA, 9% Metallised PES ( LUREX )",145 - 155 cm.,140 - 150 cm.,48 - 53 g/m2,"3,000m",2001,5000,M,PFE/PFD,,58,,,,header-parsed,CENTER PRICE THB,687,
2120,CENTER PRICE THB,255610,,MYLA 01,"91% PA, 9% Metallised PES ( LUREX )",145 - 155 cm.,140 - 150 cm.,48 - 53 g/m2,"3,000m",2001,5000,M,All_colors,,72,,,,header-parsed,CENTER PRICE THB,687,
2121,CENTER PRICE THB,255621,,MYLA 03,"80% PA, 20% Metallised PES ( LUREX )",148 - 158 cm.,143 - 153 cm.,45 - 50 g/m2,"3,000m",200,600,M,All_colors,,109,,,,header-parsed,CENTER PRICE THB,689,
2122,CENTER PRICE THB,255621,,MYLA 03,"80% PA, 20% Metallised PES ( LUREX )",148 - 158 cm.,143 - 153 cm.,45 - 50 g/m2,"3,000m",601,2000,M,PFE/PFD,,78,,,,header-parsed,CENTER PRICE THB,690,
2123,CENTER PRICE THB,255621,,MYLA 03,"80% PA, 20% Metallised PES ( LUREX )",148 - 158 cm.,143 - 153 cm.,45 - 50 g/m2,"3,000m",601,2000,M,All_colors,,96,,,,header-parsed,CENTER PRICE THB,690,
2124,CENTER PRICE THB,255621,,MYLA 03,"80% PA, 20% Metallised PES ( LUREX )",148 - 158 cm.,143 - 153 cm.,45 - 50 g/m2,"3,000m",2001,5000,M,PFE/PFD,,72,,,,header-parsed,CENTER PRICE THB,691,
2125,CENTER PRICE THB,255621,,MYLA 03,"80% PA, 20% Metallised PES ( LUREX )",148 - 158 cm.,143 - 153 cm.,45 - 50 g/m2,"3,000m",2001,5000,M,All_colors,,88,,,,header-parsed,CENTER PRICE THB,691,
2126,CENTER PRICE THB,255654,,SALONI,100% PES,150 - 160 cm.,145 - 155 cm.,61 - 69 g/m2,"3,000m",200,600,M,PFE/PFD,,37,,,,header-parsed,CENTER PRICE THB,693,
2127,CENTER PRICE THB,255654,,SALONI,100% PES,150 - 160 cm.,145 - 155 cm.,61 - 69 g/m2,"3,000m",200,600,M,All_colors,,50,,,,header-parsed,CENTER PRICE THB,693,
2128,CENTER PRICE THB,255654,,SALONI,100% PES,150 - 160 cm.,145 - 155 cm.,61 - 69 g/m2,"3,000m",601,2000,M,PFE/PFD,,32,,,,header-parsed,CENTER PRICE THB,694,
2129,CENTER PRICE THB,255654,,SALONI,100% PES,150 - 160 cm.,145 - 155 cm.,61 - 69 g/m2,"3,000m",601,2000,M,All_colors,,40,,,,header-parsed,CENTER PRICE THB,694,
2130,CENTER PRICE THB,255654,,SALONI,100% PES,150 - 160 cm.,145 - 155 cm.,61 - 69 g/m2,"3,000m",2001,5000,M,PFE/PFD,,29,,,,header-parsed,CENTER PRICE THB,695,
2131,CENTER PRICE THB,255654,,SALONI,100% PES,150 - 160 cm.,145 - 155 cm.,61 - 69 g/m2,"3,000m",2001,5000,M,All_colors,,37,,,,header-parsed,CENTER PRICE THB,695,
2132,CENTER PRICE THB,255633,,MOLDABLE TULLE 02,100% PES,153-163,148-158,55-60 g/m2,"3,000m",200,600,M,All_colors,,82,,,,header-parsed,CENTER PRICE THB,697,
2133,CENTER PRICE THB,255633,,MOLDABLE TULLE 02,100% PES,153-163,148-158,55-60 g/m2,"3,000m",601,2000,M,All_colors,,78,,,,header-parsed,CENTER PRICE THB,698,
2134,CENTER PRICE THB,255633,,MOLDABLE TULLE 02,100% PES,153-163,148-158,55-60 g/m2,"3,000m",2001,5000,M,All_colors,,66,,,,header-parsed,CENTER PRICE THB,699,
2135,CENTER PRICE THB,255643AA/15,,PENNY/15,"80% PES, 20% ELASTANE",140 - 150 cm.,135 - 145 cm.,114 - 126 g/m2,"3,000m",200,600,M,PFE/PFD,,90,,,,header-parsed,CENTER PRICE THB,702,
2136,CENTER PRICE THB,255643AA/15,,PENNY/15,"80% PES, 20% ELASTANE",140 - 150 cm.,135 - 145 cm.,114 - 126 g/m2,"3,000m",200,600,M,All_colors,,115,,,,header-parsed,CENTER PRICE THB,702,
2137,CENTER PRICE THB,255643AA/15,,PENNY/15,"80% PES, 20% ELASTANE",140 - 150 cm.,135 - 145 cm.,114 - 126 g/m2,"3,000m",601,2000,M,PFE/PFD,,82,,,,header-parsed,CENTER PRICE THB,703,
2138,CENTER PRICE THB,255643AA/15,,PENNY/15,"80% PES, 20% ELASTANE",140 - 150 cm.,135 - 145 cm.,114 - 126 g/m2,"3,000m",601,2000,M,All_colors,,102,,,,header-parsed,CENTER PRICE THB,703,
2139,CENTER PRICE THB,255604,,RACE 01,"84% PES, 16% ELASTANE",143 - 153 cm.,138 - 148 cm.,61 - 69 g/m2,"3,000m",200,600,M,PFE/PFD,,67,,,,header-parsed,CENTER PRICE THB,705,
2140,CENTER PRICE THB,255604,,RACE 01,"84% PES, 16% ELASTANE",143 - 153 cm.,138 - 148 cm.,61 - 69 g/m2,"3,000m",200,600,M,All_colors,,88,,,,header-parsed,CENTER PRICE THB,705,
2141,CENTER PRICE THB,255604,,RACE 01,"84% PES, 16% ELASTANE",143 - 153 cm.,138 - 148 cm.,61 - 69 g/m2,"3,000m",601,2000,M,PFE/PFD,,64,,,,header-parsed,CENTER PRICE THB,706,
2142,CENTER PRICE THB,255604,,RACE 01,"84% PES, 16% ELASTANE",143 - 153 cm.,138 - 148 cm.,61 - 69 g/m2,"3,000m",601,2000,M,All_colors,,80,,,,header-parsed,CENTER PRICE THB,706,
2143,CENTER PRICE THB,255604,,RACE 01,"84% PES, 16% ELASTANE",143 - 153 cm.,138 - 148 cm.,61 - 69 g/m2,"3,000m",2001,5000,M,PFE/PFD,,59,,,,header-parsed,CENTER PRICE THB,707,
2144,CENTER PRICE THB,255604,,RACE 01,"84% PES, 16% ELASTANE",143 - 153 cm.,138 - 148 cm.,61 - 69 g/m2,"3,000m",2001,5000,M,All_colors,,75,,,,header-parsed,CENTER PRICE THB,707,
2145,CENTER PRICE THB,255605,,RACE 02,"82% PES, 18% ELASTANE",143 - 153 cm.,138-148,55-60 g/m2,"3,000m",200,600,M,PFE/PFD,,75,,,,header-parsed,CENTER PRICE THB,709,
2146,CENTER PRICE THB,255605,,RACE 02,"82% PES, 18% ELASTANE",143 - 153 cm.,138-148,55-60 g/m2,"3,000m",200,600,M,All_colors,,91,,,,header-parsed,CENTER PRICE THB,709,
2147,CENTER PRICE THB,255605,,RACE 02,"82% PES, 18% ELASTANE",143 - 153 cm.,138-148,55-60 g/m2,"3,000m",601,2000,M,PFE/PFD,,67,,,,header-parsed,CENTER PRICE THB,710,
2148,CENTER PRICE THB,255605,,RACE 02,"82% PES, 18% ELASTANE",143 - 153 cm.,138-148,55-60 g/m2,"3,000m",601,2000,M,All_colors,,83,,,,header-parsed,CENTER PRICE THB,710,
2149,CENTER PRICE THB,255605,,RACE 02,"82% PES, 18% ELASTANE",143 - 153 cm.,138-148,55-60 g/m2,"3,000m",2001,5000,M,PFE/PFD,,62,,,,header-parsed,CENTER PRICE THB,711,
2150,CENTER PRICE THB,255605,,RACE 02,"82% PES, 18% ELASTANE",143 - 153 cm.,138-148,55-60 g/m2,"3,000m",2001,5000,M,All_colors,,78,,,,header-parsed,CENTER PRICE THB,711,
2151,CENTER PRICE THB,255584,,PES/COTTON COMPACT TULLE,"76% PES, 24% CO",143 - 153 cm.,138 - 148 cm.,40 - 45 g/m2,"1,000m.",200,600,M,PFE/PFD,,103,,,,header-parsed,CENTER PRICE THB,717,
2152,CENTER PRICE THB,255584,,PES/COTTON COMPACT TULLE,"76% PES, 24% CO",143 - 153 cm.,138 - 148 cm.,40 - 45 g/m2,"1,000m.",200,600,M,All_colors,,130,,,,header-parsed,CENTER PRICE THB,717,
2153,CENTER PRICE THB,255584,,PES/COTTON COMPACT TULLE,"76% PES, 24% CO",143 - 153 cm.,138 - 148 cm.,40 - 45 g/m2,"1,000m.",601,2000,M,PFE/PFD,,96,,,,header-parsed,CENTER PRICE THB,718,
2154,CENTER PRICE THB,255584,,PES/COTTON COMPACT TULLE,"76% PES, 24% CO",143 - 153 cm.,138 - 148 cm.,40 - 45 g/m2,"1,000m.",601,2000,M,All_colors,,120,,,,header-parsed,CENTER PRICE THB,718,
2155,CENTER PRICE THB,255584,,PES/COTTON COMPACT TULLE,"76% PES, 24% CO",143 - 153 cm.,138 - 148 cm.,40 - 45 g/m2,"1,000m.",2001,5000,M,PFE/PFD,,90,,,,header-parsed,CENTER PRICE THB,719,
2156,CENTER PRICE THB,255584,,PES/COTTON COMPACT TULLE,"76% PES, 24% CO",143 - 153 cm.,138 - 148 cm.,40 - 45 g/m2,"1,000m.",2001,5000,M,All_colors,,114,,,,header-parsed,CENTER PRICE THB,719,
2157,CENTER PRICE THB,254824AB/14,,ELASTIC TULLE PASCAL CFE TM EMB,"70% PA, 30% ELASTANE",147 - 152,142 - 147 cm.,50 - 55 g/m2,"3,000m.",200,600,M,PFE/PFD,,98.1666666666667,,,,header-parsed,CENTER PRICE THB,721,
2158,CENTER PRICE THB,254824AB/14,,ELASTIC TULLE PASCAL CFE TM EMB,"70% PA, 30% ELASTANE",147 - 152,142 - 147 cm.,50 - 55 g/m2,"3,000m.",200,600,M,All_colors,,116.766666666667,,,,header-parsed,CENTER PRICE THB,721,
2159,CENTER PRICE THB,254824AB/14,,ELASTIC TULLE PASCAL CFE TM EMB,"70% PA, 30% ELASTANE",147 - 152,142 - 147 cm.,50 - 55 g/m2,"3,000m.",601,2000,M,PFE/PFD,,87.8333333333333,,,,header-parsed,CENTER PRICE THB,722,
2160,CENTER PRICE THB,254824AB/14,,ELASTIC TULLE PASCAL CFE TM EMB,"70% PA, 30% ELASTANE",147 - 152,142 - 147 cm.,50 - 55 g/m2,"3,000m.",601,2000,M,All_colors,,103.333333333333,,,,header-parsed,CENTER PRICE THB,722,
2161,CENTER PRICE THB,254824AB/14,,ELASTIC TULLE PASCAL CFE TM EMB,"70% PA, 30% ELASTANE",147 - 152,142 - 147 cm.,50 - 55 g/m2,"3,000m.",2001,5000,M,PFE/PFD,,85.7666666666667,,,,header-parsed,CENTER PRICE THB,723,
2162,CENTER PRICE THB,254824AB/14,,ELASTIC TULLE PASCAL CFE TM EMB,"70% PA, 30% ELASTANE",147 - 152,142 - 147 cm.,50 - 55 g/m2,"3,000m.",2001,5000,M,All_colors,,100.233333333333,,,,header-parsed,CENTER PRICE THB,723,
2163,CENTER PRICE THB,255674AA/26,,PLUTUS TM Softphelic,"65% PA, 35% Metallised PES (LUREX)",,130 - 140 cm.,37 - 41 g/m2,"3,000m.",200,600,M,PFE/PFD,,69.75,,,,header-parsed,CENTER PRICE THB,725,
2164,CENTER PRICE THB,255674AA/26,,PLUTUS TM Softphelic,"65% PA, 35% Metallised PES (LUREX)",,130 - 140 cm.,37 - 41 g/m2,"3,000m.",200,600,M,All_colors,,102.3,,,,header-parsed,CENTER PRICE THB,725,
2165,CENTER PRICE THB,255674AA/26,,PLUTUS TM Softphelic,"65% PA, 35% Metallised PES (LUREX)",,130 - 140 cm.,37 - 41 g/m2,"3,000m.",601,2000,M,PFE/PFD,,66.65,,,,header-parsed,CENTER PRICE THB,726,
2166,CENTER PRICE THB,255674AA/26,,PLUTUS TM Softphelic,"65% PA, 35% Metallised PES (LUREX)",,130 - 140 cm.,37 - 41 g/m2,"3,000m.",601,2000,M,All_colors,,94.55,,,,header-parsed,CENTER PRICE THB,726,
2167,CENTER PRICE THB,255674AA/26,,PLUTUS TM Softphelic,"65% PA, 35% Metallised PES (LUREX)",,130 - 140 cm.,37 - 41 g/m2,"3,000m.",2001,5000,M,PFE/PFD,,63.55,,,,header-parsed,CENTER PRICE THB,727,
2168,CENTER PRICE THB,255674AA/26,,PLUTUS TM Softphelic,"65% PA, 35% Metallised PES (LUREX)",,130 - 140 cm.,37 - 41 g/m2,"3,000m.",2001,5000,M,All_colors,,91.45,,,,header-parsed,CENTER PRICE THB,727,
2169,CENTER PRICE THB,255676BA/11,,ANEMONE TM SOFT,100% PES,150 - 155 cm.,,118 - 131 g/m2,"3,000m.",200,600,M,All_colors,,96.1,,,,header-parsed,CENTER PRICE THB,729,
2170,CENTER PRICE THB,255676BA/11,,ANEMONE TM SOFT,100% PES,150 - 155 cm.,,118 - 131 g/m2,"3,000m.",601,2000,M,All_colors,,77.5,,,,header-parsed,CENTER PRICE THB,730,
2171,CENTER PRICE THB,255676BA/11,,ANEMONE TM SOFT,100% PES,150 - 155 cm.,,118 - 131 g/m2,"3,000m.",2001,5000,M,All_colors,,71.3,,,,header-parsed,CENTER PRICE THB,731,
2172,CENTER PRICE THB,255719AA/14,,ARES TM EMB,100% PA,150 - 160 cm.,145 - 155 cm.,10 - 15 g/m2,"3,000m.",200,600,M,PFE/PFD,,74.4,,,,header-parsed,CENTER PRICE THB,741,
2173,CENTER PRICE THB,255719AA/14,,ARES TM EMB,100% PA,150 - 160 cm.,145 - 155 cm.,10 - 15 g/m2,"3,000m.",200,600,M,All_colors,,89.9,,,,header-parsed,CENTER PRICE THB,741,
2174,CENTER PRICE THB,255719AA/14,,ARES TM EMB,100% PA,150 - 160 cm.,145 - 155 cm.,10 - 15 g/m2,"3,000m.",601,2000,M,PFE/PFD,,65.1,,,,header-parsed,CENTER PRICE THB,742,
2175,CENTER PRICE THB,255719AA/14,,ARES TM EMB,100% PA,150 - 160 cm.,145 - 155 cm.,10 - 15 g/m2,"3,000m.",601,2000,M,All_colors,,80.6,,,,header-parsed,CENTER PRICE THB,742,
2176,CENTER PRICE THB,255719AA/14,,ARES TM EMB,100% PA,150 - 160 cm.,145 - 155 cm.,10 - 15 g/m2,"3,000m.",2001,5000,M,PFE/PFD,,62,,,,header-parsed,CENTER PRICE THB,743,
2177,CENTER PRICE THB,255719AA/14,,ARES TM EMB,100% PA,150 - 160 cm.,145 - 155 cm.,10 - 15 g/m2,"3,000m.",2001,5000,M,All_colors,,77.5,,,,header-parsed,CENTER PRICE THB,743,
2178,CENTER PRICE THB,255720AA/14,,ATTIS TM EMB,100% PA,148 - 158 cm.,143 - 153 cm.,12 - 17 g/m2,"3,000m.",200,600,M,PFE/PFD,,74.4,,,,header-parsed,CENTER PRICE THB,745,
2179,CENTER PRICE THB,255720AA/14,,ATTIS TM EMB,100% PA,148 - 158 cm.,143 - 153 cm.,12 - 17 g/m2,"3,000m.",200,600,M,All_colors,,89.9,,,,header-parsed,CENTER PRICE THB,745,
2180,CENTER PRICE THB,255720AA/14,,ATTIS TM EMB,100% PA,148 - 158 cm.,143 - 153 cm.,12 - 17 g/m2,"3,000m.",601,2000,M,PFE/PFD,,65.1,,,,header-parsed,CENTER PRICE THB,746,
2181,CENTER PRICE THB,255720AA/14,,ATTIS TM EMB,100% PA,148 - 158 cm.,143 - 153 cm.,12 - 17 g/m2,"3,000m.",601,2000,M,All_colors,,80.6,,,,header-parsed,CENTER PRICE THB,746,
2182,CENTER PRICE THB,255720AA/14,,ATTIS TM EMB,100% PA,148 - 158 cm.,143 - 153 cm.,12 - 17 g/m2,"3,000m.",2001,5000,M,PFE/PFD,,62,,,,header-parsed,CENTER PRICE THB,747,
2183,CENTER PRICE THB,255720AA/14,,ATTIS TM EMB,100% PA,148 - 158 cm.,143 - 153 cm.,12 - 17 g/m2,"3,000m.",2001,5000,M,All_colors,,77.5,,,,header-parsed,CENTER PRICE THB,747,
2184,CENTER PRICE THB,255687AA/11,,TURQUOISE TM SOFT,"90% PA, 10% ELASTANE",158 - 168 cm.,153 - 163 cm.,66 - 74 g/m2,"3,000m.",200,600,M,PFE/PFD,,60.45,,,,header-parsed,CENTER PRICE THB,753,
2185,CENTER PRICE THB,255687AA/11,,TURQUOISE TM SOFT,"90% PA, 10% ELASTANE",158 - 168 cm.,153 - 163 cm.,66 - 74 g/m2,"3,000m.",200,600,M,All_colors,,85.25,,,,header-parsed,CENTER PRICE THB,753,
2186,CENTER PRICE THB,255687AA/11,,TURQUOISE TM SOFT,"90% PA, 10% ELASTANE",158 - 168 cm.,153 - 163 cm.,66 - 74 g/m2,"3,000m.",601,2000,M,PFE/PFD,,49.6,,,,header-parsed,CENTER PRICE THB,754,
2187,CENTER PRICE THB,255687AA/11,,TURQUOISE TM SOFT,"90% PA, 10% ELASTANE",158 - 168 cm.,153 - 163 cm.,66 - 74 g/m2,"3,000m.",601,2000,M,All_colors,,74.4,,,,header-parsed,CENTER PRICE THB,754,
2188,CENTER PRICE THB,255687AA/11,,TURQUOISE TM SOFT,"90% PA, 10% ELASTANE",158 - 168 cm.,153 - 163 cm.,66 - 74 g/m2,"3,000m.",2001,5000,M,PFE/PFD,,46.5,,,,header-parsed,CENTER PRICE THB,755,
2189,CENTER PRICE THB,255687AA/11,,TURQUOISE TM SOFT,"90% PA, 10% ELASTANE",158 - 168 cm.,153 - 163 cm.,66 - 74 g/m2,"3,000m.",2001,5000,M,All_colors,,71.3,,,,header-parsed,CENTER PRICE THB,755,
2190,CENTER PRICE THB,255722AA/11,,TANZA TM Soft,"90% PA, 10% ELASTANE",163 - 173 cm.,158 - 168 cm.,43 - 49 g/m2,"3,000m.",200,600,M,PFE/PFD,,54.25,,,,header-parsed,CENTER PRICE THB,761,
2191,CENTER PRICE THB,255722AA/11,,TANZA TM Soft,"90% PA, 10% ELASTANE",163 - 173 cm.,158 - 168 cm.,43 - 49 g/m2,"3,000m.",200,600,M,All_colors,,72.85,,,,header-parsed,CENTER PRICE THB,761,
2192,CENTER PRICE THB,255722AA/11,,TANZA TM Soft,"90% PA, 10% ELASTANE",163 - 173 cm.,158 - 168 cm.,43 - 49 g/m2,"3,000m.",601,2000,M,PFE/PFD,,44.95,,,,header-parsed,CENTER PRICE THB,762,
2193,CENTER PRICE THB,255722AA/11,,TANZA TM Soft,"90% PA, 10% ELASTANE",163 - 173 cm.,158 - 168 cm.,43 - 49 g/m2,"3,000m.",601,2000,M,All_colors,,63.55,,,,header-parsed,CENTER PRICE THB,762,
2194,CENTER PRICE THB,255722AA/11,,TANZA TM Soft,"90% PA, 10% ELASTANE",163 - 173 cm.,158 - 168 cm.,43 - 49 g/m2,"3,000m.",2001,5000,M,PFE/PFD,,41.85,,,,header-parsed,CENTER PRICE THB,763,
2195,CENTER PRICE THB,255722AA/11,,TANZA TM Soft,"90% PA, 10% ELASTANE",163 - 173 cm.,158 - 168 cm.,43 - 49 g/m2,"3,000m.",2001,5000,M,All_colors,,60.45,,,,header-parsed,CENTER PRICE THB,763,
2196,CENTER PRICE THB,255681AA/11,,DELPHI TM Soft,"57% PA, 43% ELASTANE",180 - 190 cm.,175 - 185 cm.,205 - 227 g/m2,"3,000m.",200,600,M,All_colors,,292.95,,,,header-parsed,CENTER PRICE THB,765,
2197,CENTER PRICE THB,255681AA/11,,DELPHI TM Soft,"57% PA, 43% ELASTANE",180 - 190 cm.,175 - 185 cm.,205 - 227 g/m2,"3,000m.",601,2000,M,All_colors,,272.8,,,,header-parsed,CENTER PRICE THB,766,
2198,CENTER PRICE THB,255681AA/11,,DELPHI TM Soft,"57% PA, 43% ELASTANE",180 - 190 cm.,175 - 185 cm.,205 - 227 g/m2,"3,000m.",2001,5000,M,All_colors,,263.5,,,,header-parsed,CENTER PRICE THB,767,
2199,CENTER PRICE THB,255724AA/11,,CORAL TM Soft,"90% PA, 10% ELASTANE",163 - 173 cm.,158 - 168 cm.,42 - 48 g/m2,"3,000m.",200,600,M,PFE/PFD,,66.65,,,,header-parsed,CENTER PRICE THB,769,
2200,CENTER PRICE THB,255724AA/11,,CORAL TM Soft,"90% PA, 10% ELASTANE",163 - 173 cm.,158 - 168 cm.,42 - 48 g/m2,"3,000m.",200,600,M,All_colors,,91.45,,,,header-parsed,CENTER PRICE THB,769,
2201,CENTER PRICE THB,255724AA/11,,CORAL TM Soft,"90% PA, 10% ELASTANE",163 - 173 cm.,158 - 168 cm.,42 - 48 g/m2,"3,000m.",601,2000,M,PFE/PFD,,52.7,,,,header-parsed,CENTER PRICE THB,770,
2202,CENTER PRICE THB,255724AA/11,,CORAL TM Soft,"90% PA, 10% ELASTANE",163 - 173 cm.,158 - 168 cm.,42 - 48 g/m2,"3,000m.",601,2000,M,All_colors,,77.5,,,,header-parsed,CENTER PRICE THB,770,
2203,CENTER PRICE THB,255724AA/11,,CORAL TM Soft,"90% PA, 10% ELASTANE",163 - 173 cm.,158 - 168 cm.,42 - 48 g/m2,"3,000m.",2001,5000,M,PFE/PFD,,49.6,,,,header-parsed,CENTER PRICE THB,771,
2204,CENTER PRICE THB,255724AA/11,,CORAL TM Soft,"90% PA, 10% ELASTANE",163 - 173 cm.,158 - 168 cm.,42 - 48 g/m2,"3,000m.",2001,5000,M,All_colors,,74.4,,,,header-parsed,CENTER PRICE THB,771,
2205,CENTER PRICE THB,255710AA/11,,ALEXA TM Soft,"70% PES, 30% ELASTANE",120 - 130 cm.,115 - 125 cm.,190 - 200 g/m2,"3,000m.",350,600,M,All_colors,,145,,,,header-parsed,CENTER PRICE THB,781,
2206,CENTER PRICE THB,255710AA/11,,ALEXA TM Soft,"70% PES, 30% ELASTANE",120 - 130 cm.,115 - 125 cm.,190 - 200 g/m2,"3,000m.",601,2000,M,All_colors,,132,,,,header-parsed,CENTER PRICE THB,782,
2207,CENTER PRICE THB,255710AA/11,,ALEXA TM Soft,"70% PES, 30% ELASTANE",120 - 130 cm.,115 - 125 cm.,190 - 200 g/m2,"3,000m.",2001,5000,M,All_colors,,130,,,,header-parsed,CENTER PRICE THB,783,
2208,CENTER PRICE THB,255711AA/11,,ANDE TM Soft,"70% PES, 30% ELASTANE",125 - 135 cm.,120 - 130 cm.,210 - 230 g/m2,"3,000m.",350,600,M,All_colors,,165,,,,header-parsed,CENTER PRICE THB,785,
2209,CENTER PRICE THB,255711AA/11,,ANDE TM Soft,"70% PES, 30% ELASTANE",125 - 135 cm.,120 - 130 cm.,210 - 230 g/m2,"3,000m.",601,2000,M,All_colors,,152,,,,header-parsed,CENTER PRICE THB,786,
2210,CENTER PRICE THB,255711AA/11,,ANDE TM Soft,"70% PES, 30% ELASTANE",125 - 135 cm.,120 - 130 cm.,210 - 230 g/m2,"3,000m.",2001,5000,M,All_colors,,148,,,,header-parsed,CENTER PRICE THB,787,
2211,CENTER PRICE THB,255688AA/11,,AQUA TM Soft,"90% PA, 10% ELASTANE",155 - 165 cm.,150 - 160 cm.,75 - 85 g/m2,"3,000m.",200,600,M,PFE/PFD,,65.1,,,,header-parsed,CENTER PRICE THB,789,
2212,CENTER PRICE THB,255688AA/11,,AQUA TM Soft,"90% PA, 10% ELASTANE",155 - 165 cm.,150 - 160 cm.,75 - 85 g/m2,"3,000m.",200,600,M,All_colors,,99.2,,,,header-parsed,CENTER PRICE THB,789,
2213,CENTER PRICE THB,255688AA/11,,AQUA TM Soft,"90% PA, 10% ELASTANE",155 - 165 cm.,150 - 160 cm.,75 - 85 g/m2,"3,000m.",601,2000,M,PFE/PFD,,57.35,,,,header-parsed,CENTER PRICE THB,790,
2214,CENTER PRICE THB,255688AA/11,,AQUA TM Soft,"90% PA, 10% ELASTANE",155 - 165 cm.,150 - 160 cm.,75 - 85 g/m2,"3,000m.",601,2000,M,All_colors,,86.8,,,,header-parsed,CENTER PRICE THB,790,
2215,CENTER PRICE THB,255688AA/11,,AQUA TM Soft,"90% PA, 10% ELASTANE",155 - 165 cm.,150 - 160 cm.,75 - 85 g/m2,"3,000m.",2001,5000,M,PFE/PFD,,54.25,,,,header-parsed,CENTER PRICE THB,791,
2216,CENTER PRICE THB,255688AA/11,,AQUA TM Soft,"90% PA, 10% ELASTANE",155 - 165 cm.,150 - 160 cm.,75 - 85 g/m2,"3,000m.",2001,5000,M,All_colors,,83.7,,,,header-parsed,CENTER PRICE THB,791,
2217,CENTER PRICE THB,255691BA/26,,ALPHA LUREX TM Softphelic,"65% PA, 35% Metallised PES (LUREX)",140 - 150 cm.,135 - 145 cm.,33 - 38 g/m2,"3,000m.",200,600,M,PFE/PFD,,69.75,,,,header-parsed,CENTER PRICE THB,793,
2218,CENTER PRICE THB,255691BA/26,,ALPHA LUREX TM Softphelic,"65% PA, 35% Metallised PES (LUREX)",140 - 150 cm.,135 - 145 cm.,33 - 38 g/m2,"3,000m.",200,600,M,All_colors,,102.3,,,,header-parsed,CENTER PRICE THB,793,
2219,CENTER PRICE THB,255691BA/26,,ALPHA LUREX TM Softphelic,"65% PA, 35% Metallised PES (LUREX)",140 - 150 cm.,135 - 145 cm.,33 - 38 g/m2,"3,000m.",601,2000,M,PFE/PFD,,66.65,,,,header-parsed,CENTER PRICE THB,794,
2220,CENTER PRICE THB,255691BA/26,,ALPHA LUREX TM Softphelic,"65% PA, 35% Metallised PES (LUREX)",140 - 150 cm.,135 - 145 cm.,33 - 38 g/m2,"3,000m.",601,2000,M,All_colors,,94.55,,,,header-parsed,CENTER PRICE THB,794,
2221,CENTER PRICE THB,255691BA/26,,ALPHA LUREX TM Softphelic,"65% PA, 35% Metallised PES (LUREX)",140 - 150 cm.,135 - 145 cm.,33 - 38 g/m2,"3,000m.",2001,5000,M,PFE/PFD,,63.55,,,,header-parsed,CENTER PRICE THB,795,
2222,CENTER PRICE THB,255691BA/26,,ALPHA LUREX TM Softphelic,"65% PA, 35% Metallised PES (LUREX)",140 - 150 cm.,135 - 145 cm.,33 - 38 g/m2,"3,000m.",2001,5000,M,All_colors,,91.45,,,,header-parsed,CENTER PRICE THB,795,
2223,CENTER PRICE THB,255693AA/23,,PEONY TM MAS,"80% PA, 20% ELASTANE",178 - 188 cm.,173 - 183 cm.,33 - 38 g/m2,"3,000m.",200,600,M,PFE/PFD,,78,,,,header-parsed,CENTER PRICE THB,797,
2224,CENTER PRICE THB,255693AA/23,,PEONY TM MAS,"80% PA, 20% ELASTANE",178 - 188 cm.,173 - 183 cm.,33 - 38 g/m2,"3,000m.",200,600,M,All_colors,,90,,,,header-parsed,CENTER PRICE THB,797,
2225,CENTER PRICE THB,255693AA/23,,PEONY TM MAS,"80% PA, 20% ELASTANE",178 - 188 cm.,173 - 183 cm.,33 - 38 g/m2,"3,000m.",601,2000,M,PFE/PFD,,70,,,,header-parsed,CENTER PRICE THB,798,
2226,CENTER PRICE THB,255693AA/23,,PEONY TM MAS,"80% PA, 20% ELASTANE",178 - 188 cm.,173 - 183 cm.,33 - 38 g/m2,"3,000m.",601,2000,M,All_colors,,82,,,,header-parsed,CENTER PRICE THB,798,
2227,CENTER PRICE THB,255693AA/23,,PEONY TM MAS,"80% PA, 20% ELASTANE",178 - 188 cm.,173 - 183 cm.,33 - 38 g/m2,"3,000m.",2001,5000,M,PFE/PFD,,65,,,,header-parsed,CENTER PRICE THB,799,
2228,CENTER PRICE THB,255693AA/23,,PEONY TM MAS,"80% PA, 20% ELASTANE",178 - 188 cm.,173 - 183 cm.,33 - 38 g/m2,"3,000m.",2001,5000,M,All_colors,,78,,,,header-parsed,CENTER PRICE THB,799,
2229,CENTER PRICE THB,255726AA/14,,CYGNUS TM EMB,100% PA,155 - 165 cm.,150 - 160 cm.,11 - 18 g/m2,"3,000m.",200,600,M,PFE/PFD,,55,,,,header-parsed,CENTER PRICE THB,801,
2230,CENTER PRICE THB,255726AA/14,,CYGNUS TM EMB,100% PA,155 - 165 cm.,150 - 160 cm.,11 - 18 g/m2,"3,000m.",200,600,M,All_colors,,70,,,,header-parsed,CENTER PRICE THB,801,
2231,CENTER PRICE THB,255726AA/14,,CYGNUS TM EMB,100% PA,155 - 165 cm.,150 - 160 cm.,11 - 18 g/m2,"3,000m.",601,2000,M,PFE/PFD,,48,,,,header-parsed,CENTER PRICE THB,802,
2232,CENTER PRICE THB,255726AA/14,,CYGNUS TM EMB,100% PA,155 - 165 cm.,150 - 160 cm.,11 - 18 g/m2,"3,000m.",601,2000,M,All_colors,,69,,,,header-parsed,CENTER PRICE THB,802,
2233,CENTER PRICE THB,255726AA/14,,CYGNUS TM EMB,100% PA,155 - 165 cm.,150 - 160 cm.,11 - 18 g/m2,"3,000m.",2001,5000,M,PFE/PFD,,42,,,,header-parsed,CENTER PRICE THB,803,
2234,CENTER PRICE THB,255726AA/14,,CYGNUS TM EMB,100% PA,155 - 165 cm.,150 - 160 cm.,11 - 18 g/m2,"3,000m.",2001,5000,M,All_colors,,60,,,,header-parsed,CENTER PRICE THB,803,
2235,CENTER PRICE THB,255678AA/11,,CHARLOTTE TM SOFT,100% PES,150 - 160 cm.,145 - 155 cm.,33 - 38 g/m2,"3,000m.",200,600,M,PFE/PFD,,46.5,,,,header-parsed,CENTER PRICE THB,813,
2236,CENTER PRICE THB,255678AA/11,,CHARLOTTE TM SOFT,100% PES,150 - 160 cm.,145 - 155 cm.,33 - 38 g/m2,"3,000m.",200,600,M,All_colors,,85.25,,,,header-parsed,CENTER PRICE THB,813,
2237,CENTER PRICE THB,255678AA/11,,CHARLOTTE TM SOFT,100% PES,150 - 160 cm.,145 - 155 cm.,33 - 38 g/m2,"3,000m.",601,2000,M,PFE/PFD,,32.55,,,,header-parsed,CENTER PRICE THB,814,
2238,CENTER PRICE THB,255678AA/11,,CHARLOTTE TM SOFT,100% PES,150 - 160 cm.,145 - 155 cm.,33 - 38 g/m2,"3,000m.",601,2000,M,All_colors,,54.25,,,,header-parsed,CENTER PRICE THB,814,
2239,CENTER PRICE THB,255678AA/11,,CHARLOTTE TM SOFT,100% PES,150 - 160 cm.,145 - 155 cm.,33 - 38 g/m2,"3,000m.",2001,5000,M,PFE/PFD,,29.45,,,,header-parsed,CENTER PRICE THB,815,
2240,CENTER PRICE THB,255678AA/11,,CHARLOTTE TM SOFT,100% PES,150 - 160 cm.,145 - 155 cm.,33 - 38 g/m2,"3,000m.",2001,5000,M,All_colors,,51.15,,,,header-parsed,CENTER PRICE THB,815,
2241,CENTER PRICE THB,255699AA/14,,PORTO INVISIBLE TM EMB,100% PES,152 - 162 cm.,147 - 157 cm.,15 - 20 g/m2,"3,000m.",200,600,M,PFE/PFD,,66.65,,,,header-parsed,CENTER PRICE THB,821,
2242,CENTER PRICE THB,255699AA/14,,PORTO INVISIBLE TM EMB,100% PES,152 - 162 cm.,147 - 157 cm.,15 - 20 g/m2,"3,000m.",200,600,M,All_colors,,99.2,,,,header-parsed,CENTER PRICE THB,821,
2243,CENTER PRICE THB,255699AA/14,,PORTO INVISIBLE TM EMB,100% PES,152 - 162 cm.,147 - 157 cm.,15 - 20 g/m2,"3,000m.",601,2000,M,PFE/PFD,,62,,,,header-parsed,CENTER PRICE THB,822,
2244,CENTER PRICE THB,255699AA/14,,PORTO INVISIBLE TM EMB,100% PES,152 - 162 cm.,147 - 157 cm.,15 - 20 g/m2,"3,000m.",601,2000,M,All_colors,,93,,,,header-parsed,CENTER PRICE THB,822,
2245,CENTER PRICE THB,255699AA/14,,PORTO INVISIBLE TM EMB,100% PES,152 - 162 cm.,147 - 157 cm.,15 - 20 g/m2,"3,000m.",2001,5000,M,PFE/PFD,,55.8,,,,header-parsed,CENTER PRICE THB,823,
2246,CENTER PRICE THB,255699AA/14,,PORTO INVISIBLE TM EMB,100% PES,152 - 162 cm.,147 - 157 cm.,15 - 20 g/m2,"3,000m.",2001,5000,M,All_colors,,85.25,,,,header-parsed,CENTER PRICE THB,823,
2247,CENTER PRICE THB,255701AA/12,,DIANE TM MO,100% PES,147 - 152 cm.,155 - 165 cm.,30 - 35 g/m2,"3,000m.",200,600,M,PFE/PFD,,72.85,,,,header-parsed,CENTER PRICE THB,825,
2248,CENTER PRICE THB,255701AA/12,,DIANE TM MO,100% PES,147 - 152 cm.,155 - 165 cm.,30 - 35 g/m2,"3,000m.",200,600,M,All_colors,,93,,,,header-parsed,CENTER PRICE THB,825,
2249,CENTER PRICE THB,255701AA/12,,DIANE TM MO,100% PES,147 - 152 cm.,155 - 165 cm.,30 - 35 g/m2,"3,000m.",601,2000,M,PFE/PFD,,58.9,,,,header-parsed,CENTER PRICE THB,826,
2250,CENTER PRICE THB,255701AA/12,,DIANE TM MO,100% PES,147 - 152 cm.,155 - 165 cm.,30 - 35 g/m2,"3,000m.",601,2000,M,All_colors,,78.43,,,,header-parsed,CENTER PRICE THB,826,
2251,CENTER PRICE THB,255701AA/12,,DIANE TM MO,100% PES,147 - 152 cm.,155 - 165 cm.,30 - 35 g/m2,"3,000m.",2001,5000,M,PFE/PFD,,57.35,,,,header-parsed,CENTER PRICE THB,827,
2252,CENTER PRICE THB,255701AA/12,,DIANE TM MO,100% PES,147 - 152 cm.,155 - 165 cm.,30 - 35 g/m2,"3,000m.",2001,5000,M,All_colors,,71.3,,,,header-parsed,CENTER PRICE THB,827,
2253,CENTER PRICE THB,255713AA/78,,CHERYL TM BO,"80% PA, 20% ELASTANE",145 - 155 cm.,140 - 150 cm.,30 -35 g/m2,"3,000m.",200,600,M,All_colors,,74.4,,,,header-parsed,CENTER PRICE THB,837,
2254,CENTER PRICE THB,255713AA/78,,CHERYL TM BO,"80% PA, 20% ELASTANE",145 - 155 cm.,140 - 150 cm.,30 -35 g/m2,"3,000m.",601,2000,M,All_colors,,60.45,,,,header-parsed,CENTER PRICE THB,838,
2255,CENTER PRICE THB,255713AA/78,,CHERYL TM BO,"80% PA, 20% ELASTANE",145 - 155 cm.,140 - 150 cm.,30 -35 g/m2,"3,000m.",2001,5000,M,All_colors,,58.9,,,,header-parsed,CENTER PRICE THB,839,
2256,CENTER PRICE THB,255727AA/14,,AISHA TM EMB,100% PES,162 - 172 cm.,157 - 167 cm.,18 - 23 g/m2,"3,000m.",200,600,M,PFE/PFD,,36,,,,header-parsed,CENTER PRICE THB,841,
2257,CENTER PRICE THB,255727AA/14,,AISHA TM EMB,100% PES,162 - 172 cm.,157 - 167 cm.,18 - 23 g/m2,"3,000m.",200,600,M,All_colors,,45,,,,header-parsed,CENTER PRICE THB,841,
2258,CENTER PRICE THB,255727AA/14,,AISHA TM EMB,100% PES,162 - 172 cm.,157 - 167 cm.,18 - 23 g/m2,"3,000m.",601,2000,M,PFE/PFD,,30,,,,header-parsed,CENTER PRICE THB,842,
2259,CENTER PRICE THB,255727AA/14,,AISHA TM EMB,100% PES,162 - 172 cm.,157 - 167 cm.,18 - 23 g/m2,"3,000m.",601,2000,M,All_colors,,39,,,,header-parsed,CENTER PRICE THB,842,
2260,CENTER PRICE THB,255727AA/14,,AISHA TM EMB,100% PES,162 - 172 cm.,157 - 167 cm.,18 - 23 g/m2,"3,000m.",2001,5000,M,PFE/PFD,,28,,,,header-parsed,CENTER PRICE THB,843,
2261,CENTER PRICE THB,255727AA/14,,AISHA TM EMB,100% PES,162 - 172 cm.,157 - 167 cm.,18 - 23 g/m2,"3,000m.",2001,5000,M,All_colors,,37,,,,header-parsed,CENTER PRICE THB,843,
2262,CENTER PRICE THB,255728,,,Cotton+PES,150 cm.,,68 g/m2,"3,000m.",200,600,M,All_colors,,182.9,,,,header-parsed,CENTER PRICE THB,845,
2263,CENTER PRICE THB,255728,,,Cotton+PES,150 cm.,,68 g/m2,"3,000m.",601,2000,M,All_colors,,172.05,,,,header-parsed,CENTER PRICE THB,846,
2264,CENTER PRICE THB,255728,,,Cotton+PES,150 cm.,,68 g/m2,"3,000m.",2001,5000,M,All_colors,,168.95,,,,header-parsed,CENTER PRICE THB,847,
2265,CENTER PRICE THB,255729,,CEIBA TM Soft,"70% CO, 30% PA",135 - 145 cm.,130 - 140 cm.,106 - 118 g/m2,"3,000m.",200,600,M,All_colors,,139.5,,,,header-parsed,CENTER PRICE THB,849,
2266,CENTER PRICE THB,255729,,CEIBA TM Soft,"70% CO, 30% PA",135 - 145 cm.,130 - 140 cm.,106 - 118 g/m2,"3,000m.",601,2000,M,All_colors,,130.2,,,,header-parsed,CENTER PRICE THB,850,
2267,CENTER PRICE THB,255729,,CEIBA TM Soft,"70% CO, 30% PA",135 - 145 cm.,130 - 140 cm.,106 - 118 g/m2,"3,000m.",2001,5000,M,All_colors,,125.55,,,,header-parsed,CENTER PRICE THB,851,
2268,CENTER PRICE THB,255714,,,PA+Spandex,185-190 cm,,80 g/m2,"3,000m.",200,600,M,All_colors,,182.9,,,,header-parsed,CENTER PRICE THB,853,
2269,CENTER PRICE THB,255714,,,PA+Spandex,185-190 cm,,80 g/m2,"3,000m.",601,2000,M,All_colors,,167.4,,,,header-parsed,CENTER PRICE THB,854,
2270,CENTER PRICE THB,255714,,,PA+Spandex,185-190 cm,,80 g/m2,"3,000m.",2001,5000,M,All_colors,,153.45,,,,header-parsed,CENTER PRICE THB,855,
2271,CENTER PRICE THB,255703,,PYRITE TM Soft,"76% Nylon, 24% Spandex",155 - 165 cm.,150 - 160 cm.,118 - 132 g/m2,"3,000m.",200,600,M,All_colors,,161.2,,,,header-parsed,CENTER PRICE THB,857,
2272,CENTER PRICE THB,255703,,PYRITE TM Soft,"76% Nylon, 24% Spandex",155 - 165 cm.,150 - 160 cm.,118 - 132 g/m2,"3,000m.",601,2000,M,All_colors,,147.25,,,,header-parsed,CENTER PRICE THB,858,
2273,CENTER PRICE THB,255703,,PYRITE TM Soft,"76% Nylon, 24% Spandex",155 - 165 cm.,150 - 160 cm.,118 - 132 g/m2,"3,000m.",2001,5000,M,All_colors,,127.1,,,,header-parsed,CENTER PRICE THB,859,
2274,CENTER PRICE THB,255730,,RECYCLE PES TULLE TM EMB,100% Recycle PES,150 - 160 cm.,145 - 155 cm.,30 -35 g/m2,"3,000m.",500,2000,M,PFE/PFD,,59.83,,,,header-parsed,CENTER PRICE THB,862,
2275,CENTER PRICE THB,255730,,RECYCLE PES TULLE TM EMB,100% Recycle PES,150 - 160 cm.,145 - 155 cm.,30 -35 g/m2,"3,000m.",500,2000,M,All_colors,,77.5,,,,header-parsed,CENTER PRICE THB,862,
2276,CENTER PRICE THB,255730,,RECYCLE PES TULLE TM EMB,100% Recycle PES,150 - 160 cm.,145 - 155 cm.,30 -35 g/m2,"3,000m.",2001,5000,M,PFE/PFD,,57.66,,,,header-parsed,CENTER PRICE THB,863,
2277,CENTER PRICE THB,255730,,RECYCLE PES TULLE TM EMB,100% Recycle PES,150 - 160 cm.,145 - 155 cm.,30 -35 g/m2,"3,000m.",2001,5000,M,All_colors,,71.3,,,,header-parsed,CENTER PRICE THB,863,
2278,Acundis,255167,,Tattoo,100% PA,152 -157 cm.,147-152 cm.,15-20 g/m2,"2,000m.",2000,,M,PFE/PFD,1.5,,,,,header-parsed,Acundis,19,
2279,Acundis,255167,,TATTOO,100% PA,152 - 157 cm.,147 - 152 cm.,15 - 20 g/m2,"2,000m.",2000,,M,PFE/PFD,1.5,,,,,header-parsed,Acundis,24,
2280,Acundis,255484,,Invisible Tulle Bright,100%PA,152 - 162cm,147 - 157 cm,13 - 18g/m2,"3,000m.",200,600,M,PFE/PFD,2.11,,,,,header-parsed,Acundis,41,
2281,Acundis,255484,,Invisible Tulle Bright,100%PA,152 - 162cm,147 - 157 cm,13 - 18g/m2,"3,000m.",601,2000,M,PFE/PFD,1.77,,,,,header-parsed,Acundis,42,
2282,Acundis,255484,,Invisible Tulle Bright,100%PA,152 - 162cm,147 - 157 cm,13 - 18g/m2,"3,000m.",2001,5000,M,PFE/PFD,1.7,,,,,header-parsed,Acundis,43,
2283,Acundis,255554,,PA INVISIBLE ELASTIC,"77% PA, 23% ELASTANE",150 - 160 cm.,145 - 155 cm.,24 - 28 g/m2,"3,000 m",350,600,M,PFE/PFD,2.3,,,,,header-parsed,Acundis,48,
2284,Acundis,255554,,PA INVISIBLE ELASTIC,"77% PA, 23% ELASTANE",150 - 160 cm.,145 - 155 cm.,24 - 28 g/m2,"3,000 m",350,600,M,All_colors,2.9,,,,,header-parsed,Acundis,48,
2285,Acundis,255554,,PA INVISIBLE ELASTIC,"77% PA, 23% ELASTANE",150 - 160 cm.,145 - 155 cm.,24 - 28 g/m2,"3,000 m",601,2000,M,PFE/PFD,2.1,,,,,header-parsed,Acundis,49,
2286,Acundis,255554,,PA INVISIBLE ELASTIC,"77% PA, 23% ELASTANE",150 - 160 cm.,145 - 155 cm.,24 - 28 g/m2,"3,000 m",601,2000,M,All_colors,2.55,,,,,header-parsed,Acundis,49,
2287,Acundis,255554,,PA INVISIBLE ELASTIC,"77% PA, 23% ELASTANE",150 - 160 cm.,145 - 155 cm.,24 - 28 g/m2,"3,000 m",2001,5000,M,PFE/PFD,1.95,,,,,header-parsed,Acundis,50,
2288,Acundis,255554,,PA INVISIBLE ELASTIC,"77% PA, 23% ELASTANE",150 - 160 cm.,145 - 155 cm.,24 - 28 g/m2,"3,000 m",2001,5000,M,All_colors,2.4,,,,,header-parsed,Acundis,50,
2289,Acundis,255554,,PA INVISIBLE ELASTIC,"79% PA, 21% ELASTANE",150 - 160 cm.,145 - 155 cm.,24 - 28 g/m2,"10,000 m.",5000,,M,PFE/PFD,1.9,,,,,header-parsed,Acundis,54,
2290,Acundis,254824,,ELASTIC TULLE PASCAL,"70% PA, 30% ELASTANE",147 - 152 cm.,142 - 147 cm.,50 - 55 g/m2,"3,000m.",200,600,M,PFE/PFD,3.17,,,,,header-parsed,Acundis,59,
2291,Acundis,254824,,ELASTIC TULLE PASCAL,"70% PA, 30% ELASTANE",147 - 152 cm.,142 - 147 cm.,50 - 55 g/m2,"3,000m.",601,2000,M,PFE/PFD,2.83,,,,,header-parsed,Acundis,60,
2292,Acundis,254824,,ELASTIC TULLE PASCAL,"70% PA, 30% ELASTANE",147 - 152 cm.,142 - 147 cm.,50 - 55 g/m2,"3,000m.",2001,5000,M,PFE/PFD,2.77,,,,,header-parsed,Acundis,61,
2293,Acundis,254580,,100%PA,30 - 35 g/m2,150 - 155cm,145 - 150 cm.,1.7,"3,000 m.",100,,M,PFE/PFD,3.95,,,,,header-parsed,Acundis,77,
2294,Acundis,254580,,100%PA,30 - 35 g/m2,150 - 155cm,145 - 150 cm.,1.7,"3,000 m.",79,,M,PFE/PFD,2.4,,,,,header-parsed,Acundis,87,
2295,Acundis,254580,,100%PA,30 - 35 g/m2,150 - 155cm,145 - 150 cm.,1.7,"3,000 m.",79,,M,All_colors,3,,,,,header-parsed,Acundis,87,
2296,Acundis,254580,,100%PA,30 - 35 g/m2,150 - 155cm,145 - 150 cm.,1.7,"3,000 m.",100,,M,PFE/PFD,2.26,,,,,header-parsed,Acundis,90,
2297,Acundis,254580,,100%PA,30 - 35 g/m2,150 - 155cm,145 - 150 cm.,1.7,"3,000 m.",100,,M,PFE/PFD,1.78,,,,,header-parsed,Acundis,93,
2298,Acundis,254580,,100%PA,30 - 35 g/m2,150 - 155cm,145 - 150 cm.,1.7,"3,000 m.",100,,M,All_colors,2.35,,,,,header-parsed,Acundis,93,
2299,Acundis,254580,,100%PA,30 - 35 g/m2,150 - 155cm,145 - 150 cm.,1.7,"3,000 m.",100,,M,PFE/PFD,2.65,,,,,header-parsed,Acundis,96,
2300,Acundis,254580,,100%PA,30 - 35 g/m2,150 - 155cm,145 - 150 cm.,1.7,"3,000 m.",100,,M,All_colors,3.95,,,,,header-parsed,Acundis,96,
2301,Acundis,254580,,100%PA,30 - 35 g/m2,150 - 155cm,145 - 150 cm.,1.7,"3,000 m.",100,,M,PFE/PFD,2.65,,,,,header-parsed,Acundis,99,
2302,Acundis,254580,,100%PA,30 - 35 g/m2,150 - 155cm,145 - 150 cm.,1.7,"3,000 m.",100,,M,All_colors,3.95,,,,,header-parsed,Acundis,99,
2303,Acundis,254580,,100%PA,30 - 35 g/m2,150 - 155cm,145 - 150 cm.,1.7,"3,000 m.",93,,M,PFE/PFD,1.95,,,,,header-parsed,Acundis,102,
2304,Acundis,254580,,100%PA,30 - 35 g/m2,150 - 155cm,145 - 150 cm.,1.7,"3,000 m.",100,,M,PFE/PFD,2.21,,,,,header-parsed,Acundis,107,
2305,Acundis,254580,,100%PA,30 - 35 g/m2,150 - 155cm,145 - 150 cm.,1.7,"3,000 m.",100,,M,PFE/PFD,1.75,,,,,header-parsed,Acundis,111,
2306,Agent Provocateur,255341,,TRINITY,"82% PA, 18% ELASTANE",165 - 175 cm,160 - 170 cm.,60 - 65 g/m2,"3,000m.",200,600,M,PFE/PFD,4.46,,,,,header-parsed,Agent Provocateur,19,
2307,Agent Provocateur,255341,,TRINITY,"82% PA, 18% ELASTANE",165 - 175 cm,160 - 170 cm.,60 - 65 g/m2,"3,000m.",200,600,M,All_colors,4.8,,,,,header-parsed,Agent Provocateur,19,
2308,Agent Provocateur,255341,,TRINITY,"82% PA, 18% ELASTANE",165 - 175 cm,160 - 170 cm.,60 - 65 g/m2,"3,000m.",601,2000,M,PFE/PFD,4.07,,,,,header-parsed,Agent Provocateur,20,
2309,Agent Provocateur,255341,,TRINITY,"82% PA, 18% ELASTANE",165 - 175 cm,160 - 170 cm.,60 - 65 g/m2,"3,000m.",601,2000,M,All_colors,4.4,,,,,header-parsed,Agent Provocateur,20,
2310,Agent Provocateur,255341,,TRINITY,"82% PA, 18% ELASTANE",165 - 175 cm,160 - 170 cm.,60 - 65 g/m2,"3,000m.",2001,5000,M,PFE/PFD,3.91,,,,,header-parsed,Agent Provocateur,21,
2311,Agent Provocateur,255341,,TRINITY,"82% PA, 18% ELASTANE",165 - 175 cm,160 - 170 cm.,60 - 65 g/m2,"3,000m.",2001,5000,M,All_colors,4.25,,,,,header-parsed,Agent Provocateur,21,
2312,Agent Provocateur,255433,,VICTORIA,"90% PES, 10% ELASTANE",148 - 158cm,143 - 153 cm,52- 58 g/m2,"3,000m.",200,600,M,PFE/PFD,3,,,,,header-parsed,Agent Provocateur,23,
2313,Agent Provocateur,255433,,VICTORIA,"90% PES, 10% ELASTANE",148 - 158cm,143 - 153 cm,52- 58 g/m2,"3,000m.",200,600,M,All_colors,3.5,,,,,header-parsed,Agent Provocateur,23,
2314,Agent Provocateur,255433,,VICTORIA,"90% PES, 10% ELASTANE",148 - 158cm,143 - 153 cm,52- 58 g/m2,"3,000m.",601,2000,M,PFE/PFD,2.66666666666667,,,,,header-parsed,Agent Provocateur,24,
2315,Agent Provocateur,255433,,VICTORIA,"90% PES, 10% ELASTANE",148 - 158cm,143 - 153 cm,52- 58 g/m2,"3,000m.",601,2000,M,All_colors,3.16666666666667,,,,,header-parsed,Agent Provocateur,24,
2316,Agent Provocateur,255433,,VICTORIA,"90% PES, 10% ELASTANE",148 - 158cm,143 - 153 cm,52- 58 g/m2,"3,000m.",2001,5000,M,PFE/PFD,2.5,,,,,header-parsed,Agent Provocateur,25,
2317,Agent Provocateur,255433,,VICTORIA,"90% PES, 10% ELASTANE",148 - 158cm,143 - 153 cm,52- 58 g/m2,"3,000m.",2001,5000,M,All_colors,3,,,,,header-parsed,Agent Provocateur,25,
2318,Agent Provocateur,255434,,VIENNA,"90% PA, 10% ELASTANE",148 - 158cm,143 - 153 cm,52- 58 g/m2,"3,000m.",200,600,M,PFE/PFD,3.16666666666667,,,,,header-parsed,Agent Provocateur,27,
2319,Agent Provocateur,255434,,VIENNA,"90% PA, 10% ELASTANE",148 - 158cm,143 - 153 cm,52- 58 g/m2,"3,000m.",200,600,M,All_colors,3.66666666666667,,,,,header-parsed,Agent Provocateur,27,
2320,Agent Provocateur,255434,,VIENNA,"90% PA, 10% ELASTANE",148 - 158cm,143 - 153 cm,52- 58 g/m2,"3,000m.",601,2000,M,PFE/PFD,2.83333333333333,,,,,header-parsed,Agent Provocateur,28,
2321,Agent Provocateur,255434,,VIENNA,"90% PA, 10% ELASTANE",148 - 158cm,143 - 153 cm,52- 58 g/m2,"3,000m.",601,2000,M,All_colors,3.33333333333333,,,,,header-parsed,Agent Provocateur,28,
2322,Agent Provocateur,255434,,VIENNA,"90% PA, 10% ELASTANE",148 - 158cm,143 - 153 cm,52- 58 g/m2,"3,000m.",2001,5000,M,PFE/PFD,2.66666666666667,,,,,header-parsed,Agent Provocateur,29,
2323,Agent Provocateur,255434,,VIENNA,"90% PA, 10% ELASTANE",148 - 158cm,143 - 153 cm,52- 58 g/m2,"3,000m.",2001,5000,M,All_colors,3.16666666666667,,,,,header-parsed,Agent Provocateur,29,
2324,Agent Provocateur,255539,,PES VOILE 150 cm.,100% PES,145 - 155 cm.,140 - 150 cm.,33 - 38 g/m2,"3,000m.",200,600,M,PFE/PFD,1.73,,,,,header-parsed,Agent Provocateur,31,
2325,Agent Provocateur,255539,,PES VOILE 150 cm.,100% PES,145 - 155 cm.,140 - 150 cm.,33 - 38 g/m2,"3,000m.",200,600,M,All_colors,2.5,,,,,header-parsed,Agent Provocateur,31,
2326,Agent Provocateur,255539,,PES VOILE 150 cm.,100% PES,145 - 155 cm.,140 - 150 cm.,33 - 38 g/m2,"3,000m.",601,2000,M,PFE/PFD,1.57,,,,,header-parsed,Agent Provocateur,32,
2327,Agent Provocateur,255539,,PES VOILE 150 cm.,100% PES,145 - 155 cm.,140 - 150 cm.,33 - 38 g/m2,"3,000m.",601,2000,M,All_colors,2.37,,,,,header-parsed,Agent Provocateur,32,
2328,Agent Provocateur,255539,,PES VOILE 150 cm.,100% PES,145 - 155 cm.,140 - 150 cm.,33 - 38 g/m2,"3,000m.",2001,5000,M,PFE/PFD,1.42,,,,,header-parsed,Agent Provocateur,33,
2329,Agent Provocateur,255539,,PES VOILE 150 cm.,100% PES,145 - 155 cm.,140 - 150 cm.,33 - 38 g/m2,"3,000m.",2001,5000,M,All_colors,2.15,,,,,header-parsed,Agent Provocateur,33,
2330,Agent Provocateur,255785,,Elvina TM Soft,"65% PA, 35% Elastane",153 - 163 cm.,148 - 158 cm.,30 - 35 g/m2,"3,000m.",200,600,M,All_colors,3.1,,,,,header-parsed,Agent Provocateur,35,
2331,Agent Provocateur,255785,,Elvina TM Soft,"65% PA, 35% Elastane",153 - 163 cm.,148 - 158 cm.,30 - 35 g/m2,"3,000m.",601,2000,M,All_colors,2.68,,,,,header-parsed,Agent Provocateur,36,
2332,Agent Provocateur,255785,,Elvina TM Soft,"65% PA, 35% Elastane",153 - 163 cm.,148 - 158 cm.,30 - 35 g/m2,"3,000m.",2001,5000,M,All_colors,2.55,,,,,header-parsed,Agent Provocateur,37,
2333,Agent Provocateur,255786,,Elvine TM Soft,"70% PA, 30% Elastane",160 - 170 cm.,155 - 165 cm.,30 - 35 g/m2,"3,000m.",200,600,M,All_colors,3.45,,,,,header-parsed,Agent Provocateur,39,
2334,Agent Provocateur,255786,,Elvine TM Soft,"70% PA, 30% Elastane",160 - 170 cm.,155 - 165 cm.,30 - 35 g/m2,"3,000m.",601,2000,M,All_colors,2.99,,,,,header-parsed,Agent Provocateur,40,
2335,Agent Provocateur,255786,,Elvine TM Soft,"70% PA, 30% Elastane",160 - 170 cm.,155 - 165 cm.,30 - 35 g/m2,"3,000m.",2001,5000,M,All_colors,2.85,,,,,header-parsed,Agent Provocateur,41,
2336,Agent Provocateur,256530,,PA VOILE TRILOBAL,100% PA,153 - 158 cm.,148 - 153 cm.,38 - 43 g/m2,"3,000m.",200,600,M,PFE/PFD,2.16666666666667,,,,,header-parsed,Agent Provocateur,43,
2337,Agent Provocateur,256530,,PA VOILE TRILOBAL,100% PA,153 - 158 cm.,148 - 153 cm.,38 - 43 g/m2,"3,000m.",200,600,M,All_colors,2.83333333333333,,,,,header-parsed,Agent Provocateur,43,
2338,Agent Provocateur,256530,,PA VOILE TRILOBAL,100% PA,153 - 158 cm.,148 - 153 cm.,38 - 43 g/m2,"3,000m.",601,2000,M,PFE/PFD,2,,,,,header-parsed,Agent Provocateur,44,
2339,Agent Provocateur,256530,,PA VOILE TRILOBAL,100% PA,153 - 158 cm.,148 - 153 cm.,38 - 43 g/m2,"3,000m.",601,2000,M,All_colors,2.5,,,,,header-parsed,Agent Provocateur,44,
2340,Agent Provocateur,256530,,PA VOILE TRILOBAL,100% PA,153 - 158 cm.,148 - 153 cm.,38 - 43 g/m2,"3,000m.",2001,5000,M,PFE/PFD,1.83333333333333,,,,,header-parsed,Agent Provocateur,45,
2341,Agent Provocateur,256530,,PA VOILE TRILOBAL,100% PA,153 - 158 cm.,148 - 153 cm.,38 - 43 g/m2,"3,000m.",2001,5000,M,All_colors,2.16666666666667,,,,,header-parsed,Agent Provocateur,45,
2342,Agent Provocateur,256575,,PES VOILE LIGHT,100% PES,170 - 175 cm.,165 - 170 cm.,23 - 28 g/m2,"3,000m.",200,600,M,PFE/PFD,1.66666666666667,,,,,header-parsed,Agent Provocateur,47,
2343,Agent Provocateur,256575,,PES VOILE LIGHT,100% PES,170 - 175 cm.,165 - 170 cm.,23 - 28 g/m2,"3,000m.",200,600,M,All_colors,2.16666666666667,,,,,header-parsed,Agent Provocateur,47,
2344,Agent Provocateur,256575,,PES VOILE LIGHT,100% PES,170 - 175 cm.,165 - 170 cm.,23 - 28 g/m2,"3,000m.",601,2000,M,PFE/PFD,1.5,,,,,header-parsed,Agent Provocateur,48,
2345,Agent Provocateur,256575,,PES VOILE LIGHT,100% PES,170 - 175 cm.,165 - 170 cm.,23 - 28 g/m2,"3,000m.",601,2000,M,All_colors,1.83333333333333,,,,,header-parsed,Agent Provocateur,48,
2346,Agent Provocateur,256575,,PES VOILE LIGHT,100% PES,170 - 175 cm.,165 - 170 cm.,23 - 28 g/m2,"3,000m.",2001,5000,M,PFE/PFD,1.33333333333333,,,,,header-parsed,Agent Provocateur,49,
2347,Agent Provocateur,256575,,PES VOILE LIGHT,100% PES,170 - 175 cm.,165 - 170 cm.,23 - 28 g/m2,"3,000m.",2001,5000,M,All_colors,1.66666666666667,,,,,header-parsed,Agent Provocateur,49,
2348,Agent Provocateur,256634,,PA VOILE MATT,100% PA,158 - 163 cm.,153 - 158 cm.,35 - 40 g/m2,"3,000m.",200,600,M,PFE/PFD,2.33333333333333,,,,,header-parsed,Agent Provocateur,51,
2349,Agent Provocateur,256634,,PA VOILE MATT,100% PA,158 - 163 cm.,153 - 158 cm.,35 - 40 g/m2,"3,000m.",200,600,M,All_colors,3,,,,,header-parsed,Agent Provocateur,51,
2350,Agent Provocateur,256634,,PA VOILE MATT,100% PA,158 - 163 cm.,153 - 158 cm.,35 - 40 g/m2,"3,000m.",601,2000,M,PFE/PFD,2,,,,,header-parsed,Agent Provocateur,52,
2351,Agent Provocateur,256634,,PA VOILE MATT,100% PA,158 - 163 cm.,153 - 158 cm.,35 - 40 g/m2,"3,000m.",601,2000,M,All_colors,2.5,,,,,header-parsed,Agent Provocateur,52,
2352,Agent Provocateur,256634,,PA VOILE MATT,100% PA,158 - 163 cm.,153 - 158 cm.,35 - 40 g/m2,"3,000m.",2001,5000,M,PFE/PFD,1.9,,,,,header-parsed,Agent Provocateur,53,
2353,Agent Provocateur,256634,,PA VOILE MATT,100% PA,158 - 163 cm.,153 - 158 cm.,35 - 40 g/m2,"3,000m.",2001,5000,M,All_colors,2.33333333333333,,,,,header-parsed,Agent Provocateur,53,
2354,Agent Provocateur,257127,,,100% PA,155 - 165 cm.,150 - 160 cm.,39 g/m2,"3,000m.",200,600,M,All_colors,2.25,,,,,header-parsed,Agent Provocateur,55,
2355,Agent Provocateur,257127,,,100% PA,155 - 165 cm.,150 - 160 cm.,39 g/m2,"3,000m.",601,2000,M,All_colors,1.95,,,,,header-parsed,Agent Provocateur,56,
2356,Agent Provocateur,257127,,,100% PA,155 - 165 cm.,150 - 160 cm.,39 g/m2,"3,000m.",2001,5000,M,All_colors,1.85,,,,,header-parsed,Agent Provocateur,57,
2357,Agent Provocateur,255167,,TATTOO,100% PA,152 - 157 cm.,147 - 152 cm.,15 - 20 g/m2,"3,000m.",200,600,M,PFE/PFD,1.93,,,,,header-parsed,Agent Provocateur,67,
2358,Agent Provocateur,255167,,TATTOO,100% PA,152 - 157 cm.,147 - 152 cm.,15 - 20 g/m2,"3,000m.",200,600,M,All_colors,2.53,,,,,header-parsed,Agent Provocateur,67,
2359,Agent Provocateur,255167,,TATTOO,100% PA,152 - 157 cm.,147 - 152 cm.,15 - 20 g/m2,"3,000m.",601,2000,M,PFE/PFD,1.57,,,,,header-parsed,Agent Provocateur,68,
2360,Agent Provocateur,255167,,TATTOO,100% PA,152 - 157 cm.,147 - 152 cm.,15 - 20 g/m2,"3,000m.",601,2000,M,All_colors,2.1,,,,,header-parsed,Agent Provocateur,68,
2361,Agent Provocateur,255167,,TATTOO,100% PA,152 - 157 cm.,147 - 152 cm.,15 - 20 g/m2,"3,000m.",2001,5000,M,PFE/PFD,1.5,,,,,header-parsed,Agent Provocateur,69,
2362,Agent Provocateur,255167,,TATTOO,100% PA,152 - 157 cm.,147 - 152 cm.,15 - 20 g/m2,"3,000m.",2001,5000,M,All_colors,1.9,,,,,header-parsed,Agent Provocateur,69,
2363,Agent Provocateur,255720,,TATTOO,100% PA,148 - 158 cm.,143 - 153 cm.,12 -17 g/m2,"3,000m.",200,600,M,PFE/PFD,2.4,,,,,header-parsed,Agent Provocateur,79,
2364,Agent Provocateur,255720,,TATTOO,100% PA,148 - 158 cm.,143 - 153 cm.,12 -17 g/m2,"3,000m.",200,600,M,All_colors,2.9,,,,,header-parsed,Agent Provocateur,79,
2365,Agent Provocateur,255720,,TATTOO,100% PA,148 - 158 cm.,143 - 153 cm.,12 -17 g/m2,"3,000m.",3000,,M,All_colors,2.3,,,,,header-parsed,Agent Provocateur,85,
2366,Agent Provocateur,255720,,TATTOO,100% PA,148 - 158 cm.,143 - 153 cm.,12 -17 g/m2,"3,000m.",3000,,M,All_colors,2.23,,,,,header-parsed,Agent Provocateur,89,
2367,Agent Provocateur,255720,,TATTOO,100% PA,148 - 158 cm.,143 - 153 cm.,12 -17 g/m2,"3,000m.",3000,,M,All_colors,3.17,,,,,header-parsed,Agent Provocateur,93,
2368,Agent Provocateur,255720,,TATTOO,100% PA,148 - 158 cm.,143 - 153 cm.,12 -17 g/m2,"3,000m.",3000,,M,All_colors,2.3,,,,,header-parsed,Agent Provocateur,101,
2369,Agent Provocateur,255720,,TATTOO,100% PA,148 - 158 cm.,143 - 153 cm.,12 -17 g/m2,"3,000m.",3000,,M,All_colors,2.23,,,,,header-parsed,Agent Provocateur,105,
2370,Agent Provocateur,255720,,TATTOO,100% PA,148 - 158 cm.,143 - 153 cm.,12 -17 g/m2,"3,000m.",3000,,M,All_colors,3.17,,,,,header-parsed,Agent Provocateur,109,
2371,Agent Provocateur,255720,,TATTOO,100% PA,148 - 158 cm.,143 - 153 cm.,12 -17 g/m2,"3,000m.",3000,,M,All_colors,3.77,,,,,header-parsed,Agent Provocateur,116,
2372,AGAPE,254723,,PES TULLE TORINO 35,100% PES,155 - 160 cm.,150 - 155 cm.,17 - 22 g/m2,"3,000m.",200,600,M,PFE,2,,,,,header-parsed,AGAPE,3,informed by mail 23/2
2373,AGAPE,254723,,PES TULLE TORINO 35,100% PES,155 - 160 cm.,150 - 155 cm.,17 - 22 g/m2,"3,000m.",200,600,M,All_colors,2.83,,,,,header-parsed,AGAPE,3,informed by mail 23/2
2374,AGAPE,254723,,PES TULLE TORINO 35,100% PES,155 - 160 cm.,150 - 155 cm.,17 - 22 g/m2,"3,000m.",601,2000,M,PFE,1.67,,,,,header-parsed,AGAPE,4,informed by mail 23/2
2375,AGAPE,254723,,PES TULLE TORINO 35,100% PES,155 - 160 cm.,150 - 155 cm.,17 - 22 g/m2,"3,000m.",601,2000,M,All_colors,2.33,,,,,header-parsed,AGAPE,4,informed by mail 23/2
2376,AGAPE,254723,,PES TULLE TORINO 35,100% PES,155 - 160 cm.,150 - 155 cm.,17 - 22 g/m2,"3,000m.",2001,5000,M,PFE,1.5,,,,,header-parsed,AGAPE,5,informed by mail 23/2
2377,AGAPE,254723,,PES TULLE TORINO 35,100% PES,155 - 160 cm.,150 - 155 cm.,17 - 22 g/m2,"3,000m.",2001,5000,M,All_colors,2,,,,,header-parsed,AGAPE,5,informed by mail 23/2
2378,AGAPE,254555,,PES TULLE,100%PES,157-162 cm.,152-157 cm.,30-35 g/m2,"3,000m.",200,600,M,PFE,2.83,,,,,header-parsed,AGAPE,10,
2379,AGAPE,254555,,PES TULLE,100%PES,157-162 cm.,152-157 cm.,30-35 g/m2,"3,000m.",601,2000,M,PFE,2.4,,,,,header-parsed,AGAPE,11,
2380,AGAPE,254555,,PES TULLE,100%PES,157-162 cm.,152-157 cm.,30-35 g/m2,"3,000m.",2001,5000,M,PFE,2.2,,,,,header-parsed,AGAPE,12,
2381,AGAPE,255042,,POWER MESH,"72% PA, 28% ELASTANE",170 -180 cm.,165-175 cm.,152-168 g/m2,"3,000m.",240,,M,PFE,8.67,,,,,header-parsed,AGAPE,14,
2382,AGAPE,255042,,POWER MESH,"72% PA, 28% ELASTANE",170 -180 cm.,165-175 cm.,152-168 g/m2,"3,000m.",360,,M,PFE,8,,,,,header-parsed,AGAPE,15,
2383,AGAPE,255042,,POWER MESH,"72% PA, 28% ELASTANE",170 -180 cm.,165-175 cm.,152-168 g/m2,"3,000m.",720,,M,PFE,7.67,,,,,header-parsed,AGAPE,16,
2384,AGAPE,254553,,PA TULLE,100%PA,145 - 150 cm.,140 - 145 cm.,30 - 35 g/m2,"3,000m.",200,600,M,PFE,2.3,,,,,header-parsed,AGAPE,21,
2385,AGAPE,254553,,PA TULLE,100%PA,145 - 150 cm.,140 - 145 cm.,30 - 35 g/m2,"3,000m.",200,600,M,All_colors,2.97,,,,,header-parsed,AGAPE,21,
2386,AGAPE,254553,,PA TULLE,100%PA,145 - 150 cm.,140 - 145 cm.,30 - 35 g/m2,"3,000m.",601,2000,M,PFE,1.97,,,,,header-parsed,AGAPE,22,
2387,AGAPE,254553,,PA TULLE,100%PA,145 - 150 cm.,140 - 145 cm.,30 - 35 g/m2,"3,000m.",601,2000,M,All_colors,2.47,,,,,header-parsed,AGAPE,22,
2388,AGAPE,254553,,PA TULLE,100%PA,145 - 150 cm.,140 - 145 cm.,30 - 35 g/m2,"3,000m.",2001,5000,M,PFE,1.9,,,,,header-parsed,AGAPE,23,
2389,AGAPE,254553,,PA TULLE,100%PA,145 - 150 cm.,140 - 145 cm.,30 - 35 g/m2,"3,000m.",2001,5000,M,All_colors,2.3,,,,,header-parsed,AGAPE,23,
2390,AGAPE,254824,,ELASTIC TULLE PASCAL,"70% PA, 30% ELASTANE",142 - 151 cm.,138 - 146 cm.,48 - 54 g/m2,"3,000m.",200,600,M,PFE,3.17,,,,,header-parsed,AGAPE,29,
2391,AGAPE,254824,,ELASTIC TULLE PASCAL,"70% PA, 30% ELASTANE",142 - 151 cm.,138 - 146 cm.,48 - 54 g/m2,"3,000m.",200,600,M,All_colors,3.77,,,,,header-parsed,AGAPE,29,
2392,AGAPE,254824,,ELASTIC TULLE PASCAL,"70% PA, 30% ELASTANE",142 - 151 cm.,138 - 146 cm.,48 - 54 g/m2,"3,000m.",601,2000,M,PFE,2.83,,,,,header-parsed,AGAPE,30,
2393,AGAPE,254824,,ELASTIC TULLE PASCAL,"70% PA, 30% ELASTANE",142 - 151 cm.,138 - 146 cm.,48 - 54 g/m2,"3,000m.",601,2000,M,All_colors,3.33,,,,,header-parsed,AGAPE,30,
2394,AGAPE,254824,,ELASTIC TULLE PASCAL,"70% PA, 30% ELASTANE",142 - 151 cm.,138 - 146 cm.,48 - 54 g/m2,"3,000m.",2001,5000,M,PFE,2.77,,,,,header-parsed,AGAPE,31,
2395,AGAPE,254824,,ELASTIC TULLE PASCAL,"70% PA, 30% ELASTANE",142 - 151 cm.,138 - 146 cm.,48 - 54 g/m2,"3,000m.",2001,5000,M,All_colors,3.23,,,,,header-parsed,AGAPE,31,
2396,AGAPE,255484,,Invisible Tulle Bright,100%PA,152 - 162cm,147 - 157 cm,13 - 18g/m2,"3,000m.",200,600,M,PFE,2.16,,,,,header-parsed,AGAPE,37,
2397,AGAPE,255484,,Invisible Tulle Bright,100%PA,152 - 162cm,147 - 157 cm,13 - 18g/m2,"3,000m.",200,600,M,All_colors,2.78,,,,,header-parsed,AGAPE,37,
2398,AGAPE,255484,,Invisible Tulle Bright,100%PA,152 - 162cm,147 - 157 cm,13 - 18g/m2,"3,000m.",601,2000,M,PFE,1.82,,,,,header-parsed,AGAPE,38,
2399,AGAPE,255484,,Invisible Tulle Bright,100%PA,152 - 162cm,147 - 157 cm,13 - 18g/m2,"3,000m.",601,2000,M,All_colors,2.32,,,,,header-parsed,AGAPE,38,
2400,AGAPE,255484,,Invisible Tulle Bright,100%PA,152 - 162cm,147 - 157 cm,13 - 18g/m2,"3,000m.",2001,5000,M,PFE,1.7,,,,,header-parsed,AGAPE,39,
2401,AGAPE,255484,,Invisible Tulle Bright,100%PA,152 - 162cm,147 - 157 cm,13 - 18g/m2,"3,000m.",2001,5000,M,All_colors,2.07,,,,,header-parsed,AGAPE,39,
2402,ANITA_Thailand & Germany ,251205,,,,,,,,200,700,M,PFE/PFD,5.43333333333333,,,,,header-parsed,ANITA_Thailand & Germany ,6,
2403,ANITA_Thailand & Germany ,251205,,,,,,,,200,700,M,White,6.1,,,,,header-parsed,ANITA_Thailand & Germany ,6,
2404,ANITA_Thailand & Germany ,251205,,,,,,,,200,700,M,Light,6.27,,,,,header-parsed,ANITA_Thailand & Germany ,6,
2405,ANITA_Thailand & Germany ,251205,,,,,,,,200,700,M,Medium,6.26666666666667,,,,,header-parsed,ANITA_Thailand & Germany ,6,
2406,ANITA_Thailand & Germany ,251205,,,,,,,,200,700,M,Dark,6.63333333333333,,,,,header-parsed,ANITA_Thailand & Germany ,6,
2407,ANITA_Thailand & Germany ,251205,,,,,,,,200,700,M,PFE/PFD,,163,,,,header-parsed,ANITA_Thailand & Germany ,6,
2408,ANITA_Thailand & Germany ,251205,,,,,,,,200,700,M,White,,183,,,,header-parsed,ANITA_Thailand & Germany ,6,
2409,ANITA_Thailand & Germany ,251205,,,,,,,,200,700,M,Light,,188,,,,header-parsed,ANITA_Thailand & Germany ,6,
2410,ANITA_Thailand & Germany ,251205,,,,,,,,200,700,M,Medium,,188,,,,header-parsed,ANITA_Thailand & Germany ,6,
2411,ANITA_Thailand & Germany ,251205,,,,,,,,200,700,M,Dark,,199,,,,header-parsed,ANITA_Thailand & Germany ,6,
2412,ANITA_Thailand & Germany ,251205,,,,,,,,701,2500,M,PFE/PFD,5.2,,,,,header-parsed,ANITA_Thailand & Germany ,7,
2413,ANITA_Thailand & Germany ,251205,,,,,,,,701,2500,M,White,5.76666666666667,,,,,header-parsed,ANITA_Thailand & Germany ,7,
2414,ANITA_Thailand & Germany ,251205,,,,,,,,701,2500,M,Light,5.93,,,,,header-parsed,ANITA_Thailand & Germany ,7,
2415,ANITA_Thailand & Germany ,251205,,,,,,,,701,2500,M,Medium,6.1,,,,,header-parsed,ANITA_Thailand & Germany ,7,
2416,ANITA_Thailand & Germany ,251205,,,,,,,,701,2500,M,Dark,6.43333333333333,,,,,header-parsed,ANITA_Thailand & Germany ,7,
2417,ANITA_Thailand & Germany ,251205,,,,,,,,701,2500,M,PFE/PFD,,156,,,,header-parsed,ANITA_Thailand & Germany ,7,
2418,ANITA_Thailand & Germany ,251205,,,,,,,,701,2500,M,White,,173,,,,header-parsed,ANITA_Thailand & Germany ,7,
2419,ANITA_Thailand & Germany ,251205,,,,,,,,701,2500,M,Light,,178,,,,header-parsed,ANITA_Thailand & Germany ,7,
2420,ANITA_Thailand & Germany ,251205,,,,,,,,701,2500,M,Medium,,183,,,,header-parsed,ANITA_Thailand & Germany ,7,
2421,ANITA_Thailand & Germany ,251205,,,,,,,,701,2500,M,Dark,,193,,,,header-parsed,ANITA_Thailand & Germany ,7,
2422,ANITA_Thailand & Germany ,251205,,,,,,,,2501,10000,M,PFE/PFD,5.13333333333333,,,,,header-parsed,ANITA_Thailand & Germany ,8,
2423,ANITA_Thailand & Germany ,251205,,,,,,,,2501,10000,M,White,5.6,,,,,header-parsed,ANITA_Thailand & Germany ,8,
2424,ANITA_Thailand & Germany ,251205,,,,,,,,2501,10000,M,Light,5.73,,,,,header-parsed,ANITA_Thailand & Germany ,8,
2425,ANITA_Thailand & Germany ,251205,,,,,,,,2501,10000,M,Medium,5.96666666666667,,,,,header-parsed,ANITA_Thailand & Germany ,8,
2426,ANITA_Thailand & Germany ,251205,,,,,,,,2501,10000,M,Dark,6.26666666666667,,,,,header-parsed,ANITA_Thailand & Germany ,8,
2427,ANITA_Thailand & Germany ,251205,,,,,,,,2501,10000,M,PFE/PFD,,154,,,,header-parsed,ANITA_Thailand & Germany ,8,
2428,ANITA_Thailand & Germany ,251205,,,,,,,,2501,10000,M,White,,168,,,,header-parsed,ANITA_Thailand & Germany ,8,
2429,ANITA_Thailand & Germany ,251205,,,,,,,,2501,10000,M,Light,,172,,,,header-parsed,ANITA_Thailand & Germany ,8,
2430,ANITA_Thailand & Germany ,251205,,,,,,,,2501,10000,M,Medium,,179,,,,header-parsed,ANITA_Thailand & Germany ,8,
2431,ANITA_Thailand & Germany ,251205,,,,,,,,2501,10000,M,Dark,,188,,,,header-parsed,ANITA_Thailand & Germany ,8,
2432,ANITA_Thailand & Germany ,256524,,,,,,,,200,700,M,PFE/PFD,5.2,,,,,header-parsed,ANITA_Thailand & Germany ,13,
2433,ANITA_Thailand & Germany ,256524,,,,,,,,200,700,M,White,5.96666666666667,,,,,header-parsed,ANITA_Thailand & Germany ,13,
2434,ANITA_Thailand & Germany ,256524,,,,,,,,200,700,M,Light,6.1,,,,,header-parsed,ANITA_Thailand & Germany ,13,
2435,ANITA_Thailand & Germany ,256524,,,,,,,,200,700,M,Medium,6.1,,,,,header-parsed,ANITA_Thailand & Germany ,13,
2436,ANITA_Thailand & Germany ,256524,,,,,,,,200,700,M,Dark,6.1,,,,,header-parsed,ANITA_Thailand & Germany ,13,
2437,ANITA_Thailand & Germany ,256524,,,,,,,,200,700,M,PFE/PFD,,156,,,,header-parsed,ANITA_Thailand & Germany ,13,
2438,ANITA_Thailand & Germany ,256524,,,,,,,,200,700,M,White,,179,,,,header-parsed,ANITA_Thailand & Germany ,13,
2439,ANITA_Thailand & Germany ,256524,,,,,,,,200,700,M,Light,,183,,,,header-parsed,ANITA_Thailand & Germany ,13,
2440,ANITA_Thailand & Germany ,256524,,,,,,,,200,700,M,Medium,,183,,,,header-parsed,ANITA_Thailand & Germany ,13,
2441,ANITA_Thailand & Germany ,256524,,,,,,,,200,700,M,Dark,,183,,,,header-parsed,ANITA_Thailand & Germany ,13,
2442,ANITA_Thailand & Germany ,256524,,,,,,,,701,2500,M,PFE/PFD,4.93333333333333,,,,,header-parsed,ANITA_Thailand & Germany ,14,
2443,ANITA_Thailand & Germany ,256524,,,,,,,,701,2500,M,White,5.5,,,,,header-parsed,ANITA_Thailand & Germany ,14,
2444,ANITA_Thailand & Germany ,256524,,,,,,,,701,2500,M,Light,5.63,,,,,header-parsed,ANITA_Thailand & Germany ,14,
2445,ANITA_Thailand & Germany ,256524,,,,,,,,701,2500,M,Medium,5.63333333333333,,,,,header-parsed,ANITA_Thailand & Germany ,14,
2446,ANITA_Thailand & Germany ,256524,,,,,,,,701,2500,M,Dark,5.83333333333333,,,,,header-parsed,ANITA_Thailand & Germany ,14,
2447,ANITA_Thailand & Germany ,256524,,,,,,,,701,2500,M,PFE/PFD,,148,,,,header-parsed,ANITA_Thailand & Germany ,14,
2448,ANITA_Thailand & Germany ,256524,,,,,,,,701,2500,M,White,,165,,,,header-parsed,ANITA_Thailand & Germany ,14,
2449,ANITA_Thailand & Germany ,256524,,,,,,,,701,2500,M,Light,,169,,,,header-parsed,ANITA_Thailand & Germany ,14,
2450,ANITA_Thailand & Germany ,256524,,,,,,,,701,2500,M,Medium,,169,,,,header-parsed,ANITA_Thailand & Germany ,14,
2451,ANITA_Thailand & Germany ,256524,,,,,,,,701,2500,M,Dark,,175,,,,header-parsed,ANITA_Thailand & Germany ,14,
2452,ANITA_Thailand & Germany ,256524,,,,,,,,2501,10000,M,PFE/PFD,4.76666666666667,,,,,header-parsed,ANITA_Thailand & Germany ,15,
2453,ANITA_Thailand & Germany ,256524,,,,,,,,2501,10000,M,White,5.2,,,,,header-parsed,ANITA_Thailand & Germany ,15,
2454,ANITA_Thailand & Germany ,256524,,,,,,,,2501,10000,M,Light,5.33,,,,,header-parsed,ANITA_Thailand & Germany ,15,
2455,ANITA_Thailand & Germany ,256524,,,,,,,,2501,10000,M,Medium,5.46666666666667,,,,,header-parsed,ANITA_Thailand & Germany ,15,
2456,ANITA_Thailand & Germany ,256524,,,,,,,,2501,10000,M,Dark,5.63333333333333,,,,,header-parsed,ANITA_Thailand & Germany ,15,
2457,ANITA_Thailand & Germany ,256524,,,,,,,,2501,10000,M,PFE/PFD,,143,,,,header-parsed,ANITA_Thailand & Germany ,15,
2458,ANITA_Thailand & Germany ,256524,,,,,,,,2501,10000,M,White,,156,,,,header-parsed,ANITA_Thailand & Germany ,15,
2459,ANITA_Thailand & Germany ,256524,,,,,,,,2501,10000,M,Light,,160,,,,header-parsed,ANITA_Thailand & Germany ,15,
2460,ANITA_Thailand & Germany ,256524,,,,,,,,2501,10000,M,Medium,,164,,,,header-parsed,ANITA_Thailand & Germany ,15,
2461,ANITA_Thailand & Germany ,256524,,,,,,,,2501,10000,M,Dark,,169,,,,header-parsed,ANITA_Thailand & Germany ,15,
2462,ANITA_Thailand & Germany ,255028,,,,,,,,200,600,M,Medium,6.17,,,,,header-parsed,ANITA_Thailand & Germany ,20,
2463,ANITA_Thailand & Germany ,255028,,,,,,,,601,2000,M,Medium,5.4,,,,,header-parsed,ANITA_Thailand & Germany ,21,
2464,ANITA_Thailand & Germany ,255028,,,,,,,,2001,5000,M,Medium,5.1,,,,,header-parsed,ANITA_Thailand & Germany ,22,
2465,ANITA_Thailand & Germany ,255028,,,,,,,,200,600,M,Medium,6.17,,,,,header-parsed,ANITA_Thailand & Germany ,27,
2466,ANITA_Thailand & Germany ,255028,,,,,,,,200,600,M,PFE/PFD,,216,,,,header-parsed,ANITA_Thailand & Germany ,27,
2467,ANITA_Thailand & Germany ,255028,,,,,,,,601,2000,M,Medium,5.4,,,,,header-parsed,ANITA_Thailand & Germany ,28,
2468,ANITA_Thailand & Germany ,255028,,,,,,,,601,2000,M,PFE/PFD,,189,,,,header-parsed,ANITA_Thailand & Germany ,28,
2469,ANITA_Thailand & Germany ,255028,,,,,,,,2001,5000,M,Medium,5.1,,,,,header-parsed,ANITA_Thailand & Germany ,29,
2470,ANITA_Thailand & Germany ,255028,,,,,,,,2001,5000,M,PFE/PFD,,179,,,,header-parsed,ANITA_Thailand & Germany ,29,
2471,ANITA_Thailand & Germany ,255028,,,,,,,,1,,M,Light,4.93,,,,,header-parsed,ANITA_Thailand & Germany ,30,
2472,ANITA_Thailand & Germany ,255028,,,,,,,,1,,M,Dark,136,,,,,header-parsed,ANITA_Thailand & Germany ,30,
2473,ANITA_Thailand & Germany ,254990,,,,,,,,200,700,M,Light,2.2,,,,,header-parsed,ANITA_Thailand & Germany ,36,
2474,ANITA_Thailand & Germany ,254990,,,,,,,,200,700,M,Medium,2.86666666666667,,,,,header-parsed,ANITA_Thailand & Germany ,36,
2475,ANITA_Thailand & Germany ,254990,,,,,,,,200,700,M,PFE/PFD,,66,,,,header-parsed,ANITA_Thailand & Germany ,36,
2476,ANITA_Thailand & Germany ,254990,,,,,,,,200,700,M,White,,86,,,,header-parsed,ANITA_Thailand & Germany ,36,
2477,ANITA_Thailand & Germany ,254990,,,,,,,,701,2500,M,Light,1.86666666666667,,,,,header-parsed,ANITA_Thailand & Germany ,37,
2478,ANITA_Thailand & Germany ,254990,,,,,,,,701,2500,M,Medium,2.35,,,,,header-parsed,ANITA_Thailand & Germany ,37,
2479,ANITA_Thailand & Germany ,254990,,,,,,,,701,2500,M,PFE/PFD,,56,,,,header-parsed,ANITA_Thailand & Germany ,37,
2480,ANITA_Thailand & Germany ,254990,,,,,,,,701,2500,M,White,,71,,,,header-parsed,ANITA_Thailand & Germany ,37,
2481,ANITA_Thailand & Germany ,254990,,,,,,,,2501,10000,M,Light,1.8,,,,,header-parsed,ANITA_Thailand & Germany ,38,
2482,ANITA_Thailand & Germany ,254990,,,,,,,,2501,10000,M,Medium,2.18333333333333,,,,,header-parsed,ANITA_Thailand & Germany ,38,
2483,ANITA_Thailand & Germany ,254990,,,,,,,,2501,10000,M,PFE/PFD,,54,,,,header-parsed,ANITA_Thailand & Germany ,38,
2484,ANITA_Thailand & Germany ,254990,,,,,,,,2501,10000,M,White,,66,,,,header-parsed,ANITA_Thailand & Germany ,38,
2485,ANITA_Thailand & Germany ,254990,,,,,,,,200,700,M,Light,2.35,,,,,header-parsed,ANITA_Thailand & Germany ,41,
2486,ANITA_Thailand & Germany ,254990,,,,,,,,200,700,M,Medium,3.02,,,,,header-parsed,ANITA_Thailand & Germany ,41,
2487,ANITA_Thailand & Germany ,254990,,,,,,,,200,700,M,PFE/PFD,,69,,,,header-parsed,ANITA_Thailand & Germany ,41,
2488,ANITA_Thailand & Germany ,254990,,,,,,,,200,700,M,White,,90,,,,header-parsed,ANITA_Thailand & Germany ,41,
2489,ANITA_Thailand & Germany ,254990,,,,,,,,701,2500,M,Light,2.02,,,,,header-parsed,ANITA_Thailand & Germany ,42,
2490,ANITA_Thailand & Germany ,254990,,,,,,,,701,2500,M,Medium,2.5,,,,,header-parsed,ANITA_Thailand & Germany ,42,
2491,ANITA_Thailand & Germany ,254990,,,,,,,,701,2500,M,PFE/PFD,,59,,,,header-parsed,ANITA_Thailand & Germany ,42,
2492,ANITA_Thailand & Germany ,254990,,,,,,,,701,2500,M,White,,75,,,,header-parsed,ANITA_Thailand & Germany ,42,
2493,ANITA_Thailand & Germany ,254990,,,,,,,,2501,10000,M,Light,1.85,,,,,header-parsed,ANITA_Thailand & Germany ,43,
2494,ANITA_Thailand & Germany ,254990,,,,,,,,2501,10000,M,Medium,2.33,,,,,header-parsed,ANITA_Thailand & Germany ,43,
2495,ANITA_Thailand & Germany ,254990,,,,,,,,2501,10000,M,PFE/PFD,,57,,,,header-parsed,ANITA_Thailand & Germany ,43,
2496,ANITA_Thailand & Germany ,254990,,,,,,,,2501,10000,M,White,,69,,,,header-parsed,ANITA_Thailand & Germany ,43,
2497,ANITA_Thailand & Germany ,256530,,,,,,,,200,700,M,Light,2.16666666666667,,,,,header-parsed,ANITA_Thailand & Germany ,49,
2498,ANITA_Thailand & Germany ,256530,,,,,,,,200,700,M,Medium,2.83333333333333,,,,,header-parsed,ANITA_Thailand & Germany ,49,
2499,ANITA_Thailand & Germany ,256530,,,,,,,,200,700,M,PFE/PFD,,65,,,,header-parsed,ANITA_Thailand & Germany ,49,
2500,ANITA_Thailand & Germany ,256530,,,,,,,,200,700,M,White,,85,,,,header-parsed,ANITA_Thailand & Germany ,49,
2501,ANITA_Thailand & Germany ,256530,,,,,,,,701,2500,M,Light,2,,,,,header-parsed,ANITA_Thailand & Germany ,50,
2502,ANITA_Thailand & Germany ,256530,,,,,,,,701,2500,M,Medium,2.5,,,,,header-parsed,ANITA_Thailand & Germany ,50,
2503,ANITA_Thailand & Germany ,256530,,,,,,,,701,2500,M,PFE/PFD,,60,,,,header-parsed,ANITA_Thailand & Germany ,50,
2504,ANITA_Thailand & Germany ,256530,,,,,,,,701,2500,M,White,,75,,,,header-parsed,ANITA_Thailand & Germany ,50,
2505,ANITA_Thailand & Germany ,256530,,,,,,,,2501,10000,M,Light,1.83333333333333,,,,,header-parsed,ANITA_Thailand & Germany ,51,
2506,ANITA_Thailand & Germany ,256530,,,,,,,,2501,10000,M,Medium,2.16666666666667,,,,,header-parsed,ANITA_Thailand & Germany ,51,
2507,ANITA_Thailand & Germany ,256530,,,,,,,,2501,10000,M,PFE/PFD,,55,,,,header-parsed,ANITA_Thailand & Germany ,51,
2508,ANITA_Thailand & Germany ,256530,,,,,,,,2501,10000,M,White,,65,,,,header-parsed,ANITA_Thailand & Germany ,51,
2509,ANITA_Thailand & Germany ,254824,,,,,,,,200,600,M,Light,3.16666666666667,,,,,header-parsed,ANITA_Thailand & Germany ,56,
2510,ANITA_Thailand & Germany ,254824,,,,,,,,200,600,M,Medium,3.76666666666667,,,,,header-parsed,ANITA_Thailand & Germany ,56,
2511,ANITA_Thailand & Germany ,254824,,,,,,,,200,600,M,PFE/PFD,,95,,,,header-parsed,ANITA_Thailand & Germany ,56,
2512,ANITA_Thailand & Germany ,254824,,,,,,,,200,600,M,White,,113,,,,header-parsed,ANITA_Thailand & Germany ,56,
2513,ANITA_Thailand & Germany ,254824,,,,,,,,601,2000,M,Light,2.83333333333333,,,,,header-parsed,ANITA_Thailand & Germany ,57,
2514,ANITA_Thailand & Germany ,254824,,,,,,,,601,2000,M,Medium,3.33333333333333,,,,,header-parsed,ANITA_Thailand & Germany ,57,
2515,ANITA_Thailand & Germany ,254824,,,,,,,,601,2000,M,PFE/PFD,,85,,,,header-parsed,ANITA_Thailand & Germany ,57,
2516,ANITA_Thailand & Germany ,254824,,,,,,,,601,2000,M,White,,100,,,,header-parsed,ANITA_Thailand & Germany ,57,
2517,ANITA_Thailand & Germany ,254824,,,,,,,,2001,5000,M,Light,2.76666666666667,,,,,header-parsed,ANITA_Thailand & Germany ,58,
2518,ANITA_Thailand & Germany ,254824,,,,,,,,2001,5000,M,Medium,3.23333333333333,,,,,header-parsed,ANITA_Thailand & Germany ,58,
2519,ANITA_Thailand & Germany ,254824,,,,,,,,2001,5000,M,PFE/PFD,,83,,,,header-parsed,ANITA_Thailand & Germany ,58,
2520,ANITA_Thailand & Germany ,254824,,,,,,,,2001,5000,M,White,,97,,,,header-parsed,ANITA_Thailand & Germany ,58,
2521,ANITA_Thailand & Germany ,255676BA/11,,,,,,,,200,500,M,White,3.1,,,,,header-parsed,ANITA_Thailand & Germany ,84,
2522,ANITA_Thailand & Germany ,255676BA/11,,,,,,,,200,500,M,Medium,100,,,,,header-parsed,ANITA_Thailand & Germany ,84,
2523,ANITA_Thailand & Germany ,255676BA/11,,,,,,,,501,1000,M,White,2.8,,,,,header-parsed,ANITA_Thailand & Germany ,85,
2524,ANITA_Thailand & Germany ,255676BA/11,,,,,,,,501,1000,M,Medium,89,,,,,header-parsed,ANITA_Thailand & Germany ,85,
2525,ANITA_Thailand & Germany ,255676BA/11,,,,,,,,1001,5000,M,White,2.6,,,,,header-parsed,ANITA_Thailand & Germany ,86,
2526,ANITA_Thailand & Germany ,255676BA/11,,,,,,,,1001,5000,M,Medium,84,,,,,header-parsed,ANITA_Thailand & Germany ,86,
2527,ANITA_Thailand & Germany ,255676BB/23,,,,,,,,200,500,M,White,3.35,,,,,header-parsed,ANITA_Thailand & Germany ,91,
2528,ANITA_Thailand & Germany ,255676BB/23,,,,,,,,200,500,M,Medium,100,,,,,header-parsed,ANITA_Thailand & Germany ,91,
2529,ANITA_Thailand & Germany ,255676BB/23,,,,,,,,501,1000,M,White,2.95,,,,,header-parsed,ANITA_Thailand & Germany ,92,
2530,ANITA_Thailand & Germany ,255676BB/23,,,,,,,,501,1000,M,Medium,89,,,,,header-parsed,ANITA_Thailand & Germany ,92,
2531,ANITA_Thailand & Germany ,255676BB/23,,,,,,,,1001,5000,M,White,2.8,,,,,header-parsed,ANITA_Thailand & Germany ,93,
2532,ANITA_Thailand & Germany ,255676BB/23,,,,,,,,1001,5000,M,Medium,84,,,,,header-parsed,ANITA_Thailand & Germany ,93,
2533,ANITA_Thailand & Germany ,255676BB/23,,,,,,,,200,500,M,White,3.65,,,,,header-parsed,ANITA_Thailand & Germany ,98,
2534,ANITA_Thailand & Germany ,255676BB/23,,,,,,,,200,500,M,Medium,110,,,,,header-parsed,ANITA_Thailand & Germany ,98,
2535,ANITA_Thailand & Germany ,255676BB/23,,,,,,,,501,1000,M,White,3.35,,,,,header-parsed,ANITA_Thailand & Germany ,99,
2536,ANITA_Thailand & Germany ,255676BB/23,,,,,,,,501,1000,M,Medium,100,,,,,header-parsed,ANITA_Thailand & Germany ,99,
2537,ANITA_Thailand & Germany ,255676BB/23,,,,,,,,1001,5000,M,White,3,,,,,header-parsed,ANITA_Thailand & Germany ,100,
2538,ANITA_Thailand & Germany ,255676BB/23,,,,,,,,1001,5000,M,Medium,90,,,,,header-parsed,ANITA_Thailand & Germany ,100,
2539,ANITA_Thailand & Germany ,255676BB/23,,,,,,,,3000,,M,PFE/PFD,255399,,,,,header-parsed,ANITA_Thailand & Germany ,105,
2540,ANITA_Thailand & Germany ,255676BB/23,,,,,,,,3000,,M,White,5.3,,,,,header-parsed,ANITA_Thailand & Germany ,105,
2541,ANITA_Thailand & Germany ,255676BB/23,,,,,,,,3000,,M,Medium,170,,,,,header-parsed,ANITA_Thailand & Germany ,105,
2542,ANITA_Thailand & Germany ,255676BB/23,,,,,,,,3000,,M,PFE/PFD,255399,,,,,header-parsed,ANITA_Thailand & Germany ,112,
2543,ANITA_Thailand & Germany ,255676BB/23,,,,,,,,3000,,M,White,6.15,,,,,header-parsed,ANITA_Thailand & Germany ,112,
2544,ANITA_Thailand & Germany ,255676BB/23,,,,,,,,3000,,M,Medium,185,,,,,header-parsed,ANITA_Thailand & Germany ,112,
2545,ANITA_Thailand & Germany ,255676BB/23,,,,,,,,3000,,M,PFE/PFD,255399,,,,,header-parsed,ANITA_Thailand & Germany ,118,
2546,ANITA_Thailand & Germany ,255676BB/23,,,,,,,,3000,,M,White,5.75,,,,,header-parsed,ANITA_Thailand & Germany ,118,
2547,ANITA_Thailand & Germany ,255676BB/23,,,,,,,,3000,,M,Medium,184,,,,,header-parsed,ANITA_Thailand & Germany ,118,
2548,ANITA_Thailand & Germany ,255676BB/23,,,,,,,,3000,,M,White,6.6,,,,,header-parsed,ANITA_Thailand & Germany ,122,
2549,ANITA_Thailand & Germany ,255676BB/23,,,,,,,,3000,,M,Medium,206,,,,,header-parsed,ANITA_Thailand & Germany ,122,
2550,ANITA_Thailand & Germany ,255676BB/23,,,,,,,,1000,,M,White,6.95,,,,,header-parsed,ANITA_Thailand & Germany ,128,
2551,ANITA_Thailand & Germany ,255676BB/23,,,,,,,,1000,,M,Medium,240,,,,,header-parsed,ANITA_Thailand & Germany ,128,
2552,ANITA_Thailand & Germany ,255676BB/23,,,,,,,,3000,,M,Dark,3.65,,,,,header-parsed,ANITA_Thailand & Germany ,135,
2553,ANITA_Thailand & Germany ,255676BB/23,,,,,,,,3000,,M,Dark,2.4,,,,,header-parsed,ANITA_Thailand & Germany ,139,
2554,ANITA_Thailand & Germany ,255676BB/23,,,,,,,,255123,,M,PFE/PFD,,3.7,,,,header-parsed,ANITA_Thailand & Germany ,154,
2555,ANITA_Thailand & Germany ,255676BB/23,,,,,,,,255708,,M,PFE/PFD,,3.15,,,,header-parsed,ANITA_Thailand & Germany ,162,
2556,ANITA_Thailand & Germany ,255676BB/23,,,,,,,,255708,,M,White,,3.95,,,,header-parsed,ANITA_Thailand & Germany ,162,
2557,ANITA_Thailand & Germany ,255676BB/23,,,,,,,,257035,,M,PFE/PFD,,6.95,,,,header-parsed,ANITA_Thailand & Germany ,169,
2558,ANITA_Thailand & Germany ,255676BB/23,,,,,,,,257035,,M,White,,240,,,,header-parsed,ANITA_Thailand & Germany ,169,
2559,ANITA_Thailand & Germany ,255676BB/23,,,,,,,,257140,,M,Dark,,4.1,,,,header-parsed,ANITA_Thailand & Germany ,179,
2560,ANITA_Thailand & Germany ,255676BB/23,,,,,,,,257154,,M,Dark,,6.55,,,,header-parsed,ANITA_Thailand & Germany ,181,
2561,ANITA_Thailand & Germany ,255676BB/23,,,,,,,,257159,,M,Dark,,9.45,,,,header-parsed,ANITA_Thailand & Germany ,184,
2562,ANITA_Thailand & Germany ,255676BB/23,,,,,,,,257160,,M,Dark,,5.7,,,,header-parsed,ANITA_Thailand & Germany ,187,
2563,ANITA_Thailand & Germany ,255676BB/23,,,,,,,,257168,,M,Dark,,6.6,,,,header-parsed,ANITA_Thailand & Germany ,190,
2564,ANITA_Thailand & Germany ,255676BB/23,,,,,,,,257185,,M,White,280,,,,,header-parsed,ANITA_Thailand & Germany ,193,
2565,ANITA_Thailand & Germany ,255676BB/23,,,,,,,,257185,,M,Light,170,,,,,header-parsed,ANITA_Thailand & Germany ,193,
2566,ANITA_Thailand & Germany ,255676BB/23,,,,,,,,257185,,M,Dark,,8.2,,,,header-parsed,ANITA_Thailand & Germany ,193,
2567,ANITA_Thailand & Germany ,255676BB/23,,,,,,,,257186,,M,White,220,,,,,header-parsed,ANITA_Thailand & Germany ,195,
2568,ANITA_Thailand & Germany ,255676BB/23,,,,,,,,257186,,M,Light,155,,,,,header-parsed,ANITA_Thailand & Germany ,195,
2569,ANITA_Thailand & Germany ,255676BB/23,,,,,,,,257186,,M,Dark,,6.95,,,,header-parsed,ANITA_Thailand & Germany ,195,
2570,ANITA_Thailand & Germany ,255676BB/23,,,,,,,,257183,,M,White,200,,,,,header-parsed,ANITA_Thailand & Germany ,197,
2571,ANITA_Thailand & Germany ,255676BB/23,,,,,,,,257183,,M,Light,130,,,,,header-parsed,ANITA_Thailand & Germany ,197,
2572,ANITA_Thailand & Germany ,255676BB/23,,,,,,,,257183,,M,Dark,,6.58,,,,header-parsed,ANITA_Thailand & Germany ,197,
2573,ANITA_Thailand & Germany ,255676BB/23,,,,,,,,257184,,M,White,225,,,,,header-parsed,ANITA_Thailand & Germany ,199,
2574,ANITA_Thailand & Germany ,255676BB/23,,,,,,,,257184,,M,Light,150,,,,,header-parsed,ANITA_Thailand & Germany ,199,
2575,ANITA_Thailand & Germany ,255676BB/23,,,,,,,,257184,,M,Dark,,9,,,,header-parsed,ANITA_Thailand & Germany ,199,
2576,ANITA_Thailand & Germany ,255676BB/23,,,,,,,,257225,,M,Medium,5000,,,,,header-parsed,ANITA_Thailand & Germany ,205,
2577,ANITA_Thailand & Germany ,255676BB/23,,,,,,,,257225,,M,Dark,500,,,,,header-parsed,ANITA_Thailand & Germany ,205,
2578,ANITA_Thailand & Germany ,255676BB/23,,,,,,,,257225,,M,PFE/PFD,,110,,,,header-parsed,ANITA_Thailand & Germany ,205,
2579,ANITA_Thailand & Germany ,255387,,,,,,,,45533,,M,Light,,2.8,,,,header-parsed,ANITA_Thailand & Germany ,250,
2580,ANITA_Thailand & Germany ,255387,,,,,,,,45729,,M,Light,165,,,,,header-parsed,ANITA_Thailand & Germany ,257,
2581,ANITA_Thailand & Germany ,255387,,,,,,,,45729,,M,Medium,157,,,,,header-parsed,ANITA_Thailand & Germany ,257,
2582,ANITA_Thailand & Germany ,255387,,,,,,,,45729,,M,Light,,3.75,,,,header-parsed,ANITA_Thailand & Germany ,257,
2583,ANITA_Thailand & Germany ,255387,,,,,,,,45729,,M,Medium,,120,,,,header-parsed,ANITA_Thailand & Germany ,257,
2584,ANITA_Thailand & Germany ,255387,,,,,,,,44616,,M,Medium,,150,,,,header-parsed,ANITA_Thailand & Germany ,261,
2585,ANITA_Thailand & Germany ,255387,,,,,,,,44820,,M,PFE/PFD,490,,,,,header-parsed,ANITA_Thailand & Germany ,269,
2586,ANITA_Thailand & Germany ,255387,,,,,,,,44820,,M,White,514.5,,,,,header-parsed,ANITA_Thailand & Germany ,269,
2587,ANITA_Thailand & Germany ,255387,,,,,,,,44820,,M,Light,51.45,,,,,header-parsed,ANITA_Thailand & Germany ,269,
2588,ANITA_Thailand & Germany ,255387,,,,,,,,44820,,M,Medium,565.95,,,,,header-parsed,ANITA_Thailand & Germany ,269,
2589,ANITA_Thailand & Germany ,255387,,,,,,,,44820,,M,Dark,77.18,,,,,header-parsed,ANITA_Thailand & Germany ,269,
2590,ANITA_Thailand & Germany ,255387,,,,,,,,44820,,M,PFE/PFD,,591.68,,,,header-parsed,ANITA_Thailand & Germany ,269,
2591,ANITA_Thailand & Germany ,255387,,,,,,,,45064,,M,PFE/PFD,499,,,,,header-parsed,ANITA_Thailand & Germany ,276,
2592,ANITA_Thailand & Germany ,255387,,,,,,,,45064,,M,White,523.95,,,,,header-parsed,ANITA_Thailand & Germany ,276,
2593,ANITA_Thailand & Germany ,255387,,,,,,,,45064,,M,Light,52.4,,,,,header-parsed,ANITA_Thailand & Germany ,276,
2594,ANITA_Thailand & Germany ,255387,,,,,,,,45064,,M,Medium,576.35,,,,,header-parsed,ANITA_Thailand & Germany ,276,
2595,ANITA_Thailand & Germany ,255387,,,,,,,,45064,,M,Dark,78.59,,,,,header-parsed,ANITA_Thailand & Germany ,276,
2596,ANITA_Thailand & Germany ,255387,,,,,,,,45064,,M,PFE/PFD,,602.54,,,,header-parsed,ANITA_Thailand & Germany ,276,
2597,Aronne Faccio,254804,,PA Power Net Elastic Tuell,"86% PA, 14% PUE",,142 - 147 cm.,45 - 50 g/m2,,200,700,M,Medium,3.77,,,,,header-parsed,Aronne Faccio,34,
2598,Aronne Faccio,254804,,PA Power Net Elastic Tuell,"86% PA, 14% PUE",,142 - 147 cm.,45 - 50 g/m2,,701,2500,M,Medium,3.4,,,,,header-parsed,Aronne Faccio,35,
2599,Aronne Faccio,254804,,PA Power Net Elastic Tuell,"86% PA, 14% PUE",,142 - 147 cm.,45 - 50 g/m2,,2501,,M,Medium,3.22,,,,,header-parsed,Aronne Faccio,36,
2600,Aronne Faccio,254804,,PA Power Net Elastic Tuell,"86% PA, 14% PUE",,142 - 147 cm.,45 - 50 g/m2,,200,700,M,White,3.87,,,,,header-parsed,Aronne Faccio,67,
2601,Aronne Faccio,254804,,PA Power Net Elastic Tuell,"86% PA, 14% PUE",,142 - 147 cm.,45 - 50 g/m2,,701,2500,M,White,3.4,,,,,header-parsed,Aronne Faccio,68,
2602,Aronne Faccio,254804,,PA Power Net Elastic Tuell,"86% PA, 14% PUE",,142 - 147 cm.,45 - 50 g/m2,,2501,,M,White,3.22,,,,,header-parsed,Aronne Faccio,69,
2603,Aronne Faccio,254804,,PA Power Net Elastic Tuell,"86% PA, 14% PUE",,142 - 147 cm.,45 - 50 g/m2,,200,700,M,White,4.12,,,,,header-parsed,Aronne Faccio,78,
2604,Aronne Faccio,254804,,PA Power Net Elastic Tuell,"86% PA, 14% PUE",,142 - 147 cm.,45 - 50 g/m2,,701,2500,M,White,3.4,,,,,header-parsed,Aronne Faccio,79,
2605,Aronne Faccio,254804,,PA Power Net Elastic Tuell,"86% PA, 14% PUE",,142 - 147 cm.,45 - 50 g/m2,,2501,,M,White,3.22,,,,,header-parsed,Aronne Faccio,80,
2606,Ateliers,255042,,POWER MESH,"72% PA, 28% ELASTANE",170  - 180 cm.,165 - 175 cm.,152-168 g/m2,"3,000m.",240,,M,PFE/PFD,8,,,,,header-parsed,Ateliers,3,
2607,Ateliers,255042,,POWER MESH,"72% PA, 28% ELASTANE",170  - 180 cm.,165 - 175 cm.,152-168 g/m2,"3,000m.",240,,M,All_colors,8.67,,,,,header-parsed,Ateliers,3,
2608,Ateliers,255042,,POWER MESH,"72% PA, 28% ELASTANE",170  - 180 cm.,165 - 175 cm.,152-168 g/m2,"3,000m.",360,,M,PFE/PFD,7.17,,,,,header-parsed,Ateliers,4,
2609,Ateliers,255042,,POWER MESH,"72% PA, 28% ELASTANE",170  - 180 cm.,165 - 175 cm.,152-168 g/m2,"3,000m.",360,,M,All_colors,8,,,,,header-parsed,Ateliers,4,
2610,Ateliers,255042,,POWER MESH,"72% PA, 28% ELASTANE",170  - 180 cm.,165 - 175 cm.,152-168 g/m2,"3,000m.",720,,M,PFE/PFD,6.83,,,,,header-parsed,Ateliers,5,
2611,Ateliers,255042,,POWER MESH,"72% PA, 28% ELASTANE",170  - 180 cm.,165 - 175 cm.,152-168 g/m2,"3,000m.",720,,M,All_colors,7.67,,,,,header-parsed,Ateliers,5,
2612,Ausco,254555,,,100%PES,,157 - 162,,-,1,,M,PFE/PFD,,35,,,,header-parsed,Ausco,6,
2613,Ausco,254555,,,100%PES,,157 - 162,,-,1,,M,PFE/PFD,,34,,,,header-parsed,Ausco,7,
2614,Ausco,254588,,,100%PES,,157 - 162,,-,1,,M,PFE/PFD,,34,,,,header-parsed,Ausco,10,1.08.22 P'Wai's mail
2615,Ausco,254588,,,100%PES,,157 - 162,,-,1,,M,PFE/PFD,,32,,,,header-parsed,Ausco,11,1.08.22 P'Wai's mail
2616,Ausco,254824BA/14,,,"70% PA, 30% ELASTANE",,147 - 152,,"3,000 m.",1,,M,PFE/PFD,2.89,,,,,header-parsed,Ausco,14,
2617,Ausco,254824BA/14,,,"70% PA, 30% ELASTANE",,147 - 152,,"3,000 m.",1,,M,PFE/PFD,2.58,,,,,header-parsed,Ausco,15,
2618,Ausco,254824BA/14,,,"70% PA, 30% ELASTANE",,147 - 152,,"3,000 m.",1,,M,PFE/PFD,2.53,,,,,header-parsed,Ausco,16,
2619,Ausco,254555,,,100%PES,,157 - 162,,"3,000 m.",1,,M,PFE/PFD,2.33,,,,,header-parsed,Ausco,23,18.06.22 K.Sivy Line add 10 cents per yard : the new price for 2245/25455 after finish greige booking ST-2200062 (20.05.22)and start new price for next greige booking onwards.
2620,Ausco,254555,,,100%PES,,157 - 162,,"3,000 m.",1,,M,PFE/PFD,1.93,,,,,header-parsed,Ausco,24,18.06.22 K.Sivy Line add 10 cents per yard : the new price for 2245/25455 after finish greige booking ST-2200062 (20.05.22)and start new price for next greige booking onwards.
2621,Ausco,254555,,,100%PES,,157 - 162,,"3,000 m.",1,,M,PFE/PFD,1.87,,,,,header-parsed,Ausco,25,18.06.22 K.Sivy Line add 10 cents per yard : the new price for 2245/25455 after finish greige booking ST-2200062 (20.05.22)and start new price for next greige booking onwards.
2622,Ausco,254555,,,100%PES,,157 - 162,,"3,000 m.",1,,M,PFE/PFD,1.45,,,,,header-parsed,Ausco,26,"Term: FOB Bangkok, Prices are valid from 1st August – 30th October 2022."
2623,Ausco,254555,,,100%PES,,157 - 162,,"3,000 m.",1,,M,PFE/PFD,1.25,,,,,header-parsed,Ausco,27,"Term: FOB Bangkok, Prices are valid from 1st August – 30th October 2022."
2624,Ausco,254555,,,100%PES,,157 - 162,,"3,000 m.",1,,M,PFE/PFD,1.15,,,,,header-parsed,Ausco,28,"Term: FOB Bangkok, Prices are valid from 1st August – 30th October 2022."
2625,Ausco,254555,,,100%PES,,157 - 162,,"3,000 m.",1,,M,PFE/PFD,2.13,,,,,header-parsed,Ausco,29,"10.06.22 K.Sivy increse FOB BKK with 10 cents every step base on PH garment, start 1st July and valid within 3 mounts"
2626,Ausco,254555,,,100%PES,,157 - 162,,"3,000 m.",1,,M,PFE/PFD,1.73,,,,,header-parsed,Ausco,30,"10.06.22 K.Sivy increse FOB BKK with 10 cents every step base on PH garment, start 1st July and valid within 3 mounts"
2627,Ausco,254555,,,100%PES,,157 - 162,,"3,000 m.",1,,M,PFE/PFD,1.67,,,,,header-parsed,Ausco,31,"10.06.22 K.Sivy increse FOB BKK with 10 cents every step base on PH garment, start 1st July and valid within 3 mounts"
2628,Ausco,254555,,,100%PES,,157 - 162,,"3,000 m.",1,,M,PFE/PFD,2.23,,,,,header-parsed,Ausco,32,"14.06.22 P'Da's mail : Delivery Term : FOB BKK, Prices valid : Start from 1 July 2022 and valid within 3 months"
2629,Ausco,254555,,,100%PES,,157 - 162,,"3,000 m.",1,,M,PFE/PFD,1.83,,,,,header-parsed,Ausco,33,"14.06.22 P'Da's mail : Delivery Term : FOB BKK, Prices valid : Start from 1 July 2022 and valid within 3 months"
2630,Ausco,254555,,,100%PES,,157 - 162,,"3,000 m.",1,,M,PFE/PFD,1.77,,,,,header-parsed,Ausco,34,"14.06.22 P'Da's mail : Delivery Term : FOB BKK, Prices valid : Start from 1 July 2022 and valid within 3 months"
2631,Ausco,254555,,,100%PES,,157 - 162,,"3,000 m.",1,,M,PFE/PFD,2.23,,,,,header-parsed,Ausco,35,"Delivery Term : Ex-work, Prices valid : Start from now on and valid within 3 months"
2632,Ausco,254555,,,100%PES,,157 - 162,,"3,000 m.",1,,M,PFE/PFD,1.83,,,,,header-parsed,Ausco,36,"Delivery Term : Ex-work, Prices valid : Start from now on and valid within 3 months"
2633,Ausco,254555,,,100%PES,,157 - 162,,"3,000 m.",1,,M,PFE/PFD,1.77,,,,,header-parsed,Ausco,37,"Delivery Term : Ex-work, Prices valid : Start from now on and valid within 3 months"
2634,Ausco,254553,,,100% PA,,145 - 150,,"3,000 m.",1,,M,PFE/PFD,2.3,,,,,header-parsed,Ausco,38,"Delivery Term : Ex-work, Prices valid : Start from now on and valid within 3 months"
2635,Ausco,254553,,,100% PA,,145 - 150,,"3,000 m.",1,,M,PFE/PFD,1.97,,,,,header-parsed,Ausco,39,"Delivery Term : Ex-work, Prices valid : Start from now on and valid within 3 months"
2636,Ausco,254553,,,100% PA,,145 - 150,,"3,000 m.",1,,M,PFE/PFD,1.9,,,,,header-parsed,Ausco,40,"Delivery Term : Ex-work, Prices valid : Start from now on and valid within 3 months"
2637,Ausco,254824,,,"70%PA, 30%ELASTANE",,147 - 152,,"3,000 m.",1,,M,PFE/PFD,3.17,,,,,header-parsed,Ausco,41,"Delivery Term : Ex-work, Prices valid : Start from now on and valid within 3 months"
2638,Ausco,254824,,,"70%PA, 30%ELASTANE",,147 - 152,,"3,000 m.",1,,M,PFE/PFD,2.83,,,,,header-parsed,Ausco,42,"Delivery Term : Ex-work, Prices valid : Start from now on and valid within 3 months"
2639,Ausco,254824,,,"70%PA, 30%ELASTANE",,147 - 152,,"3,000 m.",1,,M,PFE/PFD,2.77,,,,,header-parsed,Ausco,43,"Delivery Term : Ex-work, Prices valid : Start from now on and valid within 3 months"
2640,Ausco,254555,,,100%PES,,157 - 162,,"3,000 m.",1,,M,PFE/PFD,2.23,,,,,header-parsed,Ausco,44,"Fior Shinyoung Wacoal / Delivery Term : Ex-work, Prices valid : Start from now on and valid within 3 months"
2641,Ausco,254555,,,100%PES,,157 - 162,,"3,000 m.",1,,M,PFE/PFD,1.83,,,,,header-parsed,Ausco,45,"Fior Shinyoung Wacoal / Delivery Term : Ex-work, Prices valid : Start from now on and valid within 3 months"
2642,Ausco,254555,,,100%PES,,157 - 162,,"3,000 m.",1,,M,PFE/PFD,1.77,,,,,header-parsed,Ausco,46,"Fior Shinyoung Wacoal / Delivery Term : Ex-work, Prices valid : Start from now on and valid within 3 months"
2643,Ausco,254933,,,"87% PES, 13% ELASTANE",,152 - 157,,"3,000 m.",1,,M,PFE/PFD,2.63,,,,,header-parsed,Ausco,47,"6.10.22 Joy's mail : Delivery Term : FOB BKK, Prices valid : end Dec.2022"
2644,Ausco,254933,,,"87% PES, 13% ELASTANE",,152 - 157,,"3,000 m.",1,,M,PFE/PFD,2.33,,,,,header-parsed,Ausco,48,"6.10.22 Joy's mail : Delivery Term : FOB BKK, Prices valid : end Dec.2022"
2645,Ausco,254933,,,"87% PES, 13% ELASTANE",,152 - 157,,"3,000 m.",1,,M,PFE/PFD,2.27,,,,,header-parsed,Ausco,49,"6.10.22 Joy's mail : Delivery Term : FOB BKK, Prices valid : end Dec.2022"
2646,Ausco,255730,,,100% Recycle PES,,150 - 160,,"3,000 m.",1,,M,PFE/PFD,2.33,,,,,header-parsed,Ausco,50,LINE ETH sale Team 17.10.22 (K.Sivy) : 255730 28 gauge Pes 30/6
2647,Ausco,255730,,,100% Recycle PES,,150 - 160,,"3,000 m.",1,,M,PFE/PFD,1.93,,,,,header-parsed,Ausco,51,
2648,Ausco,255730,,,100% Recycle PES,,150 - 160,,"3,000 m.",1,,M,PFE/PFD,1.87,,,,,header-parsed,Ausco,52,
2649,Ausco,254553,,,100%PA,,145 - 150,,"3,000 m.",1,,M,PFE/PFD,2.3,,,,,header-parsed,Ausco,65,
2650,Ausco,254553,,,100%PA,,145 - 150,,"3,000 m.",1,,M,PFE/PFD,1.97,,,,,header-parsed,Ausco,66,
2651,Ausco,254553,,,100%PA,,145 - 150,,"3,000 m.",1,,M,PFE/PFD,1.9,,,,,header-parsed,Ausco,67,
2652,Ausco,254824,,,"70% PA, 30% ELASTANE",,147 - 152,,"3,000 m.",1,,M,PFE/PFD,3.17,,,,,header-parsed,Ausco,68,"4.01.22 : Joy's email, Delivery Term : FOB Bangkok, Thailand"
2653,Ausco,254824,,,"70% PA, 30% ELASTANE",,147 - 152,,"3,000 m.",1,,M,PFE/PFD,2.83,,,,,header-parsed,Ausco,69,"4.01.22 : Joy's email, Delivery Term : FOB Bangkok, Thailand"
2654,Ausco,254824,,,"70% PA, 30% ELASTANE",,147 - 152,,"3,000 m.",1,,M,PFE/PFD,2.77,,,,,header-parsed,Ausco,70,"4.01.22 : Joy's email, Delivery Term : FOB Bangkok, Thailand"
2655,Ausco,254824,,,"70% PA, 30% ELASTANE",,147 - 152,,"3,000 m.",1,,M,PFE/PFD,3.27,,,,,header-parsed,Ausco,71,"31.07.23 : Joy's email, Delivery Term : FOB Bangkok, Thailand"
2656,Ausco,254824,,,"70% PA, 30% ELASTANE",,147 - 152,,"3,000 m.",1,,M,PFE/PFD,2.92,,,,,header-parsed,Ausco,72,"31.07.23 : Joy's email, Delivery Term : FOB Bangkok, Thailand"
2657,Ausco,254824,,,"70% PA, 30% ELASTANE",,147 - 152,,"3,000 m.",1,,M,PFE/PFD,2.86,,,,,header-parsed,Ausco,73,"31.07.23 : Joy's email, Delivery Term : FOB Bangkok, Thailand"
2658,Ausco,254582,,,100% PA,,157 - 162,,"3,000 m.",1,,M,PFE/PFD,2,,,,,header-parsed,Ausco,74,"4.10.22 : Joy's email, Delivery Term : FOB Bangkok, Thailand"
2659,Ausco,254582,,,100% PA,,157 - 162,,"3,000 m.",1,,M,PFE/PFD,1.67,,,,,header-parsed,Ausco,75,"4.10.22 : Joy's email, Delivery Term : FOB Bangkok, Thailand"
2660,Ausco,254582,,,100% PA,,157 - 162,,"3,000 m.",1,,M,PFE/PFD,1.57,,,,,header-parsed,Ausco,76,"4.10.22 : Joy's email, Delivery Term : FOB Bangkok, Thailand"
2661,Ausco,254955,,,"86% PA, 14% ELASTANE",,153 - 158,,"3,000 m.",1,,M,PFE/PFD,2.7,,,,,header-parsed,Ausco,77,16.06.22 : Joy's email to Ausco for customer HAT (Medical purpose) / Checked with K.Sivy add up 10 cents each step Center price by LINE date 15.06.22
2662,Ausco,254955,,,"86% PA, 14% ELASTANE",,153 - 158,,"3,000 m.",1,,M,PFE/PFD,2.33,,,,,header-parsed,Ausco,78,16.06.22 : Joy's email to Ausco for customer HAT (Medical purpose) / Checked with K.Sivy add up 10 cents each step Center price by LINE date 15.06.22
2663,Ausco,254955,,,"86% PA, 14% ELASTANE",,153 - 158,,"3,000 m.",1,,M,PFE/PFD,2.27,,,,,header-parsed,Ausco,79,16.06.22 : Joy's email to Ausco for customer HAT (Medical purpose) / Checked with K.Sivy add up 10 cents each step Center price by LINE date 15.06.22
2664,Ausco,255135,,,"86% PA, 14% ELASTANE",,155 - 160,,"3,000 m.",1,,M,PFE/PFD,3.55,,,,,header-parsed,Ausco,80,16.06.22 : Joy's email to Ausco for customer HAT (Medical purpose) / Checked with K.Sivy add up 20 cents each step Center price by LINE date 15.06.22
2665,Ausco,255135,,,"86% PA, 14% ELASTANE",,155 - 160,,"3,000 m.",1,,M,PFE/PFD,3.1,,,,,header-parsed,Ausco,81,16.06.22 : Joy's email to Ausco for customer HAT (Medical purpose) / Checked with K.Sivy add up 20 cents each step Center price by LINE date 15.06.22
2666,Ausco,255135,,,"86% PA, 14% ELASTANE",,155 - 160,,"3,000 m.",1,,M,PFE/PFD,2.88,,,,,header-parsed,Ausco,82,16.06.22 : Joy's email to Ausco for customer HAT (Medical purpose) / Checked with K.Sivy add up 20 cents each step Center price by LINE date 15.06.22
2667,Ausco,255434,,,"90% PA, 10% ELASTANE",,148 - 158,,"3,000 m.",1,,M,PFE/PFD,3.27,,,,,header-parsed,Ausco,83,16.06.22 : Joy's email to Ausco for customer HAT (Medical purpose) / Checked with K.Sivy add up 10 cents each step Center price by LINE date 15.06.22
2668,Ausco,255434,,,"90% PA, 10% ELASTANE",,148 - 158,,"3,000 m.",1,,M,PFE/PFD,2.93,,,,,header-parsed,Ausco,84,16.06.22 : Joy's email to Ausco for customer HAT (Medical purpose) / Checked with K.Sivy add up 10 cents each step Center price by LINE date 15.06.22
2669,Ausco,255434,,,"90% PA, 10% ELASTANE",,148 - 158,,"3,000 m.",1,,M,PFE/PFD,2.77,,,,,header-parsed,Ausco,85,16.06.22 : Joy's email to Ausco for customer HAT (Medical purpose) / Checked with K.Sivy add up 10 cents each step Center price by LINE date 15.06.22
2670,Ausco,255730,,,100% RECYCLED POLYESTER,,,,-,1,,M,PFE/PFD,1.85,,,,,header-parsed,Ausco,98,"FOB Bangkok, Valid 30 Jan 2023    ,   ENDS & PICKS / COURSES & WALES : CPT 129 / WPT 26 , GAUGE : 28  , PES 30D (P'Waii's email to Juno / Liberty)"
2671,Ausco,255730,,,100% RECYCLED POLYESTER,,,,-,1,,M,PFE/PFD,1.7,,,,,header-parsed,Ausco,99,"FOB Bangkok, Valid 30 Jan 2023    ,   ENDS & PICKS / COURSES & WALES : CPT 129 / WPT 26 , GAUGE : 28  , PES 30D (P'Waii's email to Juno / Liberty)"
2672,Ausco,255730,,,100% RECYCLED POLYESTER,,,,-,1,,M,PFE/PFD,1.4,,,,,header-parsed,Ausco,100,"FOB Bangkok, Valid 30 Jan 2023    ,   ENDS & PICKS / COURSES & WALES : CPT 129 / WPT 26 , GAUGE : 28  , PES 30D (P'Waii's email to Juno / Liberty)"
2673,Ausco,255730,,,100% RECYCLED POLYESTER,,,,-,1,,M,PFE/PFD,1.25,,,,,header-parsed,Ausco,101,"FOB Bangkok, Valid 30 Jan 2023    ,   ENDS & PICKS / COURSES & WALES : CPT 129 / WPT 26 , GAUGE : 28  , PES 30D (P'Waii's email to Juno / Liberty)"
2674,Ausco,255730,,,100% RECYCLED POLYESTER,,,,-,1,,M,PFE/PFD,1.2,,,,,header-parsed,Ausco,102,"FOB Bangkok, Valid 30 Jan 2023    ,   ENDS & PICKS / COURSES & WALES : CPT 129 / WPT 26 , GAUGE : 28  , PES 30D (P'Waii's email to Juno / Liberty)"
2675,Ausco,255730,,,100% RECYCLED POLYESTER,,,,-,1,,M,PFE/PFD,1.85,,,,,header-parsed,Ausco,103,P'Wai email to Juno
2676,Ausco,255730,,,100% RECYCLED POLYESTER,,,,-,1,,M,PFE/PFD,1.7,,,,,header-parsed,Ausco,104,P'Wai email to Juno
2677,Ausco,255730,,,100% RECYCLED POLYESTER,,,,-,1,,M,PFE/PFD,1.4,,,,,header-parsed,Ausco,105,P'Wai email to Juno
2678,Ausco,255730,,,100% RECYCLED POLYESTER,,,,-,1,,M,PFE/PFD,1.25,,,,,header-parsed,Ausco,106,P'Wai email to Juno
2679,Ausco,255730,,,100% RECYCLED POLYESTER,,,,-,1,,M,PFE/PFD,1.2,,,,,header-parsed,Ausco,107,P'Wai email to Juno
2680,Ausco,255730,,,100% RECYCLED POLYESTER,,,,-,1,,M,PFE/PFD,1.85,,,,,header-parsed,Ausco,108,"1.09.23 : K.Sivy ask is this my most updated price, we can offer"
2681,Ausco,255730,,,100% RECYCLED POLYESTER,,,,-,1,,M,PFE/PFD,1.7,,,,,header-parsed,Ausco,109,"1.09.23 : K.Sivy ask is this my most updated price, we can offer"
2682,Ausco,255730,,,100% RECYCLED POLYESTER,,,,-,1,,M,PFE/PFD,1.4,,,,,header-parsed,Ausco,110,"1.09.23 : K.Sivy ask is this my most updated price, we can offer"
2683,Ausco,255730,,,100% RECYCLED POLYESTER,,,,-,1,,M,PFE/PFD,1.25,,,,,header-parsed,Ausco,111,"1.09.23 : K.Sivy ask is this my most updated price, we can offer"
2684,Ausco,255730,,,100% RECYCLED POLYESTER,,,,-,1,,M,PFE/PFD,1.2,,,,,header-parsed,Ausco,112,"1.09.23 : K.Sivy ask is this my most updated price, we can offer"
2685,Ausco,255827,,,"70% RECYCLED POLYAMIDE, 30% RECYCLED ELASTANE",,,,-,1,,M,PFE/PFD,3.5,,,,,header-parsed,Ausco,113,"FOB Bangkok, Valid 30 Jan 2023    ,   ENDS & PICKS / COURSES & WALES : CPT 155 / WPT 27 , GAUGE : 28  , Nylon 30D & Spandex 140  (P'Waii's email to Juno / Liberty )"
2686,Ausco,255827,,,"70% RECYCLED POLYAMIDE, 30% RECYCLED ELASTANE",,,,-,1,,M,PFE/PFD,2.98,,,,,header-parsed,Ausco,114,"FOB Bangkok, Valid 30 Jan 2023    ,   ENDS & PICKS / COURSES & WALES : CPT 155 / WPT 27 , GAUGE : 28  , Nylon 30D & Spandex 140  (P'Waii's email to Juno / Liberty )"
2687,Ausco,255827,,,"70% RECYCLED POLYAMIDE, 30% RECYCLED ELASTANE",,,,-,1,,M,PFE/PFD,2.88,,,,,header-parsed,Ausco,115,"FOB Bangkok, Valid 30 Jan 2023    ,   ENDS & PICKS / COURSES & WALES : CPT 155 / WPT 27 , GAUGE : 28  , Nylon 30D & Spandex 140"
2688,Ausco,254582,,,100% PA,,157 - 162,,"3,000 m.",1,,M,PFE/PFD,2,,,,,header-parsed,Ausco,130,14.02.23 : Joy's email for Customer : LIEBE H
2689,Ausco,254582,,,100% PA,,157 - 162,,"3,000 m.",1,,M,PFE/PFD,1.67,,,,,header-parsed,Ausco,131,14.02.23 : Joy's email for Customer : LIEBE H
2690,Ausco,254582,,,100% PA,,157 - 162,,"3,000 m.",1,,M,PFE/PFD,1.57,,,,,header-parsed,Ausco,132,14.02.23 : Joy's email for Customer : LIEBE H
2691,Ausco,254582,,,100% PA,,157 - 162,,"3,000 m.",1,,M,PFE/PFD,2,,,,,header-parsed,Ausco,133,K.Sivy confirmed remain price above 14 Feb 23
2692,Ausco,254582,,,100% PA,,157 - 162,,"3,000 m.",1,,M,PFE/PFD,1.67,,,,,header-parsed,Ausco,134,Ausco inquiry for S.Wacoal div.Venus Ms.O Hye Mi.
2693,Ausco,254582,,,100% PA,,157 - 162,,"3,000 m.",1,,M,PFE/PFD,1.57,,,,,header-parsed,Ausco,135,
2694,Ausco,254615,,,100% PA,,138 - 143,,"3,000 m.",1,,M,PFE/PFD,2.1,,,,,header-parsed,Ausco,151,2.03.23 : Joy's email for Customer : Liebe H
2695,Ausco,254615,,,100% PA,,138 - 143,,"3,000 m.",1,,M,PFE/PFD,1.8,,,,,header-parsed,Ausco,152,2.03.23 : Joy's email for Customer : Liebe H
2696,Ausco,254615,,,100% PA,,138 - 143,,"3,000 m.",1,,M,PFE/PFD,1.7,,,,,header-parsed,Ausco,153,2.03.23 : Joy's email for Customer : Liebe H
2697,Ausco,257102AA/11,,,,,,,"3,000 m.",1,,M,PFE/PFD,2.55,,,,,header-parsed,Ausco,154,2.03.23 : Joy's email for Customer : Liebe H
2698,Ausco,257102AA/11,,,,,,,"3,000 m.",1,,M,PFE/PFD,2.2,,,,,header-parsed,Ausco,155,2.03.23 : Joy's email for Customer : Liebe H
2699,Ausco,257102AA/11,,,,,,,"3,000 m.",1,,M,PFE/PFD,2.1,,,,,header-parsed,Ausco,156,2.03.23 : Joy's email for Customer : Liebe H
2700,Ausco,255979AA/14,,,100% PES,,153 - 163,,"3,000 m.",1,,M,PFE/PFD,2.23,,,,,header-parsed,Ausco,157,8.05.23 : K.Sivy quoted same price as 254555 center price to Ausco
2701,Ausco,255979AA/14,,,100% PES,,153 - 163,,"3,000 m.",1,,M,PFE/PFD,1.83,,,,,header-parsed,Ausco,158,8.05.23 : K.Sivy quoted same price as 254555 center price to Ausco
2702,Ausco,255979AA/14,,,100% PES,,153 - 163,,"3,000 m.",1,,M,PFE/PFD,1.77,,,,,header-parsed,Ausco,159,8.05.23 : K.Sivy quoted same price as 254555 center price to Ausco
2703,Ausco,254949,,,"87% PA, 13% Elastane",,148 - 153,,"3,000 m.",1,,M,PFE/PFD,3.83,,,,,header-parsed,Ausco,160,3.05.23 : K.Sivy quoted for Ausco : S.Wacoal div. VPT/VFS
2704,Ausco,254949,,,"87% PA, 13% Elastane",,148 - 153,,"3,000 m.",1,,M,PFE/PFD,3.43,,,,,header-parsed,Ausco,161,3.05.23 : K.Sivy quoted for Ausco : S.Wacoal div. VPT/VFS
2705,Ausco,254949,,,"87% PA, 13% Elastane",,148 - 153,,"3,000 m.",1,,M,PFE/PFD,3.37,,,,,header-parsed,Ausco,162,3.05.23 : K.Sivy quoted for Ausco : S.Wacoal div. VPT/VFS
2706,Ausco,255273,,,"80% PA, 20% Elastane",,150 -155,,"3,000 m.",1,,M,PFE/PFD,3.77,,,,,header-parsed,Ausco,163,3.05.23 : K.Sivy quoted for Ausco : S.Wacoal div. VPT/VFS
2707,Ausco,255273,,,"80% PA, 20% Elastane",,150 -155,,"3,000 m.",1,,M,PFE/PFD,3.37,,,,,header-parsed,Ausco,164,3.05.23 : K.Sivy quoted for Ausco : S.Wacoal div. VPT/VFS
2708,Ausco,255273,,,"80% PA, 20% Elastane",,150 -155,,"3,000 m.",1,,M,PFE/PFD,3.3,,,,,header-parsed,Ausco,165,3.05.23 : K.Sivy quoted for Ausco : S.Wacoal div. VPT/VFS
2709,Ausco,254763,,,"84%PA, 16% Elastane",,150 - 155,,"3,000 m.",1,,M,PFE/PFD,3.83,,,,,header-parsed,Ausco,166,26.9.24 : K.Sivy confirmed center price is ok by LINE
2710,Ausco,254763,,,"84%PA, 16% Elastane",,150 - 155,,"3,000 m.",1,,M,PFE/PFD,3.43,,,,,header-parsed,Ausco,167,26.9.24 : K.Sivy confirmed center price is ok by LINE
2711,Ausco,254763,,,"84%PA, 16% Elastane",,150 - 155,,"3,000 m.",1,,M,PFE/PFD,3.37,,,,,header-parsed,Ausco,168,26.9.24: K.Sivy confirmed center price is ok by LINE
2712,Ausco,255484,,,100%PA,,152-162,,"3,000 m.",1,,M,PFE/PFD,2.27,,,,,header-parsed,Ausco,169,
2713,Ausco,255484,,,100%PA,,152-162,,"3,000 m.",1,,M,PFE/PFD,1.9,,,,,header-parsed,Ausco,170,
2714,Ausco,255484,,,100%PA,,152-162,,"3,000 m.",1,,M,PFE/PFD,1.8,,,,,header-parsed,Ausco,171,
2715,BIGA Roja,254723,,PES TULLE TORINO 35 TM,100% PES,156 - 161 cm.,151 - 156 cm.,17 - 22 g/m2,"3,000m.",200,600,M,PFE/PFD,2,,,,,header-parsed,BIGA Roja,6,
2716,BIGA Roja,254723,,PES TULLE TORINO 35 TM,100% PES,156 - 161 cm.,151 - 156 cm.,17 - 22 g/m2,"3,000m.",601,2000,M,PFE/PFD,1.67,,,,,header-parsed,BIGA Roja,7,
2717,BIGA Roja,254723,,PES TULLE TORINO 35 TM,100% PES,156 - 161 cm.,151 - 156 cm.,17 - 22 g/m2,"3,000m.",2001,5000,M,PFE/PFD,1.5,,,,,header-parsed,BIGA Roja,8,
2718,BIGA Roja,255776,,RECYCLE TORINO 35 TM,100% Recycle PES,155 - 165 cm.,150 - 160 cm.,19 -24 g/m2,"3,000m.",200,600,M,PFE/PFD,2.15,,,,,header-parsed,BIGA Roja,10,
2719,BIGA Roja,255776,,RECYCLE TORINO 35 TM,100% Recycle PES,155 - 165 cm.,150 - 160 cm.,19 -24 g/m2,"3,000m.",601,2000,M,PFE/PFD,1.82,,,,,header-parsed,BIGA Roja,11,
2720,BIGA Roja,255776,,RECYCLE TORINO 35 TM,100% Recycle PES,155 - 165 cm.,150 - 160 cm.,19 -24 g/m2,"3,000m.",2001,5000,M,PFE/PFD,1.65,,,,,header-parsed,BIGA Roja,12,
2721,Biggame & MIIT,255627,,IRIS,82%polyester 18%elastane,148-158,143-153,216-239gm/m2,3000 yards,200,,M,All_colors,11.5,,,,,header-parsed,Biggame & MIIT,7,
2722,Biggame & MIIT,255525,,Dazzle,89%polyester 11%elastane,138-148,133-143,351-389gm/m2,3000 yards,200,,M,All_colors,11.5,,,,,header-parsed,Biggame & MIIT,12,
2723,Bodywear,255028,,POWER MESH,"75% PA, 25% ELASTANE",185 - 190 cm.,180 - 185 cm.,95 - 105 g/m2,"3,000m.",200,600,M,PFE/PFD,,160,,,,header-parsed,Bodywear,5,
2724,Bodywear,255028,,POWER MESH,"75% PA, 25% ELASTANE",185 - 190 cm.,180 - 185 cm.,95 - 105 g/m2,"3,000m.",200,600,M,All_colors,,185,,,,header-parsed,Bodywear,5,
2725,Bodywear,255028,,POWER MESH,"75% PA, 25% ELASTANE",185 - 190 cm.,180 - 185 cm.,95 - 105 g/m2,"3,000m.",601,2000,M,PFE/PFD,,150,,,,header-parsed,Bodywear,6,
2726,Bodywear,255028,,POWER MESH,"75% PA, 25% ELASTANE",185 - 190 cm.,180 - 185 cm.,95 - 105 g/m2,"3,000m.",601,2000,M,All_colors,,175,,,,header-parsed,Bodywear,6,
2727,Bodywear,255028,,POWER MESH,"75% PA, 25% ELASTANE",185 - 190 cm.,180 - 185 cm.,95 - 105 g/m2,"3,000m.",2001,5000,M,PFE/PFD,,148,,,,header-parsed,Bodywear,7,
2728,Bodywear,255028,,POWER MESH,"75% PA, 25% ELASTANE",185 - 190 cm.,180 - 185 cm.,95 - 105 g/m2,"3,000m.",2001,5000,M,All_colors,,170,,,,header-parsed,Bodywear,7,
2729,Bodywear,255123AA/78,,PES CHARMEUSE TM BO,100%PES,165-170cm,160-165cm,105-110g/m2,"3,000m.",500,,M,PFE/PFD,,105,,,,header-parsed,Bodywear,12,
2730,Cerie ,254622,,PA MARQUISETTE,100% PA,150 - 155 cm.,145 - 150 cm.,45 - 50 g/m2,"3,000m.",200,600,M,PFE/PFD,1.83,,,,,header-parsed,Cerie ,15,"FOB Bangkok, Thailand"
2731,Cerie ,254622,,PA MARQUISETTE,100% PA,150 - 155 cm.,145 - 150 cm.,45 - 50 g/m2,"3,000m.",200,600,M,All_colors,2.5,,,,,header-parsed,Cerie ,15,"FOB Bangkok, Thailand"
2732,Cerie ,254622,,PA MARQUISETTE,100% PA,150 - 155 cm.,145 - 150 cm.,45 - 50 g/m2,"3,000m.",200,600,M,PFE/PFD,,55,,,,header-parsed,Cerie ,15,"FOB Bangkok, Thailand"
2733,Cerie ,254622,,PA MARQUISETTE,100% PA,150 - 155 cm.,145 - 150 cm.,45 - 50 g/m2,"3,000m.",200,600,M,All_colors,,75,,,,header-parsed,Cerie ,15,"FOB Bangkok, Thailand"
2734,Cerie ,254622,,PA MARQUISETTE,100% PA,150 - 155 cm.,145 - 150 cm.,45 - 50 g/m2,"3,000m.",200,600,M,Greige,,282,,,,header-parsed,Cerie ,15,"FOB Bangkok, Thailand"
2735,Cerie ,254622,,PA MARQUISETTE,100% PA,150 - 155 cm.,145 - 150 cm.,45 - 50 g/m2,"3,000m.",200,600,M,Price,,43489,,,,header-parsed,Cerie ,15,"FOB Bangkok, Thailand"
2736,Cerie ,254622,,PA MARQUISETTE,100% PA,150 - 155 cm.,145 - 150 cm.,45 - 50 g/m2,"3,000m.",200,600,M,Greige,,285,,,,header-parsed,Cerie ,15,"FOB Bangkok, Thailand"
2737,Cerie ,254622,,PA MARQUISETTE,100% PA,150 - 155 cm.,145 - 150 cm.,45 - 50 g/m2,"3,000m.",601,2000,M,PFE/PFD,1.5,,,,,header-parsed,Cerie ,16,"FOB Bangkok, Thailand"
2738,Cerie ,254622,,PA MARQUISETTE,100% PA,150 - 155 cm.,145 - 150 cm.,45 - 50 g/m2,"3,000m.",601,2000,M,All_colors,1.67,,,,,header-parsed,Cerie ,16,"FOB Bangkok, Thailand"
2739,Cerie ,254622,,PA MARQUISETTE,100% PA,150 - 155 cm.,145 - 150 cm.,45 - 50 g/m2,"3,000m.",601,2000,M,PFE/PFD,,45,,,,header-parsed,Cerie ,16,"FOB Bangkok, Thailand"
2740,Cerie ,254622,,PA MARQUISETTE,100% PA,150 - 155 cm.,145 - 150 cm.,45 - 50 g/m2,"3,000m.",601,2000,M,All_colors,,50,,,,header-parsed,Cerie ,16,"FOB Bangkok, Thailand"
2741,Cerie ,254622,,PA MARQUISETTE,100% PA,150 - 155 cm.,145 - 150 cm.,45 - 50 g/m2,"3,000m.",2001,5000,M,PFE/PFD,1.33,,,,,header-parsed,Cerie ,17,"FOB Bangkok, Thailand"
2742,Cerie ,254622,,PA MARQUISETTE,100% PA,150 - 155 cm.,145 - 150 cm.,45 - 50 g/m2,"3,000m.",2001,5000,M,All_colors,1.6,,,,,header-parsed,Cerie ,17,"FOB Bangkok, Thailand"
2743,Cerie ,254622,,PA MARQUISETTE,100% PA,150 - 155 cm.,145 - 150 cm.,45 - 50 g/m2,"3,000m.",2001,5000,M,PFE/PFD,,40,,,,header-parsed,Cerie ,17,"FOB Bangkok, Thailand"
2744,Cerie ,254622,,PA MARQUISETTE,100% PA,150 - 155 cm.,145 - 150 cm.,45 - 50 g/m2,"3,000m.",2001,5000,M,All_colors,,48,,,,header-parsed,Cerie ,17,"FOB Bangkok, Thailand"
2745,Chief You,255539,,PES VOILE 150 cm.,100% PES,145 - 155 cm.,140 - 150 cm.,33 - 38 g/m2,"3,000m.",200,600,M,PFE/PFD,1.45,,,,,header-parsed,Chief You,31,Valid witnin 6 months on 31st July 2025
2746,Chief You,255539,,Offering to similar as FNY mesh (Nude col.),,,,,,601,2000,M,PFE/PFD,1.15,,,,,header-parsed,Chief You,32,
2747,Chief You,255539,,,,,,,,2001,5000,M,PFE/PFD,1.05,,,,,header-parsed,Chief You,33,
2748,Chief You,255678AA/11,,CHARLOTTE TM SOFT,100% PES,150 - 160 cm.,145-155 cm.,33 - 38 g/m2,"3,000m.",200,600,M,PFE/PFD,1.7,,,,,header-parsed,Chief You,34,Valid witnin 6 months on 31st July 2025
2749,Chief You,255678AA/11,,Offering to similar as FNG mesh (Off White col.),,,,,,601,2000,M,PFE/PFD,1.38,,,,,header-parsed,Chief You,35,
2750,Chief You,255678AA/11,,,,,,,,2001,5000,M,PFE/PFD,1.25,,,,,header-parsed,Chief You,36,
2751,Chief You,255776AA/11,,RECYCLE TORINO 35,100% Recycled PES,155 - 165 cm.,150 - 160 cm.,20 - 25 g/m2,"3,000m.",200,599,M,PFE/PFD,1.9,,,,,header-parsed,Chief You,37,
2752,Chief You,255776AA/11,,,,,,,,600,1999,M,PFE/PFD,1.5,,,,,header-parsed,Chief You,38,
2753,Chief You,255776AA/11,,,,,,,,2000,4999,M,PFE/PFD,1.35,,,,,header-parsed,Chief You,39,
2754,Chief You,255776AA/11,,,,,,,,5000,9999,M,PFE/PFD,1.2,,,,,header-parsed,Chief You,40,
2755,Chief You,255776AA/11,,,,,,,,10000,,M,PFE/PFD,1.1,,,,,header-parsed,Chief You,41,
2756,Chief You,257209BA/11,,Glamour TM Soft,100% PA,153 - 162 cm.,148 - 158 cm.,22 - 26 g/m2,"3,000m.",200,599,M,PFE/PFD,2.05,,,,,header-parsed,Chief You,42,
2757,Chief You,257209BA/11,,,,,,,,600,1999,M,PFE/PFD,1.65,,,,,header-parsed,Chief You,43,
2758,Chief You,257209BA/11,,,,,,,,2000,4999,M,PFE/PFD,1.5,,,,,header-parsed,Chief You,44,
2759,Chief You,257209BA/11,,,,,,,,5000,9999,M,PFE/PFD,1.35,,,,,header-parsed,Chief You,45,
2760,Chief You,257209BA/11,,,,,,,,10000,,M,PFE/PFD,1.2,,,,,header-parsed,Chief You,46,
2761,Chief You,255539,,To require weight 58 – 59 g/meter and to convert weight 36 – 37 g/m2,100% PES VOILE,160 cm.,152 cm.,33 - 38 g/m2,"3,000m.",200,600,M,PFE/PFD,2.5,,,,,header-parsed,Chief You,47,
2762,Chief You,255539,,To require weight 58 – 59 g/meter and to convert weight 36 – 37 g/m2,100% PES VOILE,160 cm.,152 cm.,33 - 38 g/m2,"3,000m.",601,2000,M,PFE/PFD,2,,,,,header-parsed,Chief You,48,
2763,Chief You,255539,,To require weight 58 – 59 g/meter and to convert weight 36 – 37 g/m2,100% PES VOILE,160 cm.,152 cm.,33 - 38 g/m2,"3,000m.",2001,5000,M,PFE/PFD,1.85,,,,,header-parsed,Chief You,49,
2764,Chief You,255539,,To require weight 58 – 59 g/meter and to convert weight 36 – 37 g/m2,100% PES VOILE,160 cm.,152 cm.,33 - 38 g/m2,"3,000m.",200,600,M,PFE/PFD,1.55,,,,,header-parsed,Chief You,50,
2765,Chief You,255539,,To require weight 58 – 59 g/meter and to convert weight 36 – 37 g/m2,100% PES VOILE,160 cm.,152 cm.,33 - 38 g/m2,"3,000m.",601,2000,M,PFE/PFD,1.25,,,,,header-parsed,Chief You,51,
2766,Chief You,255539,,To require weight 58 – 59 g/meter and to convert weight 36 – 37 g/m2,100% PES VOILE,160 cm.,152 cm.,33 - 38 g/m2,"3,000m.",2001,5000,M,PFE/PFD,1.15,,,,,header-parsed,Chief You,52,
2767,Chief You,257207BA/67,,,"68% PA, 32% ELASTANE",170-180 cm,165-175 cm,75-85 g/m2,"3,000m.",500,,M,PFE/PFD,4.2,,,,,header-parsed,Chief You,54,
2768,Chi Shing,254555,,PES TULLE,100%PES,157 - 162 cm.,152 - 157 cm.,30 - 35 g/m2,,200,600,M,All_colors,2.73,,,,,header-parsed,Chi Shing,2,
2769,Chi Shing,254555,,PES TULLE,100%PES,157 - 162 cm.,152 - 157 cm.,30 - 35 g/m2,,601,900,M,All_colors,2.3,,,,,header-parsed,Chi Shing,3,
2770,Chi Shing,254555,,PES TULLE,100%PES,157 - 162 cm.,152 - 157 cm.,30 - 35 g/m2,,1000,,M,All_colors,2.1,,,,,header-parsed,Chi Shing,4,
2771,ETAM,254555,,PES TULLE,100%PES,157 - 162 cm.,152 - 157 cm.,30 - 35 g/m2,"3,000m.",200,600,M,PFE/PFD,2.13,,,,,header-parsed,ETAM,8,
2772,ETAM,254555,,PES TULLE,100%PES,157 - 162 cm.,152 - 157 cm.,30 - 35 g/m2,"3,000m.",200,600,M,All_colors,2.73,,,,,header-parsed,ETAM,8,
2773,ETAM,254555,,PES TULLE,100%PES,157 - 162 cm.,152 - 157 cm.,30 - 35 g/m2,"3,000m.",601,2000,M,PFE/PFD,1.73,,,,,header-parsed,ETAM,9,
2774,ETAM,254555,,PES TULLE,100%PES,157 - 162 cm.,152 - 157 cm.,30 - 35 g/m2,"3,000m.",601,2000,M,All_colors,2.3,,,,,header-parsed,ETAM,9,
2775,ETAM,254555,,PES TULLE,100%PES,157 - 162 cm.,152 - 157 cm.,30 - 35 g/m2,"3,000m.",2001,5000,M,PFE/PFD,1.67,,,,,header-parsed,ETAM,10,
2776,ETAM,254555,,PES TULLE,100%PES,157 - 162 cm.,152 - 157 cm.,30 - 35 g/m2,"3,000m.",2001,5000,M,All_colors,2.1,,,,,header-parsed,ETAM,10,
2777,ETAM,254824,,ELASTIC TULLE PASCAL,"70% PA, 30% ELASTANE",147 - 152 cm.,142 - 147 cm.,50 - 55 g/m2,"3,000m.",200,600,M,PFE/PFD,3.17,,,,,header-parsed,ETAM,12,
2778,ETAM,254824,,ELASTIC TULLE PASCAL,"70% PA, 30% ELASTANE",147 - 152 cm.,142 - 147 cm.,50 - 55 g/m2,"3,000m.",200,600,M,All_colors,3.77,,,,,header-parsed,ETAM,12,
2779,ETAM,254824,,ELASTIC TULLE PASCAL,"70% PA, 30% ELASTANE",147 - 152 cm.,142 - 147 cm.,50 - 55 g/m2,"3,000m.",601,2000,M,PFE/PFD,2.83,,,,,header-parsed,ETAM,13,
2780,ETAM,254824,,ELASTIC TULLE PASCAL,"70% PA, 30% ELASTANE",147 - 152 cm.,142 - 147 cm.,50 - 55 g/m2,"3,000m.",601,2000,M,All_colors,3.33,,,,,header-parsed,ETAM,13,
2781,ETAM,254824,,ELASTIC TULLE PASCAL,"70% PA, 30% ELASTANE",147 - 152 cm.,142 - 147 cm.,50 - 55 g/m2,"3,000m.",2001,5000,M,PFE/PFD,2.77,,,,,header-parsed,ETAM,14,
2782,ETAM,254824,,ELASTIC TULLE PASCAL,"70% PA, 30% ELASTANE",147 - 152 cm.,142 - 147 cm.,50 - 55 g/m2,"3,000m.",2001,5000,M,All_colors,3.23,,,,,header-parsed,ETAM,14,
2783,ETAM,255730,,RECYCLE PES TULLE TM EMB,100% Recycle PES,150 - 160 cm.,145 - 155 cm.,30 -35 g/m2,"3,000m.",200,600,M,PFE/PFD,2.33,,,,,header-parsed,ETAM,19,
2784,ETAM,255730,,RECYCLE PES TULLE TM EMB,100% Recycle PES,150 - 160 cm.,145 - 155 cm.,30 -35 g/m2,"3,000m.",200,600,M,All_colors,2.93,,,,,header-parsed,ETAM,19,
2785,ETAM,255730,,RECYCLE PES TULLE TM EMB,100% Recycle PES,150 - 160 cm.,145 - 155 cm.,30 -35 g/m2,"3,000m.",601,2000,M,PFE/PFD,1.93,,,,,header-parsed,ETAM,20,
2786,ETAM,255730,,RECYCLE PES TULLE TM EMB,100% Recycle PES,150 - 160 cm.,145 - 155 cm.,30 -35 g/m2,"3,000m.",601,2000,M,All_colors,2.5,,,,,header-parsed,ETAM,20,
2787,ETAM,255730,,RECYCLE PES TULLE TM EMB,100% Recycle PES,150 - 160 cm.,145 - 155 cm.,30 -35 g/m2,"3,000m.",2001,5000,M,PFE/PFD,1.87,,,,,header-parsed,ETAM,21,
2788,ETAM,255730,,RECYCLE PES TULLE TM EMB,100% Recycle PES,150 - 160 cm.,145 - 155 cm.,30 -35 g/m2,"3,000m.",2001,5000,M,All_colors,2.3,,,,,header-parsed,ETAM,21,
2789,ETAM,254582,,PA TULLE,100 % PA,162 - 157 cm.,152 - 157 cm.,18 - 22 g/m2,"5,000m.",200,600,M,PFE/PFD,2,,,,,header-parsed,ETAM,33,
2790,ETAM,254582,,PA TULLE,100 % PA,162 - 157 cm.,152 - 157 cm.,18 - 22 g/m2,"5,000m.",200,600,M,All_colors,2.67,,,,,header-parsed,ETAM,33,
2791,ETAM,254582,,PA TULLE,100 % PA,162 - 157 cm.,152 - 157 cm.,18 - 22 g/m2,"5,000m.",601,2000,M,PFE/PFD,1.67,,,,,header-parsed,ETAM,34,
2792,ETAM,254582,,PA TULLE,100 % PA,162 - 157 cm.,152 - 157 cm.,18 - 22 g/m2,"5,000m.",601,2000,M,All_colors,2.17,,,,,header-parsed,ETAM,34,
2793,ETAM,254582,,PA TULLE,100 % PA,162 - 157 cm.,152 - 157 cm.,18 - 22 g/m2,"5,000m.",2001,5000,M,PFE/PFD,1.57,,,,,header-parsed,ETAM,35,
2794,ETAM,254582,,PA TULLE,100 % PA,162 - 157 cm.,152 - 157 cm.,18 - 22 g/m2,"5,000m.",2001,5000,M,All_colors,2,,,,,header-parsed,ETAM,35,
2795,ETAM,255554,,PA INVISIBLE ELASTIC,"77% PA, 23% ELASTANE",150 - 160 cm.,145 - 155 cm.,24 - 28 g/m2,"3,000 m",350,600,M,PFE/PFD,2.3,,,,,header-parsed,ETAM,41,
2796,ETAM,255554,,PA INVISIBLE ELASTIC,"77% PA, 23% ELASTANE",150 - 160 cm.,145 - 155 cm.,24 - 28 g/m2,"3,000 m",350,600,M,All_colors,2.9,,,,,header-parsed,ETAM,41,
2797,ETAM,255554,,PA INVISIBLE ELASTIC,"77% PA, 23% ELASTANE",150 - 160 cm.,145 - 155 cm.,24 - 28 g/m2,"3,000 m",601,2000,M,PFE/PFD,2.1,,,,,header-parsed,ETAM,42,
2798,ETAM,255554,,PA INVISIBLE ELASTIC,"77% PA, 23% ELASTANE",150 - 160 cm.,145 - 155 cm.,24 - 28 g/m2,"3,000 m",601,2000,M,All_colors,2.55,,,,,header-parsed,ETAM,42,
2799,ETAM,255554,,PA INVISIBLE ELASTIC,"77% PA, 23% ELASTANE",150 - 160 cm.,145 - 155 cm.,24 - 28 g/m2,"3,000 m",2001,5000,M,PFE/PFD,1.95,,,,,header-parsed,ETAM,43,
2800,ETAM,255554,,PA INVISIBLE ELASTIC,"77% PA, 23% ELASTANE",150 - 160 cm.,145 - 155 cm.,24 - 28 g/m2,"3,000 m",2001,5000,M,All_colors,2.4,,,,,header-parsed,ETAM,43,
2801,ETAM,255828AA/14,,Recycle PA TULLE 30328 TM EMB,100 % PA,150 - 160 cm.,145 - 155 cm.,30 - 35 g/m2,"3,000 m.",200,600,M,PFE/PFD,2.75,,,,,header-parsed,ETAM,53,
2802,ETAM,255828AA/14,,Recycle PA TULLE 30328 TM EMB,100 % PA,150 - 160 cm.,145 - 155 cm.,30 - 35 g/m2,"3,000 m.",601,2000,M,PFE/PFD,2.3,,,,,header-parsed,ETAM,54,
2803,ETAM,255828AA/14,,Recycle PA TULLE 30328 TM EMB,100 % PA,150 - 160 cm.,145 - 155 cm.,30 - 35 g/m2,"3,000 m.",2001,5000,M,PFE/PFD,2.2,,,,,header-parsed,ETAM,55,
2804,ETAM,255554,,Recycle PA INVISIBLE ELASTIC,"77% PA, 23% ELASTANE",150 - 160 cm.,150 - 155 cm.,24 - 28 g/m2,"3,000m.",350,600,M,PFE/PFD,3.2,,,,,header-parsed,ETAM,57,
2805,ETAM,255554,,Recycle PA INVISIBLE ELASTIC,"77% PA, 23% ELASTANE",150 - 160 cm.,150 - 155 cm.,24 - 28 g/m2,"3,000m.",601,2000,M,PFE/PFD,2.8,,,,,header-parsed,ETAM,58,
2806,ETAM,255554,,Recycle PA INVISIBLE ELASTIC,"77% PA, 23% ELASTANE",150 - 160 cm.,150 - 155 cm.,24 - 28 g/m2,"3,000m.",2001,5000,M,PFE/PFD,2.65,,,,,header-parsed,ETAM,59,
2807,ETAM,255554,,PA INVISIBLE ELASTIC,"79% PA, 21% ELASTANE",150-160 cm.,150-155 cm.,24 - 28 g/m2,"1,500m.",350,600,M,PFE/PFD,2.9,,,,,header-parsed,ETAM,67,
2808,ETAM,255554,,PA INVISIBLE ELASTIC,"79% PA, 21% ELASTANE",150-160 cm.,150-155 cm.,24 - 28 g/m2,"1,500m.",601,2000,M,PFE/PFD,2.55,,,,,header-parsed,ETAM,68,
2809,ETAM,255554,,PA INVISIBLE ELASTIC,"79% PA, 21% ELASTANE",150-160 cm.,150-155 cm.,24 - 28 g/m2,"1,500m.",2001,5000,M,PFE/PFD,2.4,,,,,header-parsed,ETAM,69,
2810,ETAM,255554,,Recycle PA INVISIBLE ELASTIC,"77% PA, 23% ELASTANE",150-160 cm.,150-155 cm.,24 - 28 g/m2,"3,000m.",350,600,M,PFE/PFD,3.2,,,,,header-parsed,ETAM,74,
2811,ETAM,255554,,Recycle PA INVISIBLE ELASTIC,"77% PA, 23% ELASTANE",150-160 cm.,150-155 cm.,24 - 28 g/m2,"3,000m.",601,2000,M,PFE/PFD,2.8,,,,,header-parsed,ETAM,75,
2812,ETAM,255554,,Recycle PA INVISIBLE ELASTIC,"77% PA, 23% ELASTANE",150-160 cm.,150-155 cm.,24 - 28 g/m2,"3,000m.",2001,5000,M,PFE/PFD,2.65,,,,,header-parsed,ETAM,76,
2813,ETAM,257373AA/11,,Recycle PA INVISIBLE ELASTIC,"79% Pre-consumer Recycled Polyamide,",155-165 cm.,150-160 cm.,28-32 g/m2,"3,000m.",350,600,M,PFE/PFD,3,,,,,header-parsed,ETAM,82,
2814,ETAM,257373AA/11,,Recycle PA INVISIBLE ELASTIC,"79% Pre-consumer Recycled Polyamide,",155-165 cm.,150-160 cm.,28-32 g/m2,"3,000m.",601,2000,M,PFE/PFD,2.65,,,,,header-parsed,ETAM,83,
2815,ETAM,257373AA/11,,Recycle PA INVISIBLE ELASTIC,"79% Pre-consumer Recycled Polyamide,",155-165 cm.,150-160 cm.,28-32 g/m2,"3,000m.",2001,5000,M,PFE/PFD,2.5,,,,,header-parsed,ETAM,84,
2816,ETAM,257373,,Recycle PA INVISIBLE ELASTIC,"79% Pre-consumer Recycled Polyamide,",155-165 cm.,150-160 cm.,28-32 g/m2,"3,000m.",350,600,M,PFE/PFD,3,,,,,header-parsed,ETAM,89,
2817,ETAM,257373,,Recycle PA INVISIBLE ELASTIC,"79% Pre-consumer Recycled Polyamide,",155-165 cm.,150-160 cm.,28-32 g/m2,"3,000m.",601,2000,M,PFE/PFD,2.65,,,,,header-parsed,ETAM,90,
2818,ETAM,257373,,Recycle PA INVISIBLE ELASTIC,"79% Pre-consumer Recycled Polyamide,",155-165 cm.,150-160 cm.,28-32 g/m2,"3,000m.",2001,5000,M,PFE/PFD,2.5,,,,,header-parsed,ETAM,91,
2819,ETAM,257373,,Recycle PA INVISIBLE ELASTIC,"79% Pre-consumer Recycled Polyamide,",155-165 cm.,150-160 cm.,28-32 g/m2,"3,000m.",3000,,M,All_colors,2.67,,,,,header-parsed,ETAM,97,
2820,ETAM,257373,,Recycle PA INVISIBLE ELASTIC,"79% Pre-consumer Recycled Polyamide,",155-165 cm.,150-160 cm.,28-32 g/m2,"3,000m.",3000,,M,All_colors,2.9,,,,,header-parsed,ETAM,101,
2821,ETAM,257373,,Recycle PA INVISIBLE ELASTIC,"79% Pre-consumer Recycled Polyamide,",155-165 cm.,150-160 cm.,28-32 g/m2,"3,000m.",1500,,M,All_colors,3.3,,,,,header-parsed,ETAM,105,
2822,ETAM,257373,,Recycle PA INVISIBLE ELASTIC,"79% Pre-consumer Recycled Polyamide,",155-165 cm.,150-160 cm.,28-32 g/m2,"3,000m.",1500,,M,All_colors,2.75,,,,,header-parsed,ETAM,109,
2823,ETAM,257373,,Recycle PA INVISIBLE ELASTIC,"79% Pre-consumer Recycled Polyamide,",155-165 cm.,150-160 cm.,28-32 g/m2,"3,000m.",1500,,M,All_colors,2.75,,,,,header-parsed,ETAM,113,
2824,ETAM,257373,,Recycle PA INVISIBLE ELASTIC,"79% Pre-consumer Recycled Polyamide,",155-165 cm.,150-160 cm.,28-32 g/m2,"3,000m.",1500,,M,All_colors,2.83,,,,,header-parsed,ETAM,117,
2825,ETAM,257373,,Recycle PA INVISIBLE ELASTIC,"79% Pre-consumer Recycled Polyamide,",155-165 cm.,150-160 cm.,28-32 g/m2,"3,000m.",1500,,M,All_colors,2.67,,,,,header-parsed,ETAM,125,
2826,LIVY (ETAM),255554AA/14,,PA INVISIBLE ELASTIC,"79% PA, 21% ELASTANE",150-160 cm.,150-155 cm.,24 - 28 g/m2,"1,500 m.",350,600,M,All_colors,2.9,,,4 weeks,,header-parsed,LIVY (ETAM),6,
2827,LIVY (ETAM),255554AA/14,,PA INVISIBLE ELASTIC,"79% PA, 21% ELASTANE",150-160 cm.,150-155 cm.,24 - 28 g/m2,"1,500 m.",350,600,M,All_colors,4.05,,,4 weeks,,header-parsed,LIVY (ETAM),6,
2828,LIVY (ETAM),255554AA/14,,PA INVISIBLE ELASTIC,"79% PA, 21% ELASTANE",150-160 cm.,150-155 cm.,24 - 28 g/m2,"1,500 m.",601,2000,M,All_colors,2.55,,,4 weeks,,header-parsed,LIVY (ETAM),7,
2829,LIVY (ETAM),255554AA/14,,PA INVISIBLE ELASTIC,"79% PA, 21% ELASTANE",150-160 cm.,150-155 cm.,24 - 28 g/m2,"1,500 m.",601,2000,M,All_colors,3.22,,,4 weeks,,header-parsed,LIVY (ETAM),7,
2830,LIVY (ETAM),255554AA/14,,PA INVISIBLE ELASTIC,"79% PA, 21% ELASTANE",150-160 cm.,150-155 cm.,24 - 28 g/m2,"1,500 m.",2001,5000,M,All_colors,2.4,,,4 weeks,,header-parsed,LIVY (ETAM),8,
2831,LIVY (ETAM),255554AA/14,,PA INVISIBLE ELASTIC,"79% PA, 21% ELASTANE",150-160 cm.,150-155 cm.,24 - 28 g/m2,"1,500 m.",2001,5000,M,All_colors,2.61,,,4 weeks,,header-parsed,LIVY (ETAM),8,
2832,Shenzhen Fidele Garments ,255554AA/14,,PA INVISIBLE ELASTIC,"79% PA, 21% ELASTANE",150-160 cm.,150-155 cm.,24 - 28 g/m2,"1,500 m.",350,600,M,All_colors,2.9,,,4 weeks,,header-parsed,Shenzhen Fidele Garments ,6,
2833,Shenzhen Fidele Garments ,255554AA/14,,PA INVISIBLE ELASTIC,"79% PA, 21% ELASTANE",150-160 cm.,150-155 cm.,24 - 28 g/m2,"1,500 m.",350,600,M,All_colors,4.05,,,4 weeks,,header-parsed,Shenzhen Fidele Garments ,6,
2834,Shenzhen Fidele Garments ,255554AA/14,,PA INVISIBLE ELASTIC,"79% PA, 21% ELASTANE",150-160 cm.,150-155 cm.,24 - 28 g/m2,"1,500 m.",350,600,M,All_colors,4.22,,,4 weeks,,header-parsed,Shenzhen Fidele Garments ,6,
2835,Shenzhen Fidele Garments ,255554AA/14,,PA INVISIBLE ELASTIC,"79% PA, 21% ELASTANE",150-160 cm.,150-155 cm.,24 - 28 g/m2,"1,500 m.",601,2000,M,All_colors,2.55,,,4 weeks,,header-parsed,Shenzhen Fidele Garments ,7,
2836,Shenzhen Fidele Garments ,255554AA/14,,PA INVISIBLE ELASTIC,"79% PA, 21% ELASTANE",150-160 cm.,150-155 cm.,24 - 28 g/m2,"1,500 m.",601,2000,M,All_colors,3.22,,,4 weeks,,header-parsed,Shenzhen Fidele Garments ,7,
2837,Shenzhen Fidele Garments ,255554AA/14,,PA INVISIBLE ELASTIC,"79% PA, 21% ELASTANE",150-160 cm.,150-155 cm.,24 - 28 g/m2,"1,500 m.",601,2000,M,All_colors,3.32,,,4 weeks,,header-parsed,Shenzhen Fidele Garments ,7,
2838,Shenzhen Fidele Garments ,255554AA/14,,PA INVISIBLE ELASTIC,"79% PA, 21% ELASTANE",150-160 cm.,150-155 cm.,24 - 28 g/m2,"1,500 m.",2001,5000,M,All_colors,2.4,,,4 weeks,,header-parsed,Shenzhen Fidele Garments ,8,
2839,Shenzhen Fidele Garments ,255554AA/14,,PA INVISIBLE ELASTIC,"79% PA, 21% ELASTANE",150-160 cm.,150-155 cm.,24 - 28 g/m2,"1,500 m.",2001,5000,M,All_colors,2.61,,,4 weeks,,header-parsed,Shenzhen Fidele Garments ,8,
2840,Shenzhen Fidele Garments ,255554AA/14,,PA INVISIBLE ELASTIC,"79% PA, 21% ELASTANE",150-160 cm.,150-155 cm.,24 - 28 g/m2,"1,500 m.",2001,5000,M,All_colors,2.64,,,4 weeks,,header-parsed,Shenzhen Fidele Garments ,8,
2841,ZHOUNGSHAN (ETAM),254582,,PA TULLE,100 % PA,162 - 157 cm.,152 - 157 cm.,18 - 22 g/m2,"1,500 m.",200,600,M,All_colors,4.67,,,,,header-parsed,ZHOUNGSHAN (ETAM),4,
2842,ZHOUNGSHAN (ETAM),254582,,PA TULLE,100 % PA,162 - 157 cm.,152 - 157 cm.,18 - 22 g/m2,"1,500 m.",601,2000,M,All_colors,2.84,,,,,header-parsed,ZHOUNGSHAN (ETAM),5,
2843,ZHOUNGSHAN (ETAM),254582,,PA TULLE,100 % PA,162 - 157 cm.,152 - 157 cm.,18 - 22 g/m2,"1,500 m.",2001,5000,M,All_colors,2.2,,,,,header-parsed,ZHOUNGSHAN (ETAM),6,
2844,ZHOUNGSHAN (ETAM),255828AA/14,,Recycle PA TULLE 30328 TM EMB,100 % Recycled PA,150 - 160 cm.,145 - 155 cm.,30 - 35 g/m2,"1,500 m.",200,600,M,All_colors,4.75,,,,,header-parsed,ZHOUNGSHAN (ETAM),7,
2845,ZHOUNGSHAN (ETAM),255828AA/14,,Recycle PA TULLE 30328 TM EMB,100 % Recycled PA,150 - 160 cm.,145 - 155 cm.,30 - 35 g/m2,"1,500 m.",601,2000,M,All_colors,2.87,,,,,header-parsed,ZHOUNGSHAN (ETAM),8,
2846,ZHOUNGSHAN (ETAM),255828AA/14,,Recycle PA TULLE 30328 TM EMB,100 % Recycled PA,150 - 160 cm.,145 - 155 cm.,30 - 35 g/m2,"1,500 m.",2001,5000,M,All_colors,2.3,,,,,header-parsed,ZHOUNGSHAN (ETAM),9,
2847,ZHOUNGSHAN (ETAM),257247CA/11,,PRE-CONSUMER RECYCLED POLYAMIDE,100% Pre-consumer Recycled PA,155-165 cm.,150-160 cm.,12-16 g/m2,"1,500 m.",200,600,M,All_colors,4.79,,,,,header-parsed,ZHOUNGSHAN (ETAM),10,
2848,ZHOUNGSHAN (ETAM),257247CA/11,,PRE-CONSUMER RECYCLED POLYAMIDE,100% Pre-consumer Recycled PA,155-165 cm.,150-160 cm.,12-16 g/m2,"1,500 m.",601,2000,M,All_colors,3.03,,,,,header-parsed,ZHOUNGSHAN (ETAM),11,
2849,ZHOUNGSHAN (ETAM),257247CA/11,,PRE-CONSUMER RECYCLED POLYAMIDE,100% Pre-consumer Recycled PA,155-165 cm.,150-160 cm.,12-16 g/m2,"1,500 m.",2001,5000,M,All_colors,2.46,,,,,header-parsed,ZHOUNGSHAN (ETAM),12,
2850,Delta Bogart,255396,,EVA,"36% PA, 26% CO, 38% ELASTANE",150-160 cm,145-155 cm.,120-134 g/m2,"3,000m.",601,2000,M,All_colors,5.75,,,,,header-parsed,Delta Bogart,8,
2851,Delta Bogart,257137AA/11,,COTTY MESH TWO TM SOFT,"47% PA, 34% Cotfton Pima, 20% ELASTANE",180 cm,175 cm.,85 g/m2,"3,000m.",601,2000,M,All_colors,7.95,,,,,header-parsed,Delta Bogart,12,
2852,Delta Bogart,257137AA/11,,COTTY MESH TWO TM SOFT,"47% PA, 34% Cotfton Pima, 20% ELASTANE",180 cm,175 cm.,85 g/m2,"3,000m.",500,,M,PFE/PFD,3.9,,,,,header-parsed,Delta Bogart,22,
2853,Delta Bogart,257137AA/11,,COTTY MESH TWO TM SOFT,"47% PA, 34% Cotfton Pima, 20% ELASTANE",180 cm,175 cm.,85 g/m2,"3,000m.",500,,M,PFE/PFD,3.6,,,,,header-parsed,Delta Bogart,24,
2854,Forster_FRSZ & SED,255204,,DOUBLE CHECK TM,100% PES,159 - 169 cm.,154 - 164 cm.,33 - 38 g/m2,"2,000m.",1,,M,PFE/PFD,2.3,,,,,header-parsed,Forster_FRSZ & SED,52,
2855,Forster_FRSZ & SED,255204,,DOUBLE CHECK TM,100% PES,159 - 169 cm.,154 - 164 cm.,33 - 38 g/m2,"2,000m.",1,,M,PFE/PFD,2.3,,,,,header-parsed,Forster_FRSZ & SED,116,
2856,GLAMORISE,254555,,PES TULLE,100% PES,157 - 162 cm.,152-157 cm.,30-35 g/m2,"3,000 m.",200,600,M,PFD,2.33,,,,,header-parsed,GLAMORISE,7,18.06.22 (K.Sivy ) add up 10 cents per yard
2857,GLAMORISE,254555,,PES TULLE,100% PES,157 - 162 cm.,152-157 cm.,30-35 g/m2,,601,2000,M,PFD,1.93,,,,,header-parsed,GLAMORISE,8,
2858,GLAMORISE,254555,,PES TULLE,100% PES,157 - 162 cm.,152-157 cm.,30-35 g/m2,,2000,,M,PFD,1.87,,,,,header-parsed,GLAMORISE,9,
2859,GLAMORISE,254555,,PES TULLE,100% PES,157 - 162 cm.,152-157 cm.,30-35 g/m2,"3,000 yds.",220,660,M,PFD,2.33,,,,,header-parsed,GLAMORISE,10,Valid : 6 months ( till 16-10-23)
2860,GLAMORISE,254555,,PES TULLE,100% PES,157 - 162 cm.,152-157 cm.,30-35 g/m2,,661,2200,M,PFD,1.93,,,,,header-parsed,GLAMORISE,11,K.Sivy confirmed back to original price
2861,GLAMORISE,254555,,PES TULLE,100% PES,157 - 162 cm.,152-157 cm.,30-35 g/m2,,2200,,M,PFD,1.87,,,,,header-parsed,GLAMORISE,12,
2862,GLAMORISE,254555,,PES TULLE,100% PES,157 - 162 cm.,152-157 cm.,30-35 g/m2,"3,000 yds.",220,660,M,PFD,2.33,,,,,header-parsed,GLAMORISE,13,
2863,GLAMORISE,254555,,PES TULLE,100% PES,157 - 162 cm.,152-157 cm.,30-35 g/m2,,1000,,M,PFD,1.93,,,,,header-parsed,GLAMORISE,14,
2864,GLAMORISE,254555,,PES TULLE,100% PES,157 - 162 cm.,152-157 cm.,30-35 g/m2,,2000,,M,PFD,1.87,,,,,header-parsed,GLAMORISE,15,
2865,GLAMORISE,254933AA/11,,,Elastic Tulle CREO,152-157 cm.,147-152 cm.,40-45 g/m2,3000 yd,200,600,M,PFD,2.4,,,,,header-parsed,GLAMORISE,19,
2866,GLAMORISE,254933AA/11,,,,,,,,601,2000,M,PFD,2.13,,,,,header-parsed,GLAMORISE,20,
2867,GLAMORISE,254933AA/11,,,,,,,,2001,5000,M,PFD,2.07,,,,,header-parsed,GLAMORISE,21,
2868,GLAMORISE,254933AA/11,,,Elastic Tulle CREO,152-157 cm.,147-152 cm.,40-45 g/m2,3000 yd,1500,,M,PFD,2.4,,,,,header-parsed,GLAMORISE,22,
2869,GLAMORISE,254933AA/11,,,Elastic Tulle CREO,152-157 cm.,147-152 cm.,40-45 g/m2,3000 yd,1000,,M,PFD,2.4,,,,,header-parsed,GLAMORISE,23,
2870,Hanes Global,254824/11,,ELASTIC TULLE PASCAL,"70% PA, 30% ELASTANE",147 - 152 cm.,142 - 147 cm.,50 - 55 g/m2,"3,000m.",200,600,M,All_colors,3.77,,,,,header-parsed,Hanes Global,31,
2871,Hanes Global,254824/11,,ELASTIC TULLE PASCAL,"70% PA, 30% ELASTANE",147 - 152 cm.,142 - 147 cm.,50 - 55 g/m2,"3,000m.",601,2000,M,All_colors,3.33,,,,,header-parsed,Hanes Global,32,
2872,Hanes Global,254824/11,,ELASTIC TULLE PASCAL,"70% PA, 30% ELASTANE",147 - 152 cm.,142 - 147 cm.,50 - 55 g/m2,"3,000m.",2001,5000,M,All_colors,3.23,,,,,header-parsed,Hanes Global,33,
2873,Hanes Global,255123AB/14,,PES CHARMEUSE,100% PES,165 - 170 cm.,160 - 165 cm.,105 - 110 g/m2,"3,000m.",200,600,M,All_colors,3.83,,,,,header-parsed,Hanes Global,35,
2874,Hanes Global,255123AB/14,,PES CHARMEUSE,100% PES,165 - 170 cm.,160 - 165 cm.,105 - 110 g/m2,"3,000m.",601,2000,M,All_colors,3.33,,,,,header-parsed,Hanes Global,36,
2875,Hanes Global,255123AB/14,,PES CHARMEUSE,100% PES,165 - 170 cm.,160 - 165 cm.,105 - 110 g/m2,"3,000m.",2001,5000,M,All_colors,3.17,,,,,header-parsed,Hanes Global,37,
2876,Hanes Global,255703/11,,PYRITE TM Soft,"76% PA, 24% ELASTANE",155 - 165 cm.,150 - 160 cm.,118 - 132 g/m2,"3,000m.",200,350,M,All_colors,5.2,,,,,header-parsed,Hanes Global,39,
2877,Hanes Global,255703/11,,PYRITE TM Soft,"76% PA, 24% ELASTANE",155 - 165 cm.,150 - 160 cm.,118 - 132 g/m2,"3,000m.",500,750,M,All_colors,4.75,,,,,header-parsed,Hanes Global,40,
2878,Hanes Global,255703/11,,PYRITE TM Soft,"76% PA, 24% ELASTANE",155 - 165 cm.,150 - 160 cm.,118 - 132 g/m2,"3,000m.",1001,1500,M,All_colors,4.1,,,,,header-parsed,Hanes Global,41,
2879,Hanes Global,256524/11-E,,CO/PA PIQUET,"59% CO, 41% PA",160 - 165 cm.,155 - 160 cm.,65 - 70 g/m2,"3,000m.",200,600,M,All_colors,3.85,,,,,header-parsed,Hanes Global,43,
2880,Hanes Global,256524/11-E,,CO/PA PIQUET,"59% CO, 41% PA",160 - 165 cm.,155 - 160 cm.,65 - 70 g/m2,"3,000m.",601,2000,M,All_colors,3.55,,,,,header-parsed,Hanes Global,44,
2881,Hanes Global,256524/11-E,,CO/PA PIQUET,"59% CO, 41% PA",160 - 165 cm.,155 - 160 cm.,65 - 70 g/m2,"3,000m.",2001,5000,M,All_colors,3.4,,,,,header-parsed,Hanes Global,45,
2882,Hanes Global,255729AA/11,,CEIBA TM Soft,"64% CO, 36% PA",135 - 145 cm.,130 - 140 cm.,106 - 118 g/m2,"3,000m.",200,600,M,All_colors,4.05,,,,,header-parsed,Hanes Global,113,
2883,Hanes Global,255729AA/11,,CEIBA TM Soft,"64% CO, 36% PA",135 - 145 cm.,130 - 140 cm.,106 - 118 g/m2,"3,000m.",601,2000,M,All_colors,3.75,,,,,header-parsed,Hanes Global,114,
2884,Hanes Global,255729AA/11,,CEIBA TM Soft,"64% CO, 36% PA",135 - 145 cm.,130 - 140 cm.,106 - 118 g/m2,"3,000m.",2001,5000,M,All_colors,3.6,,,,,header-parsed,Hanes Global,115,
2885,Hanes Global,255729AA/11,,CEIBA TM Soft,"64% CO, 36% PA",135 - 145 cm.,130 - 140 cm.,106 - 118 g/m2,"3,000m.",200,600,M,All_colors,3.7,,,,,header-parsed,Hanes Global,121,
2886,Hanes Global,255729AA/11,,CEIBA TM Soft,"64% CO, 36% PA",135 - 145 cm.,130 - 140 cm.,106 - 118 g/m2,"3,000m.",601,2000,M,All_colors,3.43,,,,,header-parsed,Hanes Global,122,
2887,Hanes Global,255729AA/11,,CEIBA TM Soft,"64% CO, 36% PA",135 - 145 cm.,130 - 140 cm.,106 - 118 g/m2,"3,000m.",2001,5000,M,All_colors,3.29,,,,,header-parsed,Hanes Global,123,
2888,Hanes Global,255827AA/55,,Recycled Nylon/ Spandex,"Recycled PA 70%, Recycled Elastane 30%",148 - 157 cm.,47 - 52 g/m2,4.15,"3,000m.",200,599,M,All_colors,4.25,,,,,header-parsed,Hanes Global,128,
2889,Hanes Global,255827AA/55,,Recycled Nylon/ Spandex,"Recycled PA 70%, Recycled Elastane 30%",148 - 157 cm.,47 - 52 g/m2,4.15,"3,000m.",600,1999,M,All_colors,3.75,,,,,header-parsed,Hanes Global,129,
2890,Hanes Global,255827AA/55,,Recycled Nylon/ Spandex,"Recycled PA 70%, Recycled Elastane 30%",148 - 157 cm.,47 - 52 g/m2,4.15,"3,000m.",2000,,M,All_colors,3.65,,,,,header-parsed,Hanes Global,130,
2891,Hop Lun,255484,,Invisible Tulle Bright,100%PA,152 - 162cm,147 - 157 cm,13 - 18g/m2,"3,000m.",200,600,M,PFE/PFD,2.11,,,,,header-parsed,Hop Lun,3,
2892,Hop Lun,255484,,Invisible Tulle Bright,100%PA,152 - 162cm,147 - 157 cm,13 - 18g/m2,"3,000m.",200,600,M,All_colors,2.73,,,,,header-parsed,Hop Lun,3,
2893,Hop Lun,255484,,Invisible Tulle Bright,100%PA,152 - 162cm,147 - 157 cm,13 - 18g/m2,"3,000m.",601,2000,M,PFE/PFD,1.77,,,,,header-parsed,Hop Lun,4,
2894,Hop Lun,255484,,Invisible Tulle Bright,100%PA,152 - 162cm,147 - 157 cm,13 - 18g/m2,"3,000m.",601,2000,M,All_colors,2.27,,,,,header-parsed,Hop Lun,4,
2895,Hop Lun,255484,,Invisible Tulle Bright,100%PA,152 - 162cm,147 - 157 cm,13 - 18g/m2,"3,000m.",2001,5000,M,PFE/PFD,1.7,,,,,header-parsed,Hop Lun,5,
2896,Hop Lun,255484,,Invisible Tulle Bright,100%PA,152 - 162cm,147 - 157 cm,13 - 18g/m2,"3,000m.",2001,5000,M,All_colors,2.07,,,,,header-parsed,Hop Lun,5,
2897,Hop Lun,255484,,Invisible Tulle Bright,100%PA,152 - 162cm,147 - 157 cm,13 - 18g/m2,"3,000m.",2001,5000,M,PFE/PFD,1.8,,,,,header-parsed,Hop Lun,9,
2898,Hop Lun,255484,,Invisible Tulle Bright,100%PA,152 - 162cm,147 - 157 cm,13 - 18g/m2,"3,000m.",2001,5000,M,All_colors,2.17,,,,,header-parsed,Hop Lun,9,
2899,Hop Lun,254824,,ELASTIC TULLE PASCAL,"70% PA, 30% ELASTANE",147 - 152 cm.,142 - 147 cm.,50 - 55 g/m2,"3,000m.",200,600,M,PFE/PFD,3.17,,,,,header-parsed,Hop Lun,36,
2900,Hop Lun,254824,,ELASTIC TULLE PASCAL,"70% PA, 30% ELASTANE",147 - 152 cm.,142 - 147 cm.,50 - 55 g/m2,"3,000m.",200,600,M,All_colors,3.77,,,,,header-parsed,Hop Lun,36,
2901,Hop Lun,254824,,ELASTIC TULLE PASCAL,"70% PA, 30% ELASTANE",147 - 152 cm.,142 - 147 cm.,50 - 55 g/m2,"3,000m.",601,2000,M,PFE/PFD,2.83,,,,,header-parsed,Hop Lun,37,
2902,Hop Lun,254824,,ELASTIC TULLE PASCAL,"70% PA, 30% ELASTANE",147 - 152 cm.,142 - 147 cm.,50 - 55 g/m2,"3,000m.",601,2000,M,All_colors,3.33,,,,,header-parsed,Hop Lun,37,
2903,Hop Lun,254824,,ELASTIC TULLE PASCAL,"70% PA, 30% ELASTANE",147 - 152 cm.,142 - 147 cm.,50 - 55 g/m2,"3,000m.",2001,5000,M,PFE/PFD,2.77,,,,,header-parsed,Hop Lun,38,
2904,Hop Lun,254824,,ELASTIC TULLE PASCAL,"70% PA, 30% ELASTANE",147 - 152 cm.,142 - 147 cm.,50 - 55 g/m2,"3,000m.",2001,5000,M,All_colors,3.23,,,,,header-parsed,Hop Lun,38,
2905,Hop Lun,254824,,ELASTIC TULLE PASCAL,"70% PA, 30% ELASTANE",147 - 152 cm.,142 - 147 cm.,50 - 55 g/m2,"3,000m.",200,600,M,PFE/PFD,3.57,,,,,header-parsed,Hop Lun,42,
2906,Hop Lun,254824,,ELASTIC TULLE PASCAL,"70% PA, 30% ELASTANE",147 - 152 cm.,142 - 147 cm.,50 - 55 g/m2,"3,000m.",200,600,M,All_colors,4.17,,,,,header-parsed,Hop Lun,42,
2907,Hop Lun,254824,,ELASTIC TULLE PASCAL,"70% PA, 30% ELASTANE",147 - 152 cm.,142 - 147 cm.,50 - 55 g/m2,"3,000m.",601,2000,M,PFE/PFD,2.99,,,,,header-parsed,Hop Lun,43,
2908,Hop Lun,254824,,ELASTIC TULLE PASCAL,"70% PA, 30% ELASTANE",147 - 152 cm.,142 - 147 cm.,50 - 55 g/m2,"3,000m.",601,2000,M,All_colors,3.49,,,,,header-parsed,Hop Lun,43,
2909,Hop Lun,254824,,ELASTIC TULLE PASCAL,"70% PA, 30% ELASTANE",147 - 152 cm.,142 - 147 cm.,50 - 55 g/m2,"3,000m.",2001,5000,M,PFE/PFD,2.85,,,,,header-parsed,Hop Lun,44,
2910,Hop Lun,254824,,ELASTIC TULLE PASCAL,"70% PA, 30% ELASTANE",147 - 152 cm.,142 - 147 cm.,50 - 55 g/m2,"3,000m.",2001,5000,M,All_colors,3.31,,,,,header-parsed,Hop Lun,44,
2911,Hop Lun,254824,,ELASTIC TULLE PASCAL,"70% PA, 30% ELASTANE",147 - 152 cm.,142 - 147 cm.,50 - 55 g/m2,"3,000m.",200,600,M,PFE/PFD,4.07,,,,,header-parsed,Hop Lun,48,
2912,Hop Lun,254824,,ELASTIC TULLE PASCAL,"70% PA, 30% ELASTANE",147 - 152 cm.,142 - 147 cm.,50 - 55 g/m2,"3,000m.",200,600,M,All_colors,4.67,,,,,header-parsed,Hop Lun,48,
2913,Hop Lun,254824,,ELASTIC TULLE PASCAL,"70% PA, 30% ELASTANE",147 - 152 cm.,142 - 147 cm.,50 - 55 g/m2,"3,000m.",601,2000,M,PFE/PFD,3.28,,,,,header-parsed,Hop Lun,49,
2914,Hop Lun,254824,,ELASTIC TULLE PASCAL,"70% PA, 30% ELASTANE",147 - 152 cm.,142 - 147 cm.,50 - 55 g/m2,"3,000m.",601,2000,M,All_colors,3.78,,,,,header-parsed,Hop Lun,49,
2915,Hop Lun,254824,,ELASTIC TULLE PASCAL,"70% PA, 30% ELASTANE",147 - 152 cm.,142 - 147 cm.,50 - 55 g/m2,"3,000m.",2001,5000,M,PFE/PFD,3.02,,,,,header-parsed,Hop Lun,50,
2916,Hop Lun,254824,,ELASTIC TULLE PASCAL,"70% PA, 30% ELASTANE",147 - 152 cm.,142 - 147 cm.,50 - 55 g/m2,"3,000m.",2001,5000,M,All_colors,3.48,,,,,header-parsed,Hop Lun,50,
2917,Hop Lun,255827,,Recycle PA + Recycle Elastic Tulle Pascal Plus TM EMB,"70% PA, 30% ELASTANE",148 - 158 cm.,143 - 153 cm.,45 - 50 g/m2,"3,000m.",200,599,M,PFE/PFD,2.45,,,,,header-parsed,Hop Lun,77,
2918,Hop Lun,255827,,Recycle PA + Recycle Elastic Tulle Pascal Plus TM EMB,"70% PA, 30% ELASTANE",148 - 158 cm.,143 - 153 cm.,45 - 50 g/m2,"3,000m.",200,599,M,All_colors,3.5,,,,,header-parsed,Hop Lun,77,
2919,Hop Lun,255827,,Recycle PA + Recycle Elastic Tulle Pascal Plus TM EMB,"70% PA, 30% ELASTANE",148 - 158 cm.,143 - 153 cm.,45 - 50 g/m2,"3,000m.",600,1999,M,PFE/PFD,2.3,,,,,header-parsed,Hop Lun,78,
2920,Hop Lun,255827,,Recycle PA + Recycle Elastic Tulle Pascal Plus TM EMB,"70% PA, 30% ELASTANE",148 - 158 cm.,143 - 153 cm.,45 - 50 g/m2,"3,000m.",600,1999,M,All_colors,3.2,,,,,header-parsed,Hop Lun,78,
2921,Hop Lun,255827,,Recycle PA + Recycle Elastic Tulle Pascal Plus TM EMB,"70% PA, 30% ELASTANE",148 - 158 cm.,143 - 153 cm.,45 - 50 g/m2,"3,000m.",2000,,M,PFE/PFD,2.1,,,,,header-parsed,Hop Lun,79,
2922,Hop Lun,255827,,Recycle PA + Recycle Elastic Tulle Pascal Plus TM EMB,"70% PA, 30% ELASTANE",148 - 158 cm.,143 - 153 cm.,45 - 50 g/m2,"3,000m.",2000,,M,All_colors,3.05,,,,,header-parsed,Hop Lun,79,
2923,Hop Lun,255827,,Recycle PA + Recycle Elastic Tulle Pascal Plus TM EMB,"70% PA, 30% ELASTANE",148 - 158 cm.,143 - 153 cm.,45 - 50 g/m2,"3,000m.",200,599,M,PFE/PFD,2.85,,,,,header-parsed,Hop Lun,83,
2924,Hop Lun,255827,,Recycle PA + Recycle Elastic Tulle Pascal Plus TM EMB,"70% PA, 30% ELASTANE",148 - 158 cm.,143 - 153 cm.,45 - 50 g/m2,"3,000m.",200,599,M,All_colors,3.9,,,,,header-parsed,Hop Lun,83,
2925,Hop Lun,255827,,Recycle PA + Recycle Elastic Tulle Pascal Plus TM EMB,"70% PA, 30% ELASTANE",148 - 158 cm.,143 - 153 cm.,45 - 50 g/m2,"3,000m.",600,1999,M,PFE/PFD,2.46,,,,,header-parsed,Hop Lun,84,
2926,Hop Lun,255827,,Recycle PA + Recycle Elastic Tulle Pascal Plus TM EMB,"70% PA, 30% ELASTANE",148 - 158 cm.,143 - 153 cm.,45 - 50 g/m2,"3,000m.",600,1999,M,All_colors,3.36,,,,,header-parsed,Hop Lun,84,
2927,Hop Lun,255827,,Recycle PA + Recycle Elastic Tulle Pascal Plus TM EMB,"70% PA, 30% ELASTANE",148 - 158 cm.,143 - 153 cm.,45 - 50 g/m2,"3,000m.",2000,,M,PFE/PFD,2.18,,,,,header-parsed,Hop Lun,85,
2928,Hop Lun,255827,,Recycle PA + Recycle Elastic Tulle Pascal Plus TM EMB,"70% PA, 30% ELASTANE",148 - 158 cm.,143 - 153 cm.,45 - 50 g/m2,"3,000m.",2000,,M,All_colors,3.13,,,,,header-parsed,Hop Lun,85,
2929,Hop Lun,255827,,Recycle PA + Recycle Elastic Tulle Pascal Plus TM EMB,"70% PA, 30% ELASTANE",148 - 158 cm.,143 - 153 cm.,45 - 50 g/m2,"3,000m.",200,599,M,PFE/PFD,3.35,,,,,header-parsed,Hop Lun,89,
2930,Hop Lun,255827,,Recycle PA + Recycle Elastic Tulle Pascal Plus TM EMB,"70% PA, 30% ELASTANE",148 - 158 cm.,143 - 153 cm.,45 - 50 g/m2,"3,000m.",200,599,M,All_colors,4.4,,,,,header-parsed,Hop Lun,89,
2931,Hop Lun,255827,,Recycle PA + Recycle Elastic Tulle Pascal Plus TM EMB,"70% PA, 30% ELASTANE",148 - 158 cm.,143 - 153 cm.,45 - 50 g/m2,"3,000m.",600,1999,M,PFE/PFD,2.75,,,,,header-parsed,Hop Lun,90,
2932,Hop Lun,255827,,Recycle PA + Recycle Elastic Tulle Pascal Plus TM EMB,"70% PA, 30% ELASTANE",148 - 158 cm.,143 - 153 cm.,45 - 50 g/m2,"3,000m.",600,1999,M,All_colors,3.65,,,,,header-parsed,Hop Lun,90,
2933,Hop Lun,255827,,Recycle PA + Recycle Elastic Tulle Pascal Plus TM EMB,"70% PA, 30% ELASTANE",148 - 158 cm.,143 - 153 cm.,45 - 50 g/m2,"3,000m.",2000,,M,PFE/PFD,2.35,,,,,header-parsed,Hop Lun,91,
2934,Hop Lun,255827,,Recycle PA + Recycle Elastic Tulle Pascal Plus TM EMB,"70% PA, 30% ELASTANE",148 - 158 cm.,143 - 153 cm.,45 - 50 g/m2,"3,000m.",2000,,M,All_colors,3.3,,,,,header-parsed,Hop Lun,91,
2935,Hop Lun,255484,,Invisible Tulle Bright,100%PA,152 - 162cm,147 - 157 cm,13 - 18g/m2,"3,000m.",200,600,M,PFE/PFD,2.11,,,,,header-parsed,Hop Lun,109,
2936,Hop Lun,255484,,Invisible Tulle Bright,100%PA,152 - 162cm,147 - 157 cm,13 - 18g/m2,"3,000m.",200,600,M,All_colors,2.73,,,,,header-parsed,Hop Lun,109,
2937,Hop Lun,255484,,Invisible Tulle Bright,100%PA,152 - 162cm,147 - 157 cm,13 - 18g/m2,"3,000m.",601,2000,M,PFE/PFD,1.77,,,,,header-parsed,Hop Lun,110,
2938,Hop Lun,255484,,Invisible Tulle Bright,100%PA,152 - 162cm,147 - 157 cm,13 - 18g/m2,"3,000m.",601,2000,M,All_colors,2.27,,,,,header-parsed,Hop Lun,110,
2939,Hop Lun,255484,,Invisible Tulle Bright,100%PA,152 - 162cm,147 - 157 cm,13 - 18g/m2,"3,000m.",2001,5000,M,PFE/PFD,1.7,,,,,header-parsed,Hop Lun,111,
2940,Hop Lun,255484,,Invisible Tulle Bright,100%PA,152 - 162cm,147 - 157 cm,13 - 18g/m2,"3,000m.",2001,5000,M,All_colors,2.07,,,,,header-parsed,Hop Lun,111,
2941,Hop Lun,255484,,Invisible Tulle Bright,100%PA,152 - 162cm,147 - 157 cm,13 - 18g/m2,"3,000m.",200,600,M,PFE/PFD,3.46,,,,,header-parsed,Hop Lun,116,
2942,Hop Lun,255484,,Invisible Tulle Bright,100%PA,152 - 162cm,147 - 157 cm,13 - 18g/m2,"3,000m.",200,600,M,All_colors,4.08,,,,,header-parsed,Hop Lun,116,
2943,Hop Lun,255484,,Invisible Tulle Bright,100%PA,152 - 162cm,147 - 157 cm,13 - 18g/m2,"3,000m.",601,2000,M,PFE/PFD,2.27,,,,,header-parsed,Hop Lun,117,
2944,Hop Lun,255484,,Invisible Tulle Bright,100%PA,152 - 162cm,147 - 157 cm,13 - 18g/m2,"3,000m.",601,2000,M,All_colors,2.77,,,,,header-parsed,Hop Lun,117,
2945,Hop Lun,255484,,Invisible Tulle Bright,100%PA,152 - 162cm,147 - 157 cm,13 - 18g/m2,"3,000m.",2001,5000,M,PFE/PFD,1.85,,,,,header-parsed,Hop Lun,118,
2946,Hop Lun,255484,,Invisible Tulle Bright,100%PA,152 - 162cm,147 - 157 cm,13 - 18g/m2,"3,000m.",2001,5000,M,All_colors,2.22,,,,,header-parsed,Hop Lun,118,
2947,Hop Lun,255484,,Invisible Tulle Bright,100%PA,152 - 162cm,147 - 157 cm,13 - 18g/m2,"3,000m.",200,600,M,PFE/PFD,2.11,,,,,header-parsed,Hop Lun,124,
2948,Hop Lun,255484,,Invisible Tulle Bright,100%PA,152 - 162cm,147 - 157 cm,13 - 18g/m2,"3,000m.",200,600,M,All_colors,2.73,,,,,header-parsed,Hop Lun,124,
2949,Hop Lun,255484,,Invisible Tulle Bright,100%PA,152 - 162cm,147 - 157 cm,13 - 18g/m2,"3,000m.",601,2000,M,PFE/PFD,1.77,,,,,header-parsed,Hop Lun,125,
2950,Hop Lun,255484,,Invisible Tulle Bright,100%PA,152 - 162cm,147 - 157 cm,13 - 18g/m2,"3,000m.",601,2000,M,All_colors,2.27,,,,,header-parsed,Hop Lun,125,
2951,Hop Lun,255484,,Invisible Tulle Bright,100%PA,152 - 162cm,147 - 157 cm,13 - 18g/m2,"3,000m.",2001,5000,M,PFE/PFD,1.7,,,,,header-parsed,Hop Lun,126,
2952,Hop Lun,255484,,Invisible Tulle Bright,100%PA,152 - 162cm,147 - 157 cm,13 - 18g/m2,"3,000m.",2001,5000,M,All_colors,2.07,,,,,header-parsed,Hop Lun,126,
2953,Hop Lun,255484,,Invisible Tulle Bright,100%PA,152 - 162cm,147 - 157 cm,13 - 18g/m2,"3,000m.",200,,M,PFE/PFD,3.86,,,,,header-parsed,Hop Lun,139,
2954,Hop Lun,255484,,Invisible Tulle Bright,100%PA,152 - 162cm,147 - 157 cm,13 - 18g/m2,"3,000m.",200,,M,All_colors,4.48,,,,,header-parsed,Hop Lun,139,
2955,Hop Lun,255484,,Invisible Tulle Bright,100%PA,152 - 162cm,147 - 157 cm,13 - 18g/m2,"3,000m.",400,,M,PFE/PFD,3.01,,,,,header-parsed,Hop Lun,140,
2956,Hop Lun,255484,,Invisible Tulle Bright,100%PA,152 - 162cm,147 - 157 cm,13 - 18g/m2,"3,000m.",400,,M,All_colors,3.63,,,,,header-parsed,Hop Lun,140,
2957,Hop Lun,255484,,Invisible Tulle Bright,100%PA,152 - 162cm,147 - 157 cm,13 - 18g/m2,"3,000m.",600,,M,PFE/PFD,2.71,,,,,header-parsed,Hop Lun,141,
2958,Hop Lun,255484,,Invisible Tulle Bright,100%PA,152 - 162cm,147 - 157 cm,13 - 18g/m2,"3,000m.",600,,M,All_colors,3.33,,,,,header-parsed,Hop Lun,141,
2959,Hop Lun,255484,,Invisible Tulle Bright,100%PA,152 - 162cm,147 - 157 cm,13 - 18g/m2,"3,000m.",200,600,M,PFE/PFD,4.06,,,,,header-parsed,Hop Lun,150,
2960,Hop Lun,255484,,Invisible Tulle Bright,100%PA,152 - 162cm,147 - 157 cm,13 - 18g/m2,"3,000m.",200,600,M,All_colors,4.68,,,,,header-parsed,Hop Lun,150,
2961,Hop Lun,255048,,PES TULLE INVISIBLE,100% PES,170 - 175 cm.,165 - 170 cm.,18 - 23 g/m2,"3,000m.",200,600,M,PFE/PFD,1.83,,,,,header-parsed,Hop Lun,170,
2962,Hop Lun,255048,,PES TULLE INVISIBLE,100% PES,170 - 175 cm.,165 - 170 cm.,18 - 23 g/m2,"3,000m.",200,600,M,All_colors,2.5,,,,,header-parsed,Hop Lun,170,
2963,Hop Lun,255048,,PES TULLE INVISIBLE,100% PES,170 - 175 cm.,165 - 170 cm.,18 - 23 g/m2,"3,000m.",601,2000,M,PFE/PFD,1.67,,,,,header-parsed,Hop Lun,171,
2964,Hop Lun,255048,,PES TULLE INVISIBLE,100% PES,170 - 175 cm.,165 - 170 cm.,18 - 23 g/m2,"3,000m.",601,2000,M,All_colors,2.17,,,,,header-parsed,Hop Lun,171,
2965,Hop Lun,255048,,PES TULLE INVISIBLE,100% PES,170 - 175 cm.,165 - 170 cm.,18 - 23 g/m2,"3,000m.",2001,5000,M,PFE/PFD,1.5,,,,,header-parsed,Hop Lun,172,
2966,Hop Lun,255048,,PES TULLE INVISIBLE,100% PES,170 - 175 cm.,165 - 170 cm.,18 - 23 g/m2,"3,000m.",2001,5000,M,All_colors,2,,,,,header-parsed,Hop Lun,172,
2967,Hop Lun,255048,,PES TULLE INVISIBLE,100% PES,170 - 175 cm.,165 - 170 cm.,18 - 23 g/m2,"3,000m.",200,600,M,PFE/PFD,3.18,,,,,header-parsed,Hop Lun,176,
2968,Hop Lun,255048,,PES TULLE INVISIBLE,100% PES,170 - 175 cm.,165 - 170 cm.,18 - 23 g/m2,"3,000m.",200,600,M,All_colors,3.85,,,,,header-parsed,Hop Lun,176,
2969,Hop Lun,255048,,PES TULLE INVISIBLE,100% PES,170 - 175 cm.,165 - 170 cm.,18 - 23 g/m2,"3,000m.",601,2000,M,PFE/PFD,2.17,,,,,header-parsed,Hop Lun,177,
2970,Hop Lun,255048,,PES TULLE INVISIBLE,100% PES,170 - 175 cm.,165 - 170 cm.,18 - 23 g/m2,"3,000m.",601,2000,M,All_colors,2.67,,,,,header-parsed,Hop Lun,177,
2971,Hop Lun,255048,,PES TULLE INVISIBLE,100% PES,170 - 175 cm.,165 - 170 cm.,18 - 23 g/m2,"3,000m.",2001,5000,M,PFE/PFD,1.65,,,,,header-parsed,Hop Lun,178,
2972,Hop Lun,255048,,PES TULLE INVISIBLE,100% PES,170 - 175 cm.,165 - 170 cm.,18 - 23 g/m2,"3,000m.",2001,5000,M,All_colors,2.15,,,,,header-parsed,Hop Lun,178,
2973,Hop Lun,255048,,PES TULLE INVISIBLE,100% PES,170 - 175 cm.,165 - 170 cm.,18 - 23 g/m2,"3,000m.",200,600,M,All_colors,2.5,,,,,header-parsed,Hop Lun,182,
2974,Hop Lun,255048,,PES TULLE INVISIBLE,100% PES,170 - 175 cm.,165 - 170 cm.,18 - 23 g/m2,"3,000m.",601,2000,M,All_colors,2.05,,,,,header-parsed,Hop Lun,183,
2975,Hop Lun,255048,,PES TULLE INVISIBLE,100% PES,170 - 175 cm.,165 - 170 cm.,18 - 23 g/m2,"3,000m.",2001,5000,M,All_colors,1.85,,,,,header-parsed,Hop Lun,184,
2976,Hop Lun,255048,,PES TULLE INVISIBLE,100% PES,170 - 175 cm.,165 - 170 cm.,18 - 23 g/m2,"40,000yd.",200,600,M,All_colors,2.33,,,,,header-parsed,Hop Lun,188,
2977,Hop Lun,255048,,PES TULLE INVISIBLE,100% PES,170 - 175 cm.,165 - 170 cm.,18 - 23 g/m2,"40,000yd.",601,2000,M,All_colors,1.9,,,,,header-parsed,Hop Lun,189,
2978,Hop Lun,255048,,PES TULLE INVISIBLE,100% PES,170 - 175 cm.,165 - 170 cm.,18 - 23 g/m2,"40,000yd.",2001,5000,M,All_colors,1.72,,,,,header-parsed,Hop Lun,190,
2979,Hop Lun,255048,,PES TULLE INVISIBLE,100% PES,170 - 175 cm.,165 - 170 cm.,18 - 23 g/m2,"40,000yd.",254933,,M,PFE/PFD,2.1,,,,,header-parsed,Hop Lun,192,
2980,Hop Lun,255048,,PES TULLE INVISIBLE,100% PES,170 - 175 cm.,165 - 170 cm.,18 - 23 g/m2,"40,000yd.",255022,,M,PFE/PFD,4.3,,,,,header-parsed,Hop Lun,193,
2981,Hop Lun,255048,,PES TULLE INVISIBLE,100% PES,170 - 175 cm.,165 - 170 cm.,18 - 23 g/m2,"40,000yd.",255028,,M,PFE/PFD,4.2,,,,,header-parsed,Hop Lun,194,
2982,Hop Lun,255048,,PES TULLE INVISIBLE,100% PES,170 - 175 cm.,165 - 170 cm.,18 - 23 g/m2,"40,000yd.",255315,,M,PFE/PFD,3.05,,,,,header-parsed,Hop Lun,195,
2983,Hop Lun,255048,,PES TULLE INVISIBLE,100% PES,170 - 175 cm.,165 - 170 cm.,18 - 23 g/m2,"40,000yd.",255419,,M,PFE/PFD,4.7,,,,,header-parsed,Hop Lun,196,
2984,Hop Lun,255048,,PES TULLE INVISIBLE,100% PES,170 - 175 cm.,165 - 170 cm.,18 - 23 g/m2,"40,000yd.",255572,,M,PFE/PFD,3.15,,,,,header-parsed,Hop Lun,197,
2985,Hop Lun,255048,,PES TULLE INVISIBLE,100% PES,170 - 175 cm.,165 - 170 cm.,18 - 23 g/m2,"40,000yd.",255785,,M,PFE/PFD,2.55,,,,,header-parsed,Hop Lun,198,
2986,Hop Lun,255048,,PES TULLE INVISIBLE,100% PES,170 - 175 cm.,165 - 170 cm.,18 - 23 g/m2,"40,000yd.",255787,,M,PFE/PFD,2.95,,,,,header-parsed,Hop Lun,199,
2987,Hop Lun,255048,,PES TULLE INVISIBLE,100% PES,170 - 175 cm.,165 - 170 cm.,18 - 23 g/m2,"40,000yd.",257043,,M,PFE/PFD,3.1,,,,,header-parsed,Hop Lun,200,
2988,Hop Lun,255048,,PES TULLE INVISIBLE,100% PES,170 - 175 cm.,165 - 170 cm.,18 - 23 g/m2,"40,000yd.",257140,,M,PFE/PFD,4.6,,,,,header-parsed,Hop Lun,201,
2989,Hop Lun,255048,,PES TULLE INVISIBLE,100% PES,170 - 175 cm.,165 - 170 cm.,18 - 23 g/m2,"40,000yd.",257142,,M,PFE/PFD,3.5,,,,,header-parsed,Hop Lun,202,
2990,Hop Lun,255048,,PES TULLE INVISIBLE,100% PES,170 - 175 cm.,165 - 170 cm.,18 - 23 g/m2,"40,000yd.",257207,,M,PFE/PFD,4.3,,,,,header-parsed,Hop Lun,203,
2991,Hop Lun,255048,,PES TULLE INVISIBLE,100% PES,170 - 175 cm.,165 - 170 cm.,18 - 23 g/m2,"40,000yd.",257208,,M,PFE/PFD,4.2,,,,,header-parsed,Hop Lun,204,
2992,Hop Lun,255048,,PES TULLE INVISIBLE,100% PES,170 - 175 cm.,165 - 170 cm.,18 - 23 g/m2,"40,000yd.",210816,,M,PFE/PFD,4.35,,,,,header-parsed,Hop Lun,205,
2993,Hop Lun,255048,,PES TULLE INVISIBLE,100% PES,170 - 175 cm.,165 - 170 cm.,18 - 23 g/m2,"40,000yd.",251208,,M,PFE/PFD,2.8,,,,,header-parsed,Hop Lun,206,
2994,Hop Lun,255048,,PES TULLE INVISIBLE,100% PES,170 - 175 cm.,165 - 170 cm.,18 - 23 g/m2,"40,000yd.",254955,,M,PFE/PFD,2.35,,,,,header-parsed,Hop Lun,207,
2995,Hop Lun,255048,,PES TULLE INVISIBLE,100% PES,170 - 175 cm.,165 - 170 cm.,18 - 23 g/m2,"40,000yd.",255042,,M,PFE/PFD,6.05,,,,,header-parsed,Hop Lun,208,
2996,Hop Lun,255048,,PES TULLE INVISIBLE,100% PES,170 - 175 cm.,165 - 170 cm.,18 - 23 g/m2,"40,000yd.",255396,,M,PFE/PFD,5.75,,,,,header-parsed,Hop Lun,209,
2997,Hop Lun,255048,,PES TULLE INVISIBLE,100% PES,170 - 175 cm.,165 - 170 cm.,18 - 23 g/m2,"40,000yd.",255557,,M,PFE/PFD,2.6,,,,,header-parsed,Hop Lun,210,
2998,Hop Lun,255048,,PES TULLE INVISIBLE,100% PES,170 - 175 cm.,165 - 170 cm.,18 - 23 g/m2,"40,000yd.",251170,,M,PFE/PFD,4.2,,,,,header-parsed,Hop Lun,211,
2999,Hop Lun,255048,,PES TULLE INVISIBLE,100% PES,170 - 175 cm.,165 - 170 cm.,18 - 23 g/m2,"40,000yd.",254992,,M,PFE/PFD,3.85,,,,,header-parsed,Hop Lun,212,
3000,Hop Lun,255048,,PES TULLE INVISIBLE,100% PES,170 - 175 cm.,165 - 170 cm.,18 - 23 g/m2,"40,000yd.",255004,,M,PFE/PFD,3.8,,,,,header-parsed,Hop Lun,213,
3001,Hop Lun,255048,,PES TULLE INVISIBLE,100% PES,170 - 175 cm.,165 - 170 cm.,18 - 23 g/m2,"40,000yd.",255135,,M,PFE/PFD,3.75,,,,,header-parsed,Hop Lun,214,
3002,Hop Lun,255048,,PES TULLE INVISIBLE,100% PES,170 - 175 cm.,165 - 170 cm.,18 - 23 g/m2,"40,000yd.",255153,,M,PFE/PFD,4.45,,,,,header-parsed,Hop Lun,215,
3003,Hop Lun,255048,,PES TULLE INVISIBLE,100% PES,170 - 175 cm.,165 - 170 cm.,18 - 23 g/m2,"40,000yd.",255193,,M,PFE/PFD,2.75,,,,,header-parsed,Hop Lun,216,
3004,Hop Lun,255048,,PES TULLE INVISIBLE,100% PES,170 - 175 cm.,165 - 170 cm.,18 - 23 g/m2,"40,000yd.",255273,,M,PFE/PFD,2.85,,,,,header-parsed,Hop Lun,217,
3005,Hop Lun,255048,,PES TULLE INVISIBLE,100% PES,170 - 175 cm.,165 - 170 cm.,18 - 23 g/m2,"40,000yd.",255295,,M,PFE/PFD,4.2,,,,,header-parsed,Hop Lun,218,
3006,Hop Lun,255048,,PES TULLE INVISIBLE,100% PES,170 - 175 cm.,165 - 170 cm.,18 - 23 g/m2,"40,000yd.",255332,,M,PFE/PFD,2.9,,,,,header-parsed,Hop Lun,219,
3007,Hop Lun,255048,,PES TULLE INVISIBLE,100% PES,170 - 175 cm.,165 - 170 cm.,18 - 23 g/m2,"40,000yd.",255341,,M,PFE/PFD,3.8,,,,,header-parsed,Hop Lun,220,
3008,Hop Lun,255048,,PES TULLE INVISIBLE,100% PES,170 - 175 cm.,165 - 170 cm.,18 - 23 g/m2,"40,000yd.",255350,,M,PFE/PFD,5.4,,,,,header-parsed,Hop Lun,221,
3009,Hop Lun,255048,,PES TULLE INVISIBLE,100% PES,170 - 175 cm.,165 - 170 cm.,18 - 23 g/m2,"40,000yd.",255378,,M,PFE/PFD,3.9,,,,,header-parsed,Hop Lun,222,
3010,Hop Lun,255048,,PES TULLE INVISIBLE,100% PES,170 - 175 cm.,165 - 170 cm.,18 - 23 g/m2,"40,000yd.",255418,,M,PFE/PFD,4.95,,,,,header-parsed,Hop Lun,223,
3011,Hop Lun,255048,,PES TULLE INVISIBLE,100% PES,170 - 175 cm.,165 - 170 cm.,18 - 23 g/m2,"40,000yd.",255434,,M,PFE/PFD,2.8,,,,,header-parsed,Hop Lun,224,
3012,Hop Lun,255048,,PES TULLE INVISIBLE,100% PES,170 - 175 cm.,165 - 170 cm.,18 - 23 g/m2,"40,000yd.",255493,,M,PFE/PFD,4.7,,,,,header-parsed,Hop Lun,225,
3013,Hop Lun,255048,,PES TULLE INVISIBLE,100% PES,170 - 175 cm.,165 - 170 cm.,18 - 23 g/m2,"40,000yd.",255469,,M,PFE/PFD,3.15,,,,,header-parsed,Hop Lun,226,
3014,Hop Lun,255048,,PES TULLE INVISIBLE,100% PES,170 - 175 cm.,165 - 170 cm.,18 - 23 g/m2,"40,000yd.",255536,,M,PFE/PFD,5.6,,,,,header-parsed,Hop Lun,227,
3015,Hop Lun,255048,,PES TULLE INVISIBLE,100% PES,170 - 175 cm.,165 - 170 cm.,18 - 23 g/m2,"40,000yd.",255569,,M,PFE/PFD,4.4,,,,,header-parsed,Hop Lun,228,
3016,Hop Lun,255048,,PES TULLE INVISIBLE,100% PES,170 - 175 cm.,165 - 170 cm.,18 - 23 g/m2,"40,000yd.",255613,,M,PFE/PFD,3.7,,,,,header-parsed,Hop Lun,229,
3017,Hop Lun,255048,,PES TULLE INVISIBLE,100% PES,170 - 175 cm.,165 - 170 cm.,18 - 23 g/m2,"40,000yd.",255616,,M,PFE/PFD,3.6,,,,,header-parsed,Hop Lun,230,
3018,Hop Lun,255048,,PES TULLE INVISIBLE,100% PES,170 - 175 cm.,165 - 170 cm.,18 - 23 g/m2,"40,000yd.",255674,,M,PFE/PFD,2.7,,,,,header-parsed,Hop Lun,231,
3019,Hop Lun,255048,,PES TULLE INVISIBLE,100% PES,170 - 175 cm.,165 - 170 cm.,18 - 23 g/m2,"40,000yd.",255683,,M,PFE/PFD,2.85,,,,,header-parsed,Hop Lun,232,
3020,Hop Lun,255048,,PES TULLE INVISIBLE,100% PES,170 - 175 cm.,165 - 170 cm.,18 - 23 g/m2,"40,000yd.",255691,,M,PFE/PFD,2.4,,,,,header-parsed,Hop Lun,233,
3021,Hop Lun,255048,,PES TULLE INVISIBLE,100% PES,170 - 175 cm.,165 - 170 cm.,18 - 23 g/m2,"40,000yd.",255433,,M,PFE/PFD,2.8,,,,,header-parsed,Hop Lun,234,
3022,Hop Lun,255048,,PES TULLE INVISIBLE,100% PES,170 - 175 cm.,165 - 170 cm.,18 - 23 g/m2,"40,000yd.",255707,,M,PFE/PFD,3.5,,,,,header-parsed,Hop Lun,235,
3023,Hop Lun,255048,,PES TULLE INVISIBLE,100% PES,170 - 175 cm.,165 - 170 cm.,18 - 23 g/m2,"40,000yd.",255708,,M,PFE/PFD,3.15,,,,,header-parsed,Hop Lun,236,
3024,Hop Lun,255048,,PES TULLE INVISIBLE,100% PES,170 - 175 cm.,165 - 170 cm.,18 - 23 g/m2,"40,000yd.",255825,,M,PFE/PFD,5.65,,,,,header-parsed,Hop Lun,237,
3025,Hop Lun,255048,,PES TULLE INVISIBLE,100% PES,170 - 175 cm.,165 - 170 cm.,18 - 23 g/m2,"3,000m.",200,600,M,PFE/PFD,1.83,,,,,header-parsed,Hop Lun,243,
3026,Hop Lun,255048,,PES TULLE INVISIBLE,100% PES,170 - 175 cm.,165 - 170 cm.,18 - 23 g/m2,"3,000m.",200,600,M,All_colors,2.5,,,,,header-parsed,Hop Lun,243,
3027,Hop Lun,255048,,PES TULLE INVISIBLE,100% PES,170 - 175 cm.,165 - 170 cm.,18 - 23 g/m2,"3,000m.",601,2000,M,PFE/PFD,1.67,,,,,header-parsed,Hop Lun,244,
3028,Hop Lun,255048,,PES TULLE INVISIBLE,100% PES,170 - 175 cm.,165 - 170 cm.,18 - 23 g/m2,"3,000m.",601,2000,M,All_colors,2.17,,,,,header-parsed,Hop Lun,244,
3029,Hop Lun,255048,,PES TULLE INVISIBLE,100% PES,170 - 175 cm.,165 - 170 cm.,18 - 23 g/m2,"3,000m.",2001,5000,M,PFE/PFD,1.5,,,,,header-parsed,Hop Lun,245,
3030,Hop Lun,255048,,PES TULLE INVISIBLE,100% PES,170 - 175 cm.,165 - 170 cm.,18 - 23 g/m2,"3,000m.",2001,5000,M,All_colors,2,,,,,header-parsed,Hop Lun,245,
3031,Hop Lun,254555,,PES TULLE,100%PES,158-168 cm.,153-163 cm.,30-35 g/m2,"3,000m.",200,600,M,PFE/PFD,2.23,,,,,header-parsed,Hop Lun,266,
3032,Hop Lun,254555,,PES TULLE,100%PES,158-168 cm.,153-163 cm.,30-35 g/m2,"3,000m.",200,600,M,All_colors,2.73,,,,,header-parsed,Hop Lun,266,
3033,Hop Lun,254555,,PES TULLE,100%PES,158-168 cm.,153-163 cm.,30-35 g/m2,"3,000m.",601,2000,M,PFE/PFD,1.83,,,,,header-parsed,Hop Lun,267,
3034,Hop Lun,254555,,PES TULLE,100%PES,158-168 cm.,153-163 cm.,30-35 g/m2,"3,000m.",601,2000,M,All_colors,2.3,,,,,header-parsed,Hop Lun,267,
3035,Hop Lun,254555,,PES TULLE,100%PES,158-168 cm.,153-163 cm.,30-35 g/m2,"3,000m.",2001,5000,M,PFE/PFD,1.77,,,,,header-parsed,Hop Lun,268,
3036,Hop Lun,254555,,PES TULLE,100%PES,158-168 cm.,153-163 cm.,30-35 g/m2,"3,000m.",2001,5000,M,All_colors,2.1,,,,,header-parsed,Hop Lun,268,
3037,Hop Lun,255554AA/78,,PA INVISIBLE ELASTIC,"77% PA, 23% ELASTANE",148-158 cm.,143-153 cm.,27-32 g/m2,"3,000 m",350,600,M,PFE/PFD,2.3,,,,,header-parsed,Hop Lun,270,
3038,Hop Lun,255554AA/78,,PA INVISIBLE ELASTIC,"77% PA, 23% ELASTANE",148-158 cm.,143-153 cm.,27-32 g/m2,"3,000 m",350,600,M,All_colors,2.9,,,,,header-parsed,Hop Lun,270,
3039,Hop Lun,255554AA/78,,PA INVISIBLE ELASTIC,"77% PA, 23% ELASTANE",148-158 cm.,143-153 cm.,27-32 g/m2,"3,000 m",601,2000,M,PFE/PFD,2.1,,,,,header-parsed,Hop Lun,271,
3040,Hop Lun,255554AA/78,,PA INVISIBLE ELASTIC,"77% PA, 23% ELASTANE",148-158 cm.,143-153 cm.,27-32 g/m2,"3,000 m",601,2000,M,All_colors,2.55,,,,,header-parsed,Hop Lun,271,
3041,Hop Lun,255554AA/78,,PA INVISIBLE ELASTIC,"77% PA, 23% ELASTANE",148-158 cm.,143-153 cm.,27-32 g/m2,"3,000 m",2001,5000,M,PFE/PFD,1.95,,,,,header-parsed,Hop Lun,272,
3042,Hop Lun,255554AA/78,,PA INVISIBLE ELASTIC,"77% PA, 23% ELASTANE",148-158 cm.,143-153 cm.,27-32 g/m2,"3,000 m",2001,5000,M,All_colors,2.4,,,,,header-parsed,Hop Lun,272,
3043,Hop Lun,254824,,ELASTIC TULLE PASCAL,"70% PA, 30% ELASTANE",147-152 cm.,142-147 cm.,50-55 g/m2,"3,000m.",200,600,M,PFE/PFD,3.17,,,,,header-parsed,Hop Lun,274,
3044,Hop Lun,254824,,ELASTIC TULLE PASCAL,"70% PA, 30% ELASTANE",147-152 cm.,142-147 cm.,50-55 g/m2,"3,000m.",200,600,M,All_colors,3.77,,,,,header-parsed,Hop Lun,274,
3045,Hop Lun,254824,,ELASTIC TULLE PASCAL,"70% PA, 30% ELASTANE",147-152 cm.,142-147 cm.,50-55 g/m2,"3,000m.",601,2000,M,PFE/PFD,2.83,,,,,header-parsed,Hop Lun,275,
3046,Hop Lun,254824,,ELASTIC TULLE PASCAL,"70% PA, 30% ELASTANE",147-152 cm.,142-147 cm.,50-55 g/m2,"3,000m.",601,2000,M,All_colors,3.33,,,,,header-parsed,Hop Lun,275,
3047,Hop Lun,254824,,ELASTIC TULLE PASCAL,"70% PA, 30% ELASTANE",147-152 cm.,142-147 cm.,50-55 g/m2,"3,000m.",2001,5000,M,PFE/PFD,2.77,,,,,header-parsed,Hop Lun,276,
3048,Hop Lun,254824,,ELASTIC TULLE PASCAL,"70% PA, 30% ELASTANE",147-152 cm.,142-147 cm.,50-55 g/m2,"3,000m.",2001,5000,M,All_colors,3.23,,,,,header-parsed,Hop Lun,276,
3049,Hop Lun,254555,,PES TULLE,100%PES,157 - 162 cm.,152 - 157 cm.,30 - 35 g/m2,"3,000m.",200,600,M,PFE/PFD,2.23,,,,,header-parsed,Hop Lun,285,
3050,Hop Lun,254555,,PES TULLE,100%PES,157 - 162 cm.,152 - 157 cm.,30 - 35 g/m2,"3,000m.",200,600,M,All_colors,2.83,,,,,header-parsed,Hop Lun,285,
3051,Hop Lun,254555,,PES TULLE,100%PES,157 - 162 cm.,152 - 157 cm.,30 - 35 g/m2,"3,000m.",601,2000,M,PFE/PFD,1.83,,,,,header-parsed,Hop Lun,286,
3052,Hop Lun,254555,,PES TULLE,100%PES,157 - 162 cm.,152 - 157 cm.,30 - 35 g/m2,"3,000m.",601,2000,M,All_colors,2.4,,,,,header-parsed,Hop Lun,286,
3053,Hop Lun,254555,,PES TULLE,100%PES,157 - 162 cm.,152 - 157 cm.,30 - 35 g/m2,"3,000m.",2001,5000,M,PFE/PFD,1.77,,,,,header-parsed,Hop Lun,287,
3054,Hop Lun,254555,,PES TULLE,100%PES,157 - 162 cm.,152 - 157 cm.,30 - 35 g/m2,"3,000m.",2001,5000,M,All_colors,2.2,,,,,header-parsed,Hop Lun,287,
3055,Hop Lun,255554,,PA INVISIBLE ELASTIC,"77% PA, 23% ELASTANE",150 - 160 cm.,145 - 155 cm.,24 - 28 g/m2,"3,000 m",350,600,M,PFE/PFD,2.3,,,,,header-parsed,Hop Lun,289,
3056,Hop Lun,255554,,PA INVISIBLE ELASTIC,"77% PA, 23% ELASTANE",150 - 160 cm.,145 - 155 cm.,24 - 28 g/m2,"3,000 m",350,600,M,All_colors,2.9,,,,,header-parsed,Hop Lun,289,
3057,Hop Lun,255554,,PA INVISIBLE ELASTIC,"77% PA, 23% ELASTANE",150 - 160 cm.,145 - 155 cm.,24 - 28 g/m2,"3,000 m",601,2000,M,PFE/PFD,2.1,,,,,header-parsed,Hop Lun,290,
3058,Hop Lun,255554,,PA INVISIBLE ELASTIC,"77% PA, 23% ELASTANE",150 - 160 cm.,145 - 155 cm.,24 - 28 g/m2,"3,000 m",601,2000,M,All_colors,2.55,,,,,header-parsed,Hop Lun,290,
3059,Hop Lun,255554,,PA INVISIBLE ELASTIC,"77% PA, 23% ELASTANE",150 - 160 cm.,145 - 155 cm.,24 - 28 g/m2,"3,000 m",2001,5000,M,PFE/PFD,1.95,,,,,header-parsed,Hop Lun,291,
3060,Hop Lun,255554,,PA INVISIBLE ELASTIC,"77% PA, 23% ELASTANE",150 - 160 cm.,145 - 155 cm.,24 - 28 g/m2,"3,000 m",2001,5000,M,All_colors,2.4,,,,,header-parsed,Hop Lun,291,
3061,Hop Lun,254824,,ELASTIC TULLE PASCAL,"70% PA, 30% ELASTANE",147 - 152 cm.,142 - 147 cm.,50 - 55 g/m2,"3,000m.",200,600,M,PFE/PFD,3.17,,,,,header-parsed,Hop Lun,293,
3062,Hop Lun,254824,,ELASTIC TULLE PASCAL,"70% PA, 30% ELASTANE",147 - 152 cm.,142 - 147 cm.,50 - 55 g/m2,"3,000m.",200,600,M,All_colors,3.77,,,,,header-parsed,Hop Lun,293,
3063,Hop Lun,254824,,ELASTIC TULLE PASCAL,"70% PA, 30% ELASTANE",147 - 152 cm.,142 - 147 cm.,50 - 55 g/m2,"3,000m.",601,2000,M,PFE/PFD,2.83,,,,,header-parsed,Hop Lun,294,
3064,Hop Lun,254824,,ELASTIC TULLE PASCAL,"70% PA, 30% ELASTANE",147 - 152 cm.,142 - 147 cm.,50 - 55 g/m2,"3,000m.",601,2000,M,All_colors,3.33,,,,,header-parsed,Hop Lun,294,
3065,Hop Lun,254824,,ELASTIC TULLE PASCAL,"70% PA, 30% ELASTANE",147 - 152 cm.,142 - 147 cm.,50 - 55 g/m2,"3,000m.",2001,5000,M,PFE/PFD,2.77,,,,,header-parsed,Hop Lun,295,
3066,Hop Lun,254824,,ELASTIC TULLE PASCAL,"70% PA, 30% ELASTANE",147 - 152 cm.,142 - 147 cm.,50 - 55 g/m2,"3,000m.",2001,5000,M,All_colors,3.23,,,,,header-parsed,Hop Lun,295,
3067,Hop Lun,254824,,ELASTIC TULLE PASCAL,"70% PA, 30% ELASTANE",147 - 152 cm.,142 - 147 cm.,50 - 55 g/m2,"3,000m.",3000,,M,All_colors,3.9,,,,,header-parsed,Hop Lun,303,
3068,Hop Lun (PH Garment),254553,,PA TULLE,100%PA,145 - 150 cm.,140 - 145 cm.,30 - 35 g/m2,"3,000m.",200,600,M,PFE/PFD,2.3,,,,,header-parsed,Hop Lun (PH Garment),7,
3069,Hop Lun (PH Garment),254553,,PA TULLE,100%PA,145 - 150 cm.,140 - 145 cm.,30 - 35 g/m2,"3,000m.",200,600,M,All_colors,2.97,,,,,header-parsed,Hop Lun (PH Garment),7,
3070,Hop Lun (PH Garment),254553,,PA TULLE,100%PA,145 - 150 cm.,140 - 145 cm.,30 - 35 g/m2,"3,000m.",601,2000,M,PFE/PFD,1.97,,,,,header-parsed,Hop Lun (PH Garment),8,
3071,Hop Lun (PH Garment),254553,,PA TULLE,100%PA,145 - 150 cm.,140 - 145 cm.,30 - 35 g/m2,"3,000m.",601,2000,M,All_colors,2.47,,,,,header-parsed,Hop Lun (PH Garment),8,
3072,Hop Lun (PH Garment),254553,,PA TULLE,100%PA,145 - 150 cm.,140 - 145 cm.,30 - 35 g/m2,"3,000m.",2001,5000,M,PFE/PFD,1.9,,,,,header-parsed,Hop Lun (PH Garment),9,
3073,Hop Lun (PH Garment),254553,,PA TULLE,100%PA,145 - 150 cm.,140 - 145 cm.,30 - 35 g/m2,"3,000m.",2001,5000,M,All_colors,2.3,,,,,header-parsed,Hop Lun (PH Garment),9,
3074,Hop Lun (PH Garment),254555,,PES TULLE,100%PES,157 - 162 cm.,152 - 157 cm.,30 - 35 g/m2,"3,000m.",200,600,M,PFE/PFD,2.13,,,,,header-parsed,Hop Lun (PH Garment),11,
3075,Hop Lun (PH Garment),254555,,PES TULLE,100%PES,157 - 162 cm.,152 - 157 cm.,30 - 35 g/m2,"3,000m.",200,600,M,All_colors,2.73,,,,,header-parsed,Hop Lun (PH Garment),11,
3076,Hop Lun (PH Garment),254555,,PES TULLE,100%PES,157 - 162 cm.,152 - 157 cm.,30 - 35 g/m2,"3,000m.",601,2000,M,PFE/PFD,1.73,,,,,header-parsed,Hop Lun (PH Garment),12,
3077,Hop Lun (PH Garment),254555,,PES TULLE,100%PES,157 - 162 cm.,152 - 157 cm.,30 - 35 g/m2,"3,000m.",601,2000,M,All_colors,2.3,,,,,header-parsed,Hop Lun (PH Garment),12,
3078,Hop Lun (PH Garment),254555,,PES TULLE,100%PES,157 - 162 cm.,152 - 157 cm.,30 - 35 g/m2,"3,000m.",2001,5000,M,PFE/PFD,1.67,,,,,header-parsed,Hop Lun (PH Garment),13,
3079,Hop Lun (PH Garment),254555,,PES TULLE,100%PES,157 - 162 cm.,152 - 157 cm.,30 - 35 g/m2,"3,000m.",2001,5000,M,All_colors,2.1,,,,,header-parsed,Hop Lun (PH Garment),13,
3080,Hop Lun (PH Garment),254824,,ELASTIC TULLE PASCAL,"70% PA, 30% ELASTANE",147 - 152 cm.,142 - 147 cm.,50 - 55 g/m2,"3,000m.",200,600,M,PFE/PFD,3.17,,,,,header-parsed,Hop Lun (PH Garment),15,
3081,Hop Lun (PH Garment),254824,,ELASTIC TULLE PASCAL,"70% PA, 30% ELASTANE",147 - 152 cm.,142 - 147 cm.,50 - 55 g/m2,"3,000m.",200,600,M,All_colors,3.77,,,,,header-parsed,Hop Lun (PH Garment),15,
3082,Hop Lun (PH Garment),254824,,ELASTIC TULLE PASCAL,"70% PA, 30% ELASTANE",147 - 152 cm.,142 - 147 cm.,50 - 55 g/m2,"3,000m.",601,2000,M,PFE/PFD,2.83,,,,,header-parsed,Hop Lun (PH Garment),16,
3083,Hop Lun (PH Garment),254824,,ELASTIC TULLE PASCAL,"70% PA, 30% ELASTANE",147 - 152 cm.,142 - 147 cm.,50 - 55 g/m2,"3,000m.",601,2000,M,All_colors,3.33,,,,,header-parsed,Hop Lun (PH Garment),16,
3084,Hop Lun (PH Garment),254824,,ELASTIC TULLE PASCAL,"70% PA, 30% ELASTANE",147 - 152 cm.,142 - 147 cm.,50 - 55 g/m2,"3,000m.",2001,5000,M,PFE/PFD,2.77,,,,,header-parsed,Hop Lun (PH Garment),17,
3085,Hop Lun (PH Garment),254824,,ELASTIC TULLE PASCAL,"70% PA, 30% ELASTANE",147 - 152 cm.,142 - 147 cm.,50 - 55 g/m2,"3,000m.",2001,5000,M,All_colors,3.23,,,,,header-parsed,Hop Lun (PH Garment),17,
3086,Hop Lun (PH Garment),255042,,POWER MESH,"72% PA, 28% ELASTANE",170  - 180 cm.,165 - 175 cm.,152-168 g/m2,"3,000m.",240,,M,PFE/PFD,8,,,,,header-parsed,Hop Lun (PH Garment),19,
3087,Hop Lun (PH Garment),255042,,POWER MESH,"72% PA, 28% ELASTANE",170  - 180 cm.,165 - 175 cm.,152-168 g/m2,"3,000m.",240,,M,All_colors,8.67,,,,,header-parsed,Hop Lun (PH Garment),19,
3088,Hop Lun (PH Garment),255042,,POWER MESH,"72% PA, 28% ELASTANE",170  - 180 cm.,165 - 175 cm.,152-168 g/m2,"3,000m.",360,,M,PFE/PFD,7.17,,,,,header-parsed,Hop Lun (PH Garment),20,
3089,Hop Lun (PH Garment),255042,,POWER MESH,"72% PA, 28% ELASTANE",170  - 180 cm.,165 - 175 cm.,152-168 g/m2,"3,000m.",360,,M,All_colors,8,,,,,header-parsed,Hop Lun (PH Garment),20,
3090,Hop Lun (PH Garment),255042,,POWER MESH,"72% PA, 28% ELASTANE",170  - 180 cm.,165 - 175 cm.,152-168 g/m2,"3,000m.",720,,M,PFE/PFD,6.83,,,,,header-parsed,Hop Lun (PH Garment),21,
3091,Hop Lun (PH Garment),255042,,POWER MESH,"72% PA, 28% ELASTANE",170  - 180 cm.,165 - 175 cm.,152-168 g/m2,"3,000m.",720,,M,All_colors,7.67,,,,,header-parsed,Hop Lun (PH Garment),21,
3092,Hop Lun (PH Garment),255484,,Invisible Tulle Bright,100%PA,152 - 162cm,147 - 157 cm,13 - 18g/m2,"3,000m.",200,600,M,PFE/PFD,2.16,,,,,header-parsed,Hop Lun (PH Garment),23,
3093,Hop Lun (PH Garment),255484,,Invisible Tulle Bright,100%PA,152 - 162cm,147 - 157 cm,13 - 18g/m2,"3,000m.",200,600,M,All_colors,2.78,,,,,header-parsed,Hop Lun (PH Garment),23,
3094,Hop Lun (PH Garment),255484,,Invisible Tulle Bright,100%PA,152 - 162cm,147 - 157 cm,13 - 18g/m2,"3,000m.",601,2000,M,PFE/PFD,1.82,,,,,header-parsed,Hop Lun (PH Garment),24,
3095,Hop Lun (PH Garment),255484,,Invisible Tulle Bright,100%PA,152 - 162cm,147 - 157 cm,13 - 18g/m2,"3,000m.",601,2000,M,All_colors,2.32,,,,,header-parsed,Hop Lun (PH Garment),24,
3096,Hop Lun (PH Garment),255484,,Invisible Tulle Bright,100%PA,152 - 162cm,147 - 157 cm,13 - 18g/m2,"3,000m.",2001,5000,M,PFE/PFD,1.7,,,,,header-parsed,Hop Lun (PH Garment),25,
3097,Hop Lun (PH Garment),255484,,Invisible Tulle Bright,100%PA,152 - 162cm,147 - 157 cm,13 - 18g/m2,"3,000m.",2001,5000,M,All_colors,2.07,,,,,header-parsed,Hop Lun (PH Garment),25,
3098,Hop Lun (PH Garment),255554,,PA INVISIBLE ELASTIC,"77% PA, 23% ELASTANE",150 - 160 cm.,145 - 155 cm.,24 - 28 g/m2,"3,000 m",350,600,M,PFE/PFD,2.2,,,,,header-parsed,Hop Lun (PH Garment),27,
3099,Hop Lun (PH Garment),255554,,PA INVISIBLE ELASTIC,"77% PA, 23% ELASTANE",150 - 160 cm.,145 - 155 cm.,24 - 28 g/m2,"3,000 m",350,600,M,All_colors,2.9,,,,,header-parsed,Hop Lun (PH Garment),27,
3100,Hop Lun (PH Garment),255554,,PA INVISIBLE ELASTIC,"77% PA, 23% ELASTANE",150 - 160 cm.,145 - 155 cm.,24 - 28 g/m2,"3,000 m",601,2000,M,PFE/PFD,2,,,,,header-parsed,Hop Lun (PH Garment),28,
3101,Hop Lun (PH Garment),255554,,PA INVISIBLE ELASTIC,"77% PA, 23% ELASTANE",150 - 160 cm.,145 - 155 cm.,24 - 28 g/m2,"3,000 m",601,2000,M,All_colors,2.55,,,,,header-parsed,Hop Lun (PH Garment),28,
3102,Hop Lun (PH Garment),255554,,PA INVISIBLE ELASTIC,"77% PA, 23% ELASTANE",150 - 160 cm.,145 - 155 cm.,24 - 28 g/m2,"3,000 m",2001,5000,M,PFE/PFD,1.85,,,,,header-parsed,Hop Lun (PH Garment),29,
3103,Hop Lun (PH Garment),255554,,PA INVISIBLE ELASTIC,"77% PA, 23% ELASTANE",150 - 160 cm.,145 - 155 cm.,24 - 28 g/m2,"3,000 m",2001,5000,M,All_colors,2.4,,,,,header-parsed,Hop Lun (PH Garment),29,
3104,Hop Lun (PH Garment),255341,,TRINITY,"82% PA, 18% ELASTANE",165 - 175 cm,160 - 170 cm.,60 - 65 g/m2,"3,000m.",200,600,M,PFE/PFD,4.46,,,,,header-parsed,Hop Lun (PH Garment),31,
3105,Hop Lun (PH Garment),255341,,TRINITY,"82% PA, 18% ELASTANE",165 - 175 cm,160 - 170 cm.,60 - 65 g/m2,"3,000m.",200,600,M,All_colors,4.8,,,,,header-parsed,Hop Lun (PH Garment),31,
3106,Hop Lun (PH Garment),255341,,TRINITY,"82% PA, 18% ELASTANE",165 - 175 cm,160 - 170 cm.,60 - 65 g/m2,"3,000m.",601,2000,M,PFE/PFD,4.07,,,,,header-parsed,Hop Lun (PH Garment),32,
3107,Hop Lun (PH Garment),255341,,TRINITY,"82% PA, 18% ELASTANE",165 - 175 cm,160 - 170 cm.,60 - 65 g/m2,"3,000m.",601,2000,M,All_colors,4.4,,,,,header-parsed,Hop Lun (PH Garment),32,
3108,Hop Lun (PH Garment),255341,,TRINITY,"82% PA, 18% ELASTANE",165 - 175 cm,160 - 170 cm.,60 - 65 g/m2,"3,000m.",2001,5000,M,PFE/PFD,3.91,,,,,header-parsed,Hop Lun (PH Garment),33,
3109,Hop Lun (PH Garment),255341,,TRINITY,"82% PA, 18% ELASTANE",165 - 175 cm,160 - 170 cm.,60 - 65 g/m2,"3,000m.",2001,5000,M,All_colors,4.25,,,,,header-parsed,Hop Lun (PH Garment),33,
3110,Hop Lun (PH Garment),254555,,PES TULLE,100%PES,157 - 162 cm.,152 - 157 cm.,30 - 35 g/m2,"3,000m.",200,600,M,PFE/PFD,2.23,,,,,header-parsed,Hop Lun (PH Garment),39,
3111,Hop Lun (PH Garment),254555,,PES TULLE,100%PES,157 - 162 cm.,152 - 157 cm.,30 - 35 g/m2,"3,000m.",200,600,M,All_colors,2.83,,,,,header-parsed,Hop Lun (PH Garment),39,
3112,Hop Lun (PH Garment),254555,,PES TULLE,100%PES,157 - 162 cm.,152 - 157 cm.,30 - 35 g/m2,"3,000m.",601,2000,M,PFE/PFD,1.83,,,,,header-parsed,Hop Lun (PH Garment),40,
3113,Hop Lun (PH Garment),254555,,PES TULLE,100%PES,157 - 162 cm.,152 - 157 cm.,30 - 35 g/m2,"3,000m.",601,2000,M,All_colors,2.4,,,,,header-parsed,Hop Lun (PH Garment),40,
3114,Hop Lun (PH Garment),254555,,PES TULLE,100%PES,157 - 162 cm.,152 - 157 cm.,30 - 35 g/m2,"3,000m.",2001,5000,M,PFE/PFD,1.77,,,,,header-parsed,Hop Lun (PH Garment),41,
3115,Hop Lun (PH Garment),254555,,PES TULLE,100%PES,157 - 162 cm.,152 - 157 cm.,30 - 35 g/m2,"3,000m.",2001,5000,M,All_colors,2.2,,,,,header-parsed,Hop Lun (PH Garment),41,
3116,Hop Lun (PH Garment),255554,,PA INVISIBLE ELASTIC,"77% PA, 23% ELASTANE",150 - 160 cm.,145 - 155 cm.,24 - 28 g/m2,"3,000 m",350,600,M,PFE/PFD,2.3,,,,,header-parsed,Hop Lun (PH Garment),43,
3117,Hop Lun (PH Garment),255554,,PA INVISIBLE ELASTIC,"77% PA, 23% ELASTANE",150 - 160 cm.,145 - 155 cm.,24 - 28 g/m2,"3,000 m",350,600,M,All_colors,3,,,,,header-parsed,Hop Lun (PH Garment),43,
3118,Hop Lun (PH Garment),255554,,PA INVISIBLE ELASTIC,"77% PA, 23% ELASTANE",150 - 160 cm.,145 - 155 cm.,24 - 28 g/m2,"3,000 m",601,2000,M,PFE/PFD,2.1,,,,,header-parsed,Hop Lun (PH Garment),44,
3119,Hop Lun (PH Garment),255554,,PA INVISIBLE ELASTIC,"77% PA, 23% ELASTANE",150 - 160 cm.,145 - 155 cm.,24 - 28 g/m2,"3,000 m",601,2000,M,All_colors,2.65,,,,,header-parsed,Hop Lun (PH Garment),44,
3120,Hop Lun (PH Garment),255554,,PA INVISIBLE ELASTIC,"77% PA, 23% ELASTANE",150 - 160 cm.,145 - 155 cm.,24 - 28 g/m2,"3,000 m",2001,5000,M,PFE/PFD,1.95,,,,,header-parsed,Hop Lun (PH Garment),45,
3121,Hop Lun (PH Garment),255554,,PA INVISIBLE ELASTIC,"77% PA, 23% ELASTANE",150 - 160 cm.,145 - 155 cm.,24 - 28 g/m2,"3,000 m",2001,5000,M,All_colors,2.5,,,,,header-parsed,Hop Lun (PH Garment),45,
3122,Hop Lun (PH Garment),254555,,PES TULLE,100%PES,157 - 162 cm.,152 - 157 cm.,30 - 35 g/m2,"3,000m.",200,600,M,PFE/PFD,2.23,,,,,header-parsed,Hop Lun (PH Garment),54,
3123,Hop Lun (PH Garment),254555,,PES TULLE,100%PES,157 - 162 cm.,152 - 157 cm.,30 - 35 g/m2,"3,000m.",200,600,M,All_colors,2.73,,,,,header-parsed,Hop Lun (PH Garment),54,
3124,Hop Lun (PH Garment),254555,,PES TULLE,100%PES,157 - 162 cm.,152 - 157 cm.,30 - 35 g/m2,"3,000m.",601,2000,M,PFE/PFD,1.83,,,,,header-parsed,Hop Lun (PH Garment),55,
3125,Hop Lun (PH Garment),254555,,PES TULLE,100%PES,157 - 162 cm.,152 - 157 cm.,30 - 35 g/m2,"3,000m.",601,2000,M,All_colors,2.3,,,,,header-parsed,Hop Lun (PH Garment),55,
3126,Hop Lun (PH Garment),254555,,PES TULLE,100%PES,157 - 162 cm.,152 - 157 cm.,30 - 35 g/m2,"3,000m.",2001,5000,M,PFE/PFD,1.77,,,,,header-parsed,Hop Lun (PH Garment),56,
3127,Hop Lun (PH Garment),254555,,PES TULLE,100%PES,157 - 162 cm.,152 - 157 cm.,30 - 35 g/m2,"3,000m.",2001,5000,M,All_colors,2.1,,,,,header-parsed,Hop Lun (PH Garment),56,
3128,Hop Lun (PH Garment),255554,,PA INVISIBLE ELASTIC,"77% PA, 23% ELASTANE",150 - 160 cm.,145 - 155 cm.,24 - 28 g/m2,"3,000 m",350,600,M,PFE/PFD,2.3,,,,,header-parsed,Hop Lun (PH Garment),58,
3129,Hop Lun (PH Garment),255554,,PA INVISIBLE ELASTIC,"77% PA, 23% ELASTANE",150 - 160 cm.,145 - 155 cm.,24 - 28 g/m2,"3,000 m",350,600,M,All_colors,2.9,,,,,header-parsed,Hop Lun (PH Garment),58,
3130,Hop Lun (PH Garment),255554,,PA INVISIBLE ELASTIC,"77% PA, 23% ELASTANE",150 - 160 cm.,145 - 155 cm.,24 - 28 g/m2,"3,000 m",601,2000,M,PFE/PFD,2.1,,,,,header-parsed,Hop Lun (PH Garment),59,
3131,Hop Lun (PH Garment),255554,,PA INVISIBLE ELASTIC,"77% PA, 23% ELASTANE",150 - 160 cm.,145 - 155 cm.,24 - 28 g/m2,"3,000 m",601,2000,M,All_colors,2.55,,,,,header-parsed,Hop Lun (PH Garment),59,
3132,Hop Lun (PH Garment),255554,,PA INVISIBLE ELASTIC,"77% PA, 23% ELASTANE",150 - 160 cm.,145 - 155 cm.,24 - 28 g/m2,"3,000 m",2001,5000,M,PFE/PFD,1.95,,,,,header-parsed,Hop Lun (PH Garment),60,
3133,Hop Lun (PH Garment),255554,,PA INVISIBLE ELASTIC,"77% PA, 23% ELASTANE",150 - 160 cm.,145 - 155 cm.,24 - 28 g/m2,"3,000 m",2001,5000,M,All_colors,2.4,,,,,header-parsed,Hop Lun (PH Garment),60,
3134,Hop Lun (PH Garment),255341,,TRINITY,"82% PA, 18% ELASTANE",165 - 175 cm,160 - 170 cm.,60 - 65 g/m2,"3,000m.",200,600,M,PFE/PFD,4.46,,,,,header-parsed,Hop Lun (PH Garment),66,
3135,Hop Lun (PH Garment),255341,,TRINITY,"82% PA, 18% ELASTANE",165 - 175 cm,160 - 170 cm.,60 - 65 g/m2,"3,000m.",200,600,M,All_colors,4.8,,,,,header-parsed,Hop Lun (PH Garment),66,
3136,Hop Lun (PH Garment),255341,,TRINITY,"82% PA, 18% ELASTANE",165 - 175 cm,160 - 170 cm.,60 - 65 g/m2,"3,000m.",601,2000,M,PFE/PFD,4.07,,,,,header-parsed,Hop Lun (PH Garment),67,
3137,Hop Lun (PH Garment),255341,,TRINITY,"82% PA, 18% ELASTANE",165 - 175 cm,160 - 170 cm.,60 - 65 g/m2,"3,000m.",601,2000,M,All_colors,4.4,,,,,header-parsed,Hop Lun (PH Garment),67,
3138,Hop Lun (PH Garment),255341,,TRINITY,"82% PA, 18% ELASTANE",165 - 175 cm,160 - 170 cm.,60 - 65 g/m2,"3,000m.",2001,5000,M,PFE/PFD,3.91,,,,,header-parsed,Hop Lun (PH Garment),68,
3139,Hop Lun (PH Garment),255341,,TRINITY,"82% PA, 18% ELASTANE",165 - 175 cm,160 - 170 cm.,60 - 65 g/m2,"3,000m.",2001,5000,M,All_colors,4.25,,,,,header-parsed,Hop Lun (PH Garment),68,
3140,Hop Lun (PH Garment),257043,,CRYSTAL 01 NARROW TM MAS.,"67% PA, 33% ELASTANE",155 - 165 cm.,150 - 160 cm.,47 - 53 g/m2,"3,000m.",200,600,M,PFE/PFD,3.93,,,,,header-parsed,Hop Lun (PH Garment),92,
3141,Hop Lun (PH Garment),257043,,CRYSTAL 01 NARROW TM MAS.,"67% PA, 33% ELASTANE",155 - 165 cm.,150 - 160 cm.,47 - 53 g/m2,"3,000m.",601,2000,M,PFE/PFD,3.56,,,,,header-parsed,Hop Lun (PH Garment),93,
3142,Hop Lun (PH Garment),257043,,CRYSTAL 01 NARROW TM MAS.,"67% PA, 33% ELASTANE",155 - 165 cm.,150 - 160 cm.,47 - 53 g/m2,"3,000m.",2001,5000,M,PFE/PFD,3.45,,,,,header-parsed,Hop Lun (PH Garment),94,
3143,Hop Lun (PH Garment),255021,,PA TULLE PUNTO,100% PA,158 - 163 cm.,153 - 158 cm.,35 - 40 g/m2,"3,000m.",200,599,M,PFE/PFD,2.55,,,,,header-parsed,Hop Lun (PH Garment),101,
3144,Hop Lun (PH Garment),255021,,PA TULLE PUNTO,100% PA,158 - 163 cm.,153 - 158 cm.,35 - 40 g/m2,"3,000m.",600,1999,M,PFE/PFD,2.2,,,,,header-parsed,Hop Lun (PH Garment),102,
3145,Hop Lun (PH Garment),255021,,PA TULLE PUNTO,100% PA,158 - 163 cm.,153 - 158 cm.,35 - 40 g/m2,"3,000m.",2000,5000,M,PFE/PFD,2.1,,,,,header-parsed,Hop Lun (PH Garment),103,
3146,Hop Lun (PH Garment),255028,,POWER MESH TM SOFT 5028AA,"75% PA, 25% ELASTANE",185 - 190 cm.,180 - 185 cm.,95 - 105 g/m2,"3,000m.",500,2000,M,PFE/PFD,3.95,,,,,header-parsed,Hop Lun (PH Garment),128,
3147,Hop Lun (PH Garment),255028,,POWER MESH TM SOFT 5028AA,"75% PA, 25% ELASTANE",185 - 190 cm.,180 - 185 cm.,95 - 105 g/m2,"3,000m.",2001,5000,M,PFE/PFD,3.75,,,,,header-parsed,Hop Lun (PH Garment),129,
3148,Hop Lun (PH Garment),255049,,POWER MESH,"85% PA, 15% ELASTANE",157 - 162 cm.,152 - 157 cm.,78 - 83 g/m2,"3,000m.",200,600,M,PFE/PFD,2.8,,,,,header-parsed,Hop Lun (PH Garment),131,
3149,Hop Lun (PH Garment),255049,,POWER MESH,"85% PA, 15% ELASTANE",157 - 162 cm.,152 - 157 cm.,78 - 83 g/m2,"3,000m.",601,2000,M,PFE/PFD,2.4,,,,,header-parsed,Hop Lun (PH Garment),132,
3150,Hop Lun (PH Garment),255049,,POWER MESH,"85% PA, 15% ELASTANE",157 - 162 cm.,152 - 157 cm.,78 - 83 g/m2,"3,000m.",2001,5000,M,PFE/PFD,2.3,,,,,header-parsed,Hop Lun (PH Garment),133,
3151,Hop Lun (PH Garment),255572,,LIGHT ALWAYS TM SOFT,"80% PA, 20% ELASTANE",195 - 205 cm.,190 - 200 cm.,57 - 63 g/m2,"3,000m.",500,2000,M,PFE/PFD,3.35,,,,,header-parsed,Hop Lun (PH Garment),135,
3152,Hop Lun (PH Garment),255572,,LIGHT ALWAYS TM SOFT,"80% PA, 20% ELASTANE",195 - 205 cm.,190 - 200 cm.,57 - 63 g/m2,"3,000m.",2001,5000,M,PFE/PFD,3.2,,,,,header-parsed,Hop Lun (PH Garment),136,
3153,Hop Lun (PH Garment),255572,,LIGHT ALWAYS TM SOFT,"80% PA, 20% ELASTANE",195 - 205 cm.,190 - 200 cm.,57 - 63 g/m2,"3,000m.",500,,M,PFE/PFD,4.95,,,,,header-parsed,Hop Lun (PH Garment),143,
3154,Hop Lun (PH Garment),255572,,LIGHT ALWAYS TM SOFT,"80% PA, 20% ELASTANE",195 - 205 cm.,190 - 200 cm.,57 - 63 g/m2,"3,000m.",200,599,M,PFE/PFD,4.2,,,,,header-parsed,Hop Lun (PH Garment),152,
3155,Hop Lun (PH Garment),255572,,LIGHT ALWAYS TM SOFT,"80% PA, 20% ELASTANE",195 - 205 cm.,190 - 200 cm.,57 - 63 g/m2,"3,000m.",600,1999,M,PFE/PFD,3.65,,,,,header-parsed,Hop Lun (PH Garment),153,
3156,Hop Lun (PH Garment),255572,,LIGHT ALWAYS TM SOFT,"80% PA, 20% ELASTANE",195 - 205 cm.,190 - 200 cm.,57 - 63 g/m2,"3,000m.",2000,5000,M,PFE/PFD,3.5,,,,,header-parsed,Hop Lun (PH Garment),154,
3157,Hop Lun (PH Garment),255724AA/11,,CORAL TM Soft,"90% PA, 10% ELASTANE",163-173 cm.,158-168 cm.,42-48 g/m2,"3,000 m.",200,600,M,PFE/PFD,2.55,,,,,header-parsed,Hop Lun (PH Garment),162,
3158,Hop Lun (PH Garment),255724AA/11,,CORAL TM Soft,"90% PA, 10% ELASTANE",163-173 cm.,158-168 cm.,42-48 g/m2,"3,000 m.",601,2000,M,PFE/PFD,2.2,,,,,header-parsed,Hop Lun (PH Garment),163,
3159,Hop Lun (PH Garment),255724AA/11,,CORAL TM Soft,"90% PA, 10% ELASTANE",163-173 cm.,158-168 cm.,42-48 g/m2,"3,000 m.",2001,5000,M,PFE/PFD,2.1,,,,,header-parsed,Hop Lun (PH Garment),164,
3160,Hop Lun (PH Garment),257102AA/11,,-,"86% Recyle PA, 14% ELASTANE",145-155 cm,140- 150 cm.,45-50 g/m2,"3,000m.",200,600,M,PFE/PFD,3.95,,,,,header-parsed,Hop Lun (PH Garment),174,
3161,Hop Lun (PH Garment),257102AA/11,,-,"86% Recyle PA, 14% ELASTANE",145-155 cm,140- 150 cm.,45-50 g/m2,"3,000m.",601,2000,M,PFE/PFD,3.45,,,,,header-parsed,Hop Lun (PH Garment),175,
3162,Hop Lun (PH Garment),257102AA/11,,-,"86% Recyle PA, 14% ELASTANE",145-155 cm,140- 150 cm.,45-50 g/m2,"3,000m.",2001,5000,M,PFE/PFD,3.35,,,,,header-parsed,Hop Lun (PH Garment),176,
3163,Hop Lun (PH Garment),255868AA/14,,-,"72% PA, 28% ELASTANE",158-168 cm,153- 163 cm.,33-37 g/m2,"3,000m.",200,600,M,PFE/PFD,1.95,,,,,header-parsed,Hop Lun (PH Garment),178,
3164,Hop Lun (PH Garment),255868AA/14,,-,"72% PA, 28% ELASTANE",158-168 cm,153- 163 cm.,33-37 g/m2,"3,000m.",601,2000,M,PFE/PFD,1.65,,,,,header-parsed,Hop Lun (PH Garment),179,
3165,Hop Lun (PH Garment),255868AA/14,,-,"72% PA, 28% ELASTANE",158-168 cm,153- 163 cm.,33-37 g/m2,"3,000m.",2001,5000,M,PFE/PFD,1.6,,,,,header-parsed,Hop Lun (PH Garment),180,
3166,Hop Lun (PH Garment),254555,,PES TULLE,100%PES,157 - 162 cm.,152 - 157 cm.,30 - 35 g/m2,"3,000m.",200,600,M,PFE/PFD,2.23,,,,,header-parsed,Hop Lun (PH Garment),188,
3167,Hop Lun (PH Garment),254555,,PES TULLE,100%PES,157 - 162 cm.,152 - 157 cm.,30 - 35 g/m2,"3,000m.",200,600,M,All_colors,2.83,,,,,header-parsed,Hop Lun (PH Garment),188,
3168,Hop Lun (PH Garment),254555,,PES TULLE,100%PES,157 - 162 cm.,152 - 157 cm.,30 - 35 g/m2,"3,000m.",601,2000,M,PFE/PFD,1.83,,,,,header-parsed,Hop Lun (PH Garment),189,
3169,Hop Lun (PH Garment),254555,,PES TULLE,100%PES,157 - 162 cm.,152 - 157 cm.,30 - 35 g/m2,"3,000m.",601,2000,M,All_colors,2.4,,,,,header-parsed,Hop Lun (PH Garment),189,
3170,Hop Lun (PH Garment),254555,,PES TULLE,100%PES,157 - 162 cm.,152 - 157 cm.,30 - 35 g/m2,"3,000m.",2001,5000,M,PFE/PFD,1.77,,,,,header-parsed,Hop Lun (PH Garment),190,
3171,Hop Lun (PH Garment),254555,,PES TULLE,100%PES,157 - 162 cm.,152 - 157 cm.,30 - 35 g/m2,"3,000m.",2001,5000,M,All_colors,2.2,,,,,header-parsed,Hop Lun (PH Garment),190,
3172,Hop Lun (PH Garment),254804,,ELASTIC TULLE,"86% PA, 14% ELASTANE",147 - 152 cm.,142 - 147 cm.,45 - 50 g/m2,"3,000m.",200,600,M,PFE/PFD,3,,,,,header-parsed,Hop Lun (PH Garment),192,
3173,Hop Lun (PH Garment),254804,,ELASTIC TULLE,"86% PA, 14% ELASTANE",147 - 152 cm.,142 - 147 cm.,45 - 50 g/m2,"3,000m.",200,600,M,All_colors,3.6,,,,,header-parsed,Hop Lun (PH Garment),192,
3174,Hop Lun (PH Garment),254804,,ELASTIC TULLE,"86% PA, 14% ELASTANE",147 - 152 cm.,142 - 147 cm.,45 - 50 g/m2,"3,000m.",601,2000,M,PFE/PFD,2.63,,,,,header-parsed,Hop Lun (PH Garment),193,
3175,Hop Lun (PH Garment),254804,,ELASTIC TULLE,"86% PA, 14% ELASTANE",147 - 152 cm.,142 - 147 cm.,45 - 50 g/m2,"3,000m.",601,2000,M,All_colors,3.17,,,,,header-parsed,Hop Lun (PH Garment),193,
3176,Hop Lun (PH Garment),254804,,ELASTIC TULLE,"86% PA, 14% ELASTANE",147 - 152 cm.,142 - 147 cm.,45 - 50 g/m2,"3,000m.",2001,5000,M,PFE/PFD,2.57,,,,,header-parsed,Hop Lun (PH Garment),194,
3177,Hop Lun (PH Garment),254804,,ELASTIC TULLE,"86% PA, 14% ELASTANE",147 - 152 cm.,142 - 147 cm.,45 - 50 g/m2,"3,000m.",2001,5000,M,All_colors,3.03,,,,,header-parsed,Hop Lun (PH Garment),194,
3178,Hop Lun (PH Garment),254824,,ELASTIC TULLE PASCAL,"70% PA, 30% ELASTANE",147 - 152 cm.,142 - 147 cm.,50 - 55 g/m2,"3,000m.",200,600,M,PFE/PFD,3.17,,,,,header-parsed,Hop Lun (PH Garment),196,
3179,Hop Lun (PH Garment),254824,,ELASTIC TULLE PASCAL,"70% PA, 30% ELASTANE",147 - 152 cm.,142 - 147 cm.,50 - 55 g/m2,"3,000m.",200,600,M,All_colors,3.77,,,,,header-parsed,Hop Lun (PH Garment),196,
3180,Hop Lun (PH Garment),254824,,ELASTIC TULLE PASCAL,"70% PA, 30% ELASTANE",147 - 152 cm.,142 - 147 cm.,50 - 55 g/m2,"3,000m.",601,2000,M,PFE/PFD,2.83,,,,,header-parsed,Hop Lun (PH Garment),197,
3181,Hop Lun (PH Garment),254824,,ELASTIC TULLE PASCAL,"70% PA, 30% ELASTANE",147 - 152 cm.,142 - 147 cm.,50 - 55 g/m2,"3,000m.",601,2000,M,All_colors,3.33,,,,,header-parsed,Hop Lun (PH Garment),197,
3182,Hop Lun (PH Garment),254824,,ELASTIC TULLE PASCAL,"70% PA, 30% ELASTANE",147 - 152 cm.,142 - 147 cm.,50 - 55 g/m2,"3,000m.",2001,5000,M,PFE/PFD,2.77,,,,,header-parsed,Hop Lun (PH Garment),198,
3183,Hop Lun (PH Garment),254824,,ELASTIC TULLE PASCAL,"70% PA, 30% ELASTANE",147 - 152 cm.,142 - 147 cm.,50 - 55 g/m2,"3,000m.",2001,5000,M,All_colors,3.23,,,,,header-parsed,Hop Lun (PH Garment),198,
3184,Hop Lun (PH Garment),254990,,PA TULLE TM,100%PA,155 - 160 cm.,150 - 155 cm.,35-40 g/m2,"3,000m.",200,700,M,PFE/PFD,2.35,,,,,header-parsed,Hop Lun (PH Garment),200,
3185,Hop Lun (PH Garment),254990,,PA TULLE TM,100%PA,155 - 160 cm.,150 - 155 cm.,35-40 g/m2,"3,000m.",200,700,M,All_colors,3.02,,,,,header-parsed,Hop Lun (PH Garment),200,
3186,Hop Lun (PH Garment),254990,,PA TULLE TM,100%PA,155 - 160 cm.,150 - 155 cm.,35-40 g/m2,"3,000m.",701,2500,M,PFE/PFD,2.02,,,,,header-parsed,Hop Lun (PH Garment),201,
3187,Hop Lun (PH Garment),254990,,PA TULLE TM,100%PA,155 - 160 cm.,150 - 155 cm.,35-40 g/m2,"3,000m.",701,2500,M,All_colors,2.5,,,,,header-parsed,Hop Lun (PH Garment),201,
3188,Hop Lun (PH Garment),254990,,PA TULLE TM,100%PA,155 - 160 cm.,150 - 155 cm.,35-40 g/m2,"3,000m.",2501,10000,M,PFE/PFD,1.85,,,,,header-parsed,Hop Lun (PH Garment),202,
3189,Hop Lun (PH Garment),254990,,PA TULLE TM,100%PA,155 - 160 cm.,150 - 155 cm.,35-40 g/m2,"3,000m.",2501,10000,M,All_colors,2.33,,,,,header-parsed,Hop Lun (PH Garment),202,
3190,Hop Lun (PH Garment),255484,,Invisible Tulle Bright,100%PA,152 - 162cm,147 - 157 cm,13 - 18 g/m2,"3,000m.",200,600,M,PFE/PFD,2.16,,,,,header-parsed,Hop Lun (PH Garment),204,
3191,Hop Lun (PH Garment),255484,,Invisible Tulle Bright,100%PA,152 - 162cm,147 - 157 cm,13 - 18 g/m2,"3,000m.",200,600,M,All_colors,2.78,,,,,header-parsed,Hop Lun (PH Garment),204,
3192,Hop Lun (PH Garment),255484,,Invisible Tulle Bright,100%PA,152 - 162cm,147 - 157 cm,13 - 18 g/m2,"3,000m.",601,2000,M,PFE/PFD,1.82,,,,,header-parsed,Hop Lun (PH Garment),205,
3193,Hop Lun (PH Garment),255484,,Invisible Tulle Bright,100%PA,152 - 162cm,147 - 157 cm,13 - 18 g/m2,"3,000m.",601,2000,M,All_colors,2.32,,,,,header-parsed,Hop Lun (PH Garment),205,
3194,Hop Lun (PH Garment),255484,,Invisible Tulle Bright,100%PA,152 - 162cm,147 - 157 cm,13 - 18 g/m2,"3,000m.",2001,5000,M,PFE/PFD,1.7,,,,,header-parsed,Hop Lun (PH Garment),206,
3195,Hop Lun (PH Garment),255484,,Invisible Tulle Bright,100%PA,152 - 162cm,147 - 157 cm,13 - 18 g/m2,"3,000m.",2001,5000,M,All_colors,2.07,,,,,header-parsed,Hop Lun (PH Garment),206,
3196,Hop Lun (PH Garment),255605,,RACE 02,"82% PES, 18% ELASTANE",143 - 153 cm.,138-148 cm,55-60 g/m2,"3,000m",200,600,M,PFE/PFD,2.6,,,,,header-parsed,Hop Lun (PH Garment),219,
3197,Hop Lun (PH Garment),255605,,RACE 02,"82% PES, 18% ELASTANE",143 - 153 cm.,138-148 cm,55-60 g/m2,"3,000m",200,600,M,All_colors,3.05,,,,,header-parsed,Hop Lun (PH Garment),219,
3198,Hop Lun (PH Garment),255605,,RACE 02,"82% PES, 18% ELASTANE",143 - 153 cm.,138-148 cm,55-60 g/m2,"3,000m",601,2000,M,PFE/PFD,2.25,,,,,header-parsed,Hop Lun (PH Garment),220,
3199,Hop Lun (PH Garment),255605,,RACE 02,"82% PES, 18% ELASTANE",143 - 153 cm.,138-148 cm,55-60 g/m2,"3,000m",601,2000,M,All_colors,2.65,,,,,header-parsed,Hop Lun (PH Garment),220,
3200,Hop Lun (PH Garment),255605,,RACE 02,"82% PES, 18% ELASTANE",143 - 153 cm.,138-148 cm,55-60 g/m2,"3,000m",2001,5000,M,PFE/PFD,2.15,,,,,header-parsed,Hop Lun (PH Garment),221,
3201,Hop Lun (PH Garment),255605,,RACE 02,"82% PES, 18% ELASTANE",143 - 153 cm.,138-148 cm,55-60 g/m2,"3,000m",2001,5000,M,All_colors,2.55,,,,,header-parsed,Hop Lun (PH Garment),221,
3202,Hop Lun (PH Garment),255605,,RACE 02,"82% PES, 18% ELASTANE",143 - 153 cm.,138-148 cm,55-60 g/m2,"3,000m",200,600,M,PFE/PFD,2.6,,,,,header-parsed,Hop Lun (PH Garment),230,
3203,Hop Lun (PH Garment),255605,,RACE 02,"82% PES, 18% ELASTANE",143 - 153 cm.,138-148 cm,55-60 g/m2,"3,000m",200,600,M,All_colors,3.05,,,,,header-parsed,Hop Lun (PH Garment),230,
3204,Hop Lun (PH Garment),255605,,RACE 02,"82% PES, 18% ELASTANE",143 - 153 cm.,138-148 cm,55-60 g/m2,"3,000m",601,2000,M,PFE/PFD,2.25,,,,,header-parsed,Hop Lun (PH Garment),231,
3205,Hop Lun (PH Garment),255605,,RACE 02,"82% PES, 18% ELASTANE",143 - 153 cm.,138-148 cm,55-60 g/m2,"3,000m",601,2000,M,All_colors,2.65,,,,,header-parsed,Hop Lun (PH Garment),231,
3206,Hop Lun (PH Garment),255605,,RACE 02,"82% PES, 18% ELASTANE",143 - 153 cm.,138-148 cm,55-60 g/m2,"3,000m",2001,5000,M,PFE/PFD,2.15,,,,,header-parsed,Hop Lun (PH Garment),232,
3207,Hop Lun (PH Garment),255605,,RACE 02,"82% PES, 18% ELASTANE",143 - 153 cm.,138-148 cm,55-60 g/m2,"3,000m",2001,5000,M,All_colors,2.55,,,,,header-parsed,Hop Lun (PH Garment),232,
3208,Hop Lun (PH Garment),255605,,RACE 02,"82% PES, 18% ELASTANE",143 - 153 cm.,138-148 cm,55-60 g/m2,"3,000m",200,600,M,All_colors,3.25,,,,,header-parsed,Hop Lun (PH Garment),234,
3209,Hop Lun (PH Garment),255605,,RACE 02,"82% PES, 18% ELASTANE",143 - 153 cm.,138-148 cm,55-60 g/m2,"3,000m",601,2000,M,All_colors,2.85,,,,,header-parsed,Hop Lun (PH Garment),235,
3210,Hop Lun (PH Garment),255605,,RACE 02,"82% PES, 18% ELASTANE",143 - 153 cm.,138-148 cm,55-60 g/m2,"3,000m",2001,5000,M,All_colors,2.7,,,,,header-parsed,Hop Lun (PH Garment),236,
3211,Hop Lun (PH Garment),257099,,Recycle Seren TM EMB,"82% PA(recycled), 18% ELASTANE",160 - 170 cm.,155 - 165 cm.,45 - 50 g/m2,"3,000m",200,600,M,All_colors,3.55,,,,,header-parsed,Hop Lun (PH Garment),238,
3212,Hop Lun (PH Garment),257099,,Recycle Seren TM EMB,"82% PA(recycled), 18% ELASTANE",160 - 170 cm.,155 - 165 cm.,45 - 50 g/m2,"3,000m",601,2000,M,All_colors,3.1,,,,,header-parsed,Hop Lun (PH Garment),239,
3213,Hop Lun (PH Garment),257099,,Recycle Seren TM EMB,"82% PA(recycled), 18% ELASTANE",160 - 170 cm.,155 - 165 cm.,45 - 50 g/m2,"3,000m",2001,5000,M,All_colors,2.95,,,,,header-parsed,Hop Lun (PH Garment),240,
3214,Hop Lun (PH Garment),257099,,Recycle Seren TM EMB,"82% PA(recycled), 18% ELASTANE",160 - 170 cm.,155 - 165 cm.,45 - 50 g/m2,"3,000m",200,600,M,PFE/PFD,3.15,,,,,header-parsed,Hop Lun (PH Garment),245,
3215,Hop Lun (PH Garment),257099,,Recycle Seren TM EMB,"82% PA(recycled), 18% ELASTANE",160 - 170 cm.,155 - 165 cm.,45 - 50 g/m2,"3,000m",200,600,M,All_colors,4.2,,,,,header-parsed,Hop Lun (PH Garment),245,
3216,Hop Lun (PH Garment),257099,,Recycle Seren TM EMB,"82% PA(recycled), 18% ELASTANE",160 - 170 cm.,155 - 165 cm.,45 - 50 g/m2,"3,000m",601,2000,M,PFE/PFD,2.75,,,,,header-parsed,Hop Lun (PH Garment),246,
3217,Hop Lun (PH Garment),257099,,Recycle Seren TM EMB,"82% PA(recycled), 18% ELASTANE",160 - 170 cm.,155 - 165 cm.,45 - 50 g/m2,"3,000m",601,2000,M,All_colors,3.65,,,,,header-parsed,Hop Lun (PH Garment),246,
3218,Hop Lun (PH Garment),257099,,Recycle Seren TM EMB,"82% PA(recycled), 18% ELASTANE",160 - 170 cm.,155 - 165 cm.,45 - 50 g/m2,"3,000m",2001,5000,M,PFE/PFD,2.65,,,,,header-parsed,Hop Lun (PH Garment),247,
3219,Hop Lun (PH Garment),257099,,Recycle Seren TM EMB,"82% PA(recycled), 18% ELASTANE",160 - 170 cm.,155 - 165 cm.,45 - 50 g/m2,"3,000m",2001,5000,M,All_colors,3.5,,,,,header-parsed,Hop Lun (PH Garment),247,
3220,Hop Lun (PH Garment),255135,,ELASTIC TULLE,"86%PA,14% Elanstane",155-160,150-155,50-55,"3,000m.",600,,M,PFE/PFD,3.75,,,,,header-parsed,Hop Lun (PH Garment),255,
3221,Hop Lun (PH Garment),255135,,ELASTIC TULLE,"86%PA,14% Elanstane",155-160,150-155,50-55,"3,000m.",255135,,M,PFE/PFD,3.75,,,,,header-parsed,Hop Lun (PH Garment),260,
3222,Hop Lun (PH Garment),255618,,NADINE,"86% PES, 14% ELASTANE",160-170 cm,155- 165 cm.,161-179 g/m2,"3,000m.",500,,M,PFE/PFD,4.3,,,,,header-parsed,Hop Lun (PH Garment),266,
3223,Hop Lun (PH Garment),255167,,TATTOO,100% PA,152 - 157 cm.,147 - 152 cm.,15 - 20 g/m2,"3,000m.",200,600,M,PFE/PFD,1.93,,,,,header-parsed,Hop Lun (PH Garment),277,
3224,Hop Lun (PH Garment),255167,,TATTOO,100% PA,152 - 157 cm.,147 - 152 cm.,15 - 20 g/m2,"3,000m.",200,600,M,All_colors,2.53,,,,,header-parsed,Hop Lun (PH Garment),277,
3225,Hop Lun (PH Garment),255167,,TATTOO,100% PA,152 - 157 cm.,147 - 152 cm.,15 - 20 g/m2,"3,000m.",601,2000,M,PFE/PFD,1.57,,,,,header-parsed,Hop Lun (PH Garment),278,
3226,Hop Lun (PH Garment),255167,,TATTOO,100% PA,152 - 157 cm.,147 - 152 cm.,15 - 20 g/m2,"3,000m.",601,2000,M,All_colors,2.1,,,,,header-parsed,Hop Lun (PH Garment),278,
3227,Hop Lun (PH Garment),255167,,TATTOO,100% PA,152 - 157 cm.,147 - 152 cm.,15 - 20 g/m2,"3,000m.",2001,5000,M,PFE/PFD,1.5,,,,,header-parsed,Hop Lun (PH Garment),279,
3228,Hop Lun (PH Garment),255167,,TATTOO,100% PA,152 - 157 cm.,147 - 152 cm.,15 - 20 g/m2,"3,000m.",2001,5000,M,All_colors,1.9,,,,,header-parsed,Hop Lun (PH Garment),279,
3229,Hop Lun (PH Garment),254555,,PES TULLE,100%PES,157 - 162 cm.,152 - 157 cm.,30 - 35 g/m2,"3,000m.",200,600,M,PFE/PFD,2.23,,,,,header-parsed,Hop Lun (PH Garment),289,
3230,Hop Lun (PH Garment),254555,,PES TULLE,100%PES,157 - 162 cm.,152 - 157 cm.,30 - 35 g/m2,"3,000m.",200,600,M,All_colors,2.83,,,,,header-parsed,Hop Lun (PH Garment),289,
3231,Hop Lun (PH Garment),254555,,PES TULLE,100%PES,157 - 162 cm.,152 - 157 cm.,30 - 35 g/m2,"3,000m.",601,2000,M,PFE/PFD,1.83,,,,,header-parsed,Hop Lun (PH Garment),290,
3232,Hop Lun (PH Garment),254555,,PES TULLE,100%PES,157 - 162 cm.,152 - 157 cm.,30 - 35 g/m2,"3,000m.",601,2000,M,All_colors,2.4,,,,,header-parsed,Hop Lun (PH Garment),290,
3233,Hop Lun (PH Garment),254555,,PES TULLE,100%PES,157 - 162 cm.,152 - 157 cm.,30 - 35 g/m2,"3,000m.",2001,5000,M,PFE/PFD,1.77,,,,,header-parsed,Hop Lun (PH Garment),291,
3234,Hop Lun (PH Garment),254555,,PES TULLE,100%PES,157 - 162 cm.,152 - 157 cm.,30 - 35 g/m2,"3,000m.",2001,5000,M,All_colors,2.2,,,,,header-parsed,Hop Lun (PH Garment),291,
3235,Hop Lun (PH Garment),255554,,PA INVISIBLE ELASTIC,"77% PA, 23% ELASTANE",150 - 160 cm.,145 - 155 cm.,24 - 28 g/m2,"3,000 m",350,600,M,PFE/PFD,2.3,,,,,header-parsed,Hop Lun (PH Garment),293,
3236,Hop Lun (PH Garment),255554,,PA INVISIBLE ELASTIC,"77% PA, 23% ELASTANE",150 - 160 cm.,145 - 155 cm.,24 - 28 g/m2,"3,000 m",350,600,M,All_colors,2.9,,,,,header-parsed,Hop Lun (PH Garment),293,
3237,Hop Lun (PH Garment),255554,,PA INVISIBLE ELASTIC,"77% PA, 23% ELASTANE",150 - 160 cm.,145 - 155 cm.,24 - 28 g/m2,"3,000 m",601,2000,M,PFE/PFD,2.1,,,,,header-parsed,Hop Lun (PH Garment),294,
3238,Hop Lun (PH Garment),255554,,PA INVISIBLE ELASTIC,"77% PA, 23% ELASTANE",150 - 160 cm.,145 - 155 cm.,24 - 28 g/m2,"3,000 m",601,2000,M,All_colors,2.55,,,,,header-parsed,Hop Lun (PH Garment),294,
3239,Hop Lun (PH Garment),255554,,PA INVISIBLE ELASTIC,"77% PA, 23% ELASTANE",150 - 160 cm.,145 - 155 cm.,24 - 28 g/m2,"3,000 m",2001,5000,M,PFE/PFD,1.95,,,,,header-parsed,Hop Lun (PH Garment),295,
3240,Hop Lun (PH Garment),255554,,PA INVISIBLE ELASTIC,"77% PA, 23% ELASTANE",150 - 160 cm.,145 - 155 cm.,24 - 28 g/m2,"3,000 m",2001,5000,M,All_colors,2.4,,,,,header-parsed,Hop Lun (PH Garment),295,
3241,Hop Lun (PH Garment),254824,,ELASTIC TULLE PASCAL,"70% PA, 30% ELASTANE",147 - 152 cm.,142 - 147 cm.,50 - 55 g/m2,"3,000m.",200,600,M,PFE/PFD,3.17,,,,,header-parsed,Hop Lun (PH Garment),297,
3242,Hop Lun (PH Garment),254824,,ELASTIC TULLE PASCAL,"70% PA, 30% ELASTANE",147 - 152 cm.,142 - 147 cm.,50 - 55 g/m2,"3,000m.",200,600,M,All_colors,3.77,,,,,header-parsed,Hop Lun (PH Garment),297,
3243,Hop Lun (PH Garment),254824,,ELASTIC TULLE PASCAL,"70% PA, 30% ELASTANE",147 - 152 cm.,142 - 147 cm.,50 - 55 g/m2,"3,000m.",601,2000,M,PFE/PFD,2.83,,,,,header-parsed,Hop Lun (PH Garment),298,
3244,Hop Lun (PH Garment),254824,,ELASTIC TULLE PASCAL,"70% PA, 30% ELASTANE",147 - 152 cm.,142 - 147 cm.,50 - 55 g/m2,"3,000m.",601,2000,M,All_colors,3.33,,,,,header-parsed,Hop Lun (PH Garment),298,
3245,Hop Lun (PH Garment),254824,,ELASTIC TULLE PASCAL,"70% PA, 30% ELASTANE",147 - 152 cm.,142 - 147 cm.,50 - 55 g/m2,"3,000m.",2001,5000,M,PFE/PFD,2.77,,,,,header-parsed,Hop Lun (PH Garment),299,
3246,Hop Lun (PH Garment),254824,,ELASTIC TULLE PASCAL,"70% PA, 30% ELASTANE",147 - 152 cm.,142 - 147 cm.,50 - 55 g/m2,"3,000m.",2001,5000,M,All_colors,3.23,,,,,header-parsed,Hop Lun (PH Garment),299,
3247,Impact Auto,251208,,ELASTIC CHARMEUSE,"80% PA, 20% ELASTANE",143 - 148 cm.,138 - 143 cm.,68 - 73 g/m2,"3,000m.",200,600,M,PFE/PFD,,112,,,,header-parsed,Impact Auto,3,
3248,Impact Auto,251208,,ELASTIC CHARMEUSE,"80% PA, 20% ELASTANE",143 - 148 cm.,138 - 143 cm.,68 - 73 g/m2,"3,000m.",200,600,M,All_colors,,130,,,,header-parsed,Impact Auto,3,
3249,Impact Auto,251208,,ELASTIC CHARMEUSE,"80% PA, 20% ELASTANE",143 - 148 cm.,138 - 143 cm.,68 - 73 g/m2,"3,000m.",601,2000,M,PFE/PFD,,101,,,,header-parsed,Impact Auto,4,
3250,Impact Auto,251208,,ELASTIC CHARMEUSE,"80% PA, 20% ELASTANE",143 - 148 cm.,138 - 143 cm.,68 - 73 g/m2,"3,000m.",601,2000,M,All_colors,,117,,,,header-parsed,Impact Auto,4,
3251,Impact Auto,251208,,ELASTIC CHARMEUSE,"80% PA, 20% ELASTANE",143 - 148 cm.,138 - 143 cm.,68 - 73 g/m2,"3,000m.",2001,5000,M,PFE/PFD,,99,,,,header-parsed,Impact Auto,5,
3252,Impact Auto,251208,,ELASTIC CHARMEUSE,"80% PA, 20% ELASTANE",143 - 148 cm.,138 - 143 cm.,68 - 73 g/m2,"3,000m.",2001,5000,M,All_colors,,113,,,,header-parsed,Impact Auto,5,
3253,Impact Auto,251208,,ELASTIC CHARMEUSE,"80% PA, 20% ELASTANE",143 - 148 cm.,138 - 143 cm.,68 - 73 g/m2,"3,000m.",3000,,M,All_colors,,102,,,,header-parsed,Impact Auto,11,
3254,Impact Auto,255332,,CLAUDIA,"80% PA, 20% ELASTANE",140 - 150 cm.,135 - 145 cm.,67 - 74 g/m2,"1,000 m.",200,600,M,PFE/PFD,,110,,,,header-parsed,Impact Auto,18,
3255,Impact Auto,255332,,CLAUDIA,"80% PA, 20% ELASTANE",140 - 150 cm.,135 - 145 cm.,67 - 74 g/m2,"1,000 m.",200,600,M,All_colors,,130,,,,header-parsed,Impact Auto,18,
3256,Impact Auto,255332,,CLAUDIA,"80% PA, 20% ELASTANE",140 - 150 cm.,135 - 145 cm.,67 - 74 g/m2,"1,000 m.",601,2000,M,PFE/PFD,,100,,,,header-parsed,Impact Auto,19,
3257,Impact Auto,255332,,CLAUDIA,"80% PA, 20% ELASTANE",140 - 150 cm.,135 - 145 cm.,67 - 74 g/m2,"1,000 m.",601,2000,M,All_colors,,120,,,,header-parsed,Impact Auto,19,
3258,Impact Auto,255332,,CLAUDIA,"80% PA, 20% ELASTANE",140 - 150 cm.,135 - 145 cm.,67 - 74 g/m2,"1,000 m.",2001,5000,M,PFE/PFD,,95,,,,header-parsed,Impact Auto,20,
3259,Impact Auto,255332,,CLAUDIA,"80% PA, 20% ELASTANE",140 - 150 cm.,135 - 145 cm.,67 - 74 g/m2,"1,000 m.",2001,5000,M,All_colors,,115,,,,header-parsed,Impact Auto,20,
3260,Impact Auto,255332,,CLAUDIA,"80% PA, 20% ELASTANE",140 - 150 cm.,135 - 145 cm.,67 - 74 g/m2,"1,000 m.",1000,,M,All_colors,,70,,,,header-parsed,Impact Auto,26,
3261,Infinity Asia,254824,,ELASTIC TULLE PASCAL,"70% PA, 30% ELASTANE",142 - 151 cm.,138 - 146 cm.,48 - 54 g/m2,"3,000m.",200,600,M,PFE/PFD,3.17,,,,,header-parsed,Infinity Asia,5,
3262,Infinity Asia,254824,,ELASTIC TULLE PASCAL,"70% PA, 30% ELASTANE",142 - 151 cm.,138 - 146 cm.,48 - 54 g/m2,"3,000m.",200,600,M,All_colors,3.77,,,,,header-parsed,Infinity Asia,5,
3263,Infinity Asia,254824,,ELASTIC TULLE PASCAL,"70% PA, 30% ELASTANE",142 - 151 cm.,138 - 146 cm.,48 - 54 g/m2,"3,000m.",601,2000,M,PFE/PFD,2.83,,,,,header-parsed,Infinity Asia,6,
3264,Infinity Asia,254824,,ELASTIC TULLE PASCAL,"70% PA, 30% ELASTANE",142 - 151 cm.,138 - 146 cm.,48 - 54 g/m2,"3,000m.",601,2000,M,All_colors,3.33,,,,,header-parsed,Infinity Asia,6,
3265,Infinity Asia,254824,,ELASTIC TULLE PASCAL,"70% PA, 30% ELASTANE",142 - 151 cm.,138 - 146 cm.,48 - 54 g/m2,"3,000m.",2001,5000,M,PFE/PFD,2.77,,,,,header-parsed,Infinity Asia,7,
3266,Infinity Asia,254824,,ELASTIC TULLE PASCAL,"70% PA, 30% ELASTANE",142 - 151 cm.,138 - 146 cm.,48 - 54 g/m2,"3,000m.",2001,5000,M,All_colors,3.23,,,,,header-parsed,Infinity Asia,7,
3267,Infinity Asia,254555,,PES TULLE,100%PES,157 - 162 cm.,152 - 157 cm.,30 - 35 g/m2,"3,000m.",200,600,M,PFE/PFD,2.23,,,,,header-parsed,Infinity Asia,10,
3268,Infinity Asia,254555,,PES TULLE,100%PES,157 - 162 cm.,152 - 157 cm.,30 - 35 g/m2,"3,000m.",200,600,M,All_colors,2.83,,,,,header-parsed,Infinity Asia,10,
3269,Infinity Asia,254555,,PES TULLE,100%PES,157 - 162 cm.,152 - 157 cm.,30 - 35 g/m2,"3,000m.",601,2000,M,PFE/PFD,1.83,,,,,header-parsed,Infinity Asia,11,
3270,Infinity Asia,254555,,PES TULLE,100%PES,157 - 162 cm.,152 - 157 cm.,30 - 35 g/m2,"3,000m.",601,2000,M,All_colors,2.4,,,,,header-parsed,Infinity Asia,11,
3271,Infinity Asia,254555,,PES TULLE,100%PES,157 - 162 cm.,152 - 157 cm.,30 - 35 g/m2,"3,000m.",2001,5000,M,PFE/PFD,1.77,,,,,header-parsed,Infinity Asia,12,
3272,Infinity Asia,254555,,PES TULLE,100%PES,157 - 162 cm.,152 - 157 cm.,30 - 35 g/m2,"3,000m.",2001,5000,M,All_colors,2.2,,,,,header-parsed,Infinity Asia,12,
3273,Infinity Asia,255730,,RECYCLE PES TULLE TM EMB,100% Recycle PES,150 - 160 cm.,145 - 155 cm.,30 -35 g/m2,"3,000m.",200,600,M,PFE/PFD,2.33,,,,,header-parsed,Infinity Asia,15,
3274,Infinity Asia,255730,,RECYCLE PES TULLE TM EMB,100% Recycle PES,150 - 160 cm.,145 - 155 cm.,30 -35 g/m2,"3,000m.",200,600,M,All_colors,2.93,,,,,header-parsed,Infinity Asia,15,
3275,Infinity Asia,255730,,RECYCLE PES TULLE TM EMB,100% Recycle PES,150 - 160 cm.,145 - 155 cm.,30 -35 g/m2,"3,000m.",601,2000,M,PFE/PFD,1.93,,,,,header-parsed,Infinity Asia,16,
3276,Infinity Asia,255730,,RECYCLE PES TULLE TM EMB,100% Recycle PES,150 - 160 cm.,145 - 155 cm.,30 -35 g/m2,"3,000m.",601,2000,M,All_colors,2.5,,,,,header-parsed,Infinity Asia,16,
3277,Infinity Asia,255730,,RECYCLE PES TULLE TM EMB,100% Recycle PES,150 - 160 cm.,145 - 155 cm.,30 -35 g/m2,"3,000m.",2001,5000,M,PFE/PFD,1.87,,,,,header-parsed,Infinity Asia,17,
3278,Infinity Asia,255730,,RECYCLE PES TULLE TM EMB,100% Recycle PES,150 - 160 cm.,145 - 155 cm.,30 -35 g/m2,"3,000m.",2001,5000,M,All_colors,2.3,,,,,header-parsed,Infinity Asia,17,
3279,Inter-Spitzen,255730,,RECYCLE PES TULLE TM EMB,100% Recycle PES,155 - 165 cm.,150 - 160 cm.,30 -35 g/m2,,1,,M,PFE/PFD,1.35,,,,,header-parsed,Inter-Spitzen,7,
3280,Inter-Spitzen,255730,,RECYCLE PES TULLE TM EMB,100% Recycle PES,155 - 165 cm.,150 - 160 cm.,30 -35 g/m2,,1,,M,All_colors,2,,,,,header-parsed,Inter-Spitzen,7,
3281,Inter-Spitzen,255603,,ELASTIC TULLE PASCAL WIDER,"70% PA, 30% ELASTANE",155 - 160 cm.,150 - 155 cm.,50 - 55 g/m2,,1,,M,PFE/PFD,2.4,,,,,header-parsed,Inter-Spitzen,12,
3282,Inter-Spitzen,255730,,RECYCLE PES TULLE TM EMB,100% Recycle PES,155 - 165 cm.,150 - 160 cm.,30 -35 g/m2,,1,,M,PFE/PFD,1.55,,,,,header-parsed,Inter-Spitzen,17,
3283,Inter-Spitzen,255730,,RECYCLE PES TULLE TM EMB,100% Recycle PES,155 - 165 cm.,150 - 160 cm.,30 -35 g/m2,,1,,M,All_colors,2.75,,,,,header-parsed,Inter-Spitzen,17,
3284,Inter-Spitzen,255603,,ELASTIC TULLE PASCAL WIDER,"70% PA, 30% ELASTANE",155 - 160 cm.,150 - 155 cm.,50 - 55 g/m2,,1,,M,PFE/PFD,2.5,,,,,header-parsed,Inter-Spitzen,23,
3285,Inter-Spitzen,254555,,,,,,,,1,,M,PFE/PFD,0.95,,,,,header-parsed,Inter-Spitzen,28,
3286,Inter-Spitzen,255785,,,,,,,,1,,M,PFE/PFD,2.25,,,,,header-parsed,Inter-Spitzen,30,
3287,Inter-Spitzen,255204,,,,,,,,1,,M,PFE/PFD,2.25,,,,,header-parsed,Inter-Spitzen,32,
3288,Inter-Spitzen,254723,,PES TULLE TORINO 35,100% PES,155- 160 cm.,150-155 cm.,17 - 22 g/m2,,1,,M,PFE/PFD,1.6,,,,,header-parsed,Inter-Spitzen,93,
3289,Inter-Spitzen,254580,,PA TULLE,100%PA,150 - 155cm,145 - 150 cm.,30 - 35 g/m2,,1,,M,PFE/PFD,1.65,,,,,header-parsed,Inter-Spitzen,104,
3290,Inter-Spitzen,254580,,PA TULLE,100%PA,150 - 155cm,145 - 150 cm.,30 - 35 g/m2,,1,,M,All_colors,2.8,,,,,header-parsed,Inter-Spitzen,104,
3291,Inter-Spitzen,257099,,Seren,"82% PA, 18% ELASTANE",160-170,155-165,45-50,,1,,M,PFE/PFD,3.15,,,,,header-parsed,Inter-Spitzen,128,
3292,Inter-Spitzen,257091,,Recycled Olender,"60% Recycle PA, 40% ELASTANE",175 - 185,170 - 180,110 - 123,,1,,M,PFE/PFD,6.5,,,,,header-parsed,Inter-Spitzen,131,
3293,Inter-Spitzen,257103,,Recycled Voile Light,100% PES Recycle,171 - 182,166 - 177,27 - 31,,1,,M,PFE/PFD,1.75,,,,,header-parsed,Inter-Spitzen,134,
3294,Inter-Spitzen,257065,,Recycled Charlotte,100% Recycle PES,158 - 168,153 - 163,31 - 35,,1,,M,PFE/PFD,2.05,,,,,header-parsed,Inter-Spitzen,137,
3295,Inter-Spitzen,255952,,Viscose Tulle,100% Rayon,140 - 150,135 - 145,51 - 56,,1,,M,PFE/PFD,3.8,,,,,header-parsed,Inter-Spitzen,140,
3296,Inter-Spitzen,257142,,Gabe,"41% PA, 59% Cotton Pima Compact",148-157,143-152,57-63,,1,,M,PFE/PFD,3.05,,,,,header-parsed,Inter-Spitzen,143,
3297,Inter-Spitzen,255610,,,,,,,,1,,M,PFE/PFD,2.35,,,,,header-parsed,Inter-Spitzen,146,
3298,Inter-Spitzen,257128,,Mila,"91% PA, 9% LU",145-155,140-150,45-50,,1,,M,PFE/PFD,2.35,,,,,header-parsed,Inter-Spitzen,149,
3299,Inter-Spitzen,255603,,ELASTIC TULLE PASCAL WIDER,"70% PA, 30% ELASTANE",155 - 160 cm.,150 - 155 cm.,50 - 55 g/m2,,1,,M,PFE/PFD,2.5,,,,,header-parsed,Inter-Spitzen,161,
3300,Inter-Spitzen,255603,,ELASTIC TULLE PASCAL WIDER,"70% PA, 30% ELASTANE",155 - 160 cm.,150 - 155 cm.,50 - 55 g/m2,,1,,M,All_colors,2.4,,,,,header-parsed,Inter-Spitzen,161,
3301,Inter-Spitzen,255730,,RECYCLE PES TULLE TM EMB,100% Recycle PES,155 - 165 cm.,150 - 160 cm.,30 -35 g/m2,,1,,M,PFE/PFD,1.35,,,,,header-parsed,Inter-Spitzen,166,
3302,Inter-Spitzen,255730,,RECYCLE PES TULLE TM EMB,100% Recycle PES,155 - 165 cm.,150 - 160 cm.,30 -35 g/m2,,1,,M,All_colors,1.35,,,,,header-parsed,Inter-Spitzen,166,
3303,Inter-Spitzen,255785,,Elvina TM PFD,"65% PA, 35% Elastane",,145 - 155 cm.,30 - 35 g/m2,,1,,M,PFE/PFD,2.55,,,,,header-parsed,Inter-Spitzen,178,
3304,Inter-Spitzen,254555,,PES TULLE,100%PES,157 - 162 cm.,152 - 157 cm.,30 - 35 g/m2,,1,,M,PFE/PFD,2.7,,,,,header-parsed,Inter-Spitzen,239,
3305,Inter-Spitzen,254580,,PA TULLE,100%PA,150 - 155cm,145 - 150 cm.,30 - 35 g/m2,,1,,M,PFE/PFD,2.8,,,,,header-parsed,Inter-Spitzen,243,
3306,Inter-Spitzen,255603,,ELASTIC TULLE PASCAL WIDER,"70% PA, 30% ELASTANE",155 - 160 cm.,150 - 155 cm.,50 - 55 g/m2,,1,,M,PFE/PFD,3.6,,,,,header-parsed,Inter-Spitzen,247,
3307,Inter-Spitzen,255603,,ELASTIC TULLE PASCAL WIDER,"70% PA, 30% ELASTANE",155 - 160 cm.,150 - 155 cm.,50 - 55 g/m2,,1,,M,PFE/PFD,3.5,,,,,header-parsed,Inter-Spitzen,256,
3308,Inter-Spitzen,255826,,Recycle PA Elastic Tulle Pascal TM EMB,"70% PA, 30% ELASTANE",150 - 160 cm.,145 - 155 cm.,50 - 55 g/m2,,1,,M,PFE/PFD,2.5,,,,,header-parsed,Inter-Spitzen,306,
3309,Inter-Spitzen,255827,,Recycle PA + Recycle Elastic Tulle Pascal Plus TM EMB,"70% PA, 30% ELASTANE",155 - 165 cm.,150 - 160 cm.,45 - 50 g/m2,,1,,M,PFE/PFD,2.65,,,,,header-parsed,Inter-Spitzen,309,
3310,Itochu-Triumph,256575,,PES VOILE LIGHT,100% PES,170 - 175 cm.,165 - 170 cm.,23 - 28 g/m2,,200,600,M,PFE/PFD,1.67,,,,,header-parsed,Itochu-Triumph,4,
3311,Itochu-Triumph,256575,,PES VOILE LIGHT,100% PES,170 - 175 cm.,165 - 170 cm.,23 - 28 g/m2,,200,600,M,All_colors,2.17,,,,,header-parsed,Itochu-Triumph,4,
3312,Itochu-Triumph,256575,,PES VOILE LIGHT,100% PES,170 - 175 cm.,165 - 170 cm.,23 - 28 g/m2,,601,2000,M,PFE/PFD,1.5,,,,,header-parsed,Itochu-Triumph,5,
3313,Itochu-Triumph,256575,,PES VOILE LIGHT,100% PES,170 - 175 cm.,165 - 170 cm.,23 - 28 g/m2,,601,2000,M,All_colors,1.83,,,,,header-parsed,Itochu-Triumph,5,
3314,Itochu-Triumph,256575,,PES VOILE LIGHT,100% PES,170 - 175 cm.,165 - 170 cm.,23 - 28 g/m2,,2001,5000,M,PFE/PFD,1.33,,,,,header-parsed,Itochu-Triumph,6,
3315,Itochu-Triumph,256575,,PES VOILE LIGHT,100% PES,170 - 175 cm.,165 - 170 cm.,23 - 28 g/m2,,2001,5000,M,All_colors,1.67,,,,,header-parsed,Itochu-Triumph,6,
3316,Itochu-Triumph,256575,,PES VOILE LIGHT,100% PES,170 - 175 cm.,165 - 170 cm.,23 - 28 g/m2,,3000,,M,All_colors,2.17,,,,,header-parsed,Itochu-Triumph,11,
3317,Kamcaine,255341,,TRINITY,"82% PA, 18% ELASTANE",165 - 175 cm,160 - 170 cm.,60 - 65 g/m2,"3,000m.",200,600,M,PFE/PFD,4.46,,,,,header-parsed,Kamcaine,4,
3318,Kamcaine,255341,,TRINITY,"82% PA, 18% ELASTANE",165 - 175 cm,160 - 170 cm.,60 - 65 g/m2,"3,000m.",200,600,M,All_colors,4.8,,,,,header-parsed,Kamcaine,4,
3319,Kamcaine,255341,,TRINITY,"82% PA, 18% ELASTANE",165 - 175 cm,160 - 170 cm.,60 - 65 g/m2,"3,000m.",601,2000,M,PFE/PFD,4.07,,,,,header-parsed,Kamcaine,5,
3320,Kamcaine,255341,,TRINITY,"82% PA, 18% ELASTANE",165 - 175 cm,160 - 170 cm.,60 - 65 g/m2,"3,000m.",601,2000,M,All_colors,4.4,,,,,header-parsed,Kamcaine,5,
3321,Kamcaine,255341,,TRINITY,"82% PA, 18% ELASTANE",165 - 175 cm,160 - 170 cm.,60 - 65 g/m2,"3,000m.",2001,5000,M,PFE/PFD,3.91,,,,,header-parsed,Kamcaine,6,
3322,Kamcaine,255341,,TRINITY,"82% PA, 18% ELASTANE",165 - 175 cm,160 - 170 cm.,60 - 65 g/m2,"3,000m.",2001,5000,M,All_colors,4.25,,,,,header-parsed,Kamcaine,6,
3323,Liberty Vietnam,255826,,Recycle PA Elastic Tulle Pascal TM EMB,"70% PA, 30% ELASTANE",150 - 160 cm.,145 - 155 cm.,50 - 55 g/m2,"3,000m.",200,600,M,PFE/PFD,3.2,,,,,header-parsed,Liberty Vietnam,18,"K.Sivy instruction to offer customer replace to 255827 due to can be apply for GRS, price offer same as Arrone"
3324,Liberty Vietnam,255826,,Recycle PA Elastic Tulle Pascal TM EMB,"70% PA, 30% ELASTANE",150 - 160 cm.,145 - 155 cm.,50 - 55 g/m2,"3,000m.",200,600,M,All_colors,3.95,,,,,header-parsed,Liberty Vietnam,18,"K.Sivy instruction to offer customer replace to 255827 due to can be apply for GRS, price offer same as Arrone"
3325,Liberty Vietnam,255826,,Recycle PA Elastic Tulle Pascal TM EMB,"70% PA, 30% ELASTANE",150 - 160 cm.,145 - 155 cm.,50 - 55 g/m2,"3,000m.",601,2000,M,PFE/PFD,2.68,,,,,header-parsed,Liberty Vietnam,19,"K.Sivy instruction to offer customer replace to 255827 due to can be apply for GRS, price offer same as Arrone"
3326,Liberty Vietnam,255826,,Recycle PA Elastic Tulle Pascal TM EMB,"70% PA, 30% ELASTANE",150 - 160 cm.,145 - 155 cm.,50 - 55 g/m2,"3,000m.",601,2000,M,All_colors,3.45,,,,,header-parsed,Liberty Vietnam,19,"K.Sivy instruction to offer customer replace to 255827 due to can be apply for GRS, price offer same as Arrone"
3327,Liberty Vietnam,255826,,Recycle PA Elastic Tulle Pascal TM EMB,"70% PA, 30% ELASTANE",150 - 160 cm.,145 - 155 cm.,50 - 55 g/m2,"3,000m.",2001,,M,PFE/PFD,2.58,,,,,header-parsed,Liberty Vietnam,20,"K.Sivy instruction to offer customer replace to 255827 due to can be apply for GRS, price offer same as Arrone"
3328,Liberty Vietnam,255826,,Recycle PA Elastic Tulle Pascal TM EMB,"70% PA, 30% ELASTANE",150 - 160 cm.,145 - 155 cm.,50 - 55 g/m2,"3,000m.",2001,,M,All_colors,3.35,,,,,header-parsed,Liberty Vietnam,20,"K.Sivy instruction to offer customer replace to 255827 due to can be apply for GRS, price offer same as Arrone"
3329,Liberty Vietnam,255827,,Recycle PA + Recycle Elastic Tulle Pascal Plus TM EMB,70% Pre-consumer recycled Polyamide,148 - 158 cm.,143 - 153 cm.,45 - 50 g/m2,"3,000m.",200,600,M,PFE/PFD,3.5,,,,,header-parsed,Liberty Vietnam,21,"*** Cannot apply GRS Certificate due to the new rule from Textile Exchange which you can check with the certifier, Control  Union But we can apply RCS certification instead. We’re not sure whether you have RCS certification."
3330,Liberty Vietnam,255827,,Recycle PA + Recycle Elastic Tulle Pascal Plus TM EMB,70% Pre-consumer recycled Polyamide,148 - 158 cm.,143 - 153 cm.,45 - 50 g/m2,"3,000m.",200,600,M,All_colors,4.25,,,,,header-parsed,Liberty Vietnam,21,"*** Cannot apply GRS Certificate due to the new rule from Textile Exchange which you can check with the certifier, Control  Union But we can apply RCS certification instead. We’re not sure whether you have RCS certification."
3331,Liberty Vietnam,255827,,Recycle PA + Recycle Elastic Tulle Pascal Plus TM EMB,70% Pre-consumer recycled Polyamide,148 - 158 cm.,143 - 153 cm.,45 - 50 g/m2,"3,000m.",601,2000,M,PFE/PFD,2.98,,,,,header-parsed,Liberty Vietnam,22,"*** Cannot apply GRS Certificate due to the new rule from Textile Exchange which you can check with the certifier, Control  Union But we can apply RCS certification instead. We’re not sure whether you have RCS certification."
3332,Liberty Vietnam,255827,,Recycle PA + Recycle Elastic Tulle Pascal Plus TM EMB,70% Pre-consumer recycled Polyamide,148 - 158 cm.,143 - 153 cm.,45 - 50 g/m2,"3,000m.",601,2000,M,All_colors,3.75,,,,,header-parsed,Liberty Vietnam,22,"*** Cannot apply GRS Certificate due to the new rule from Textile Exchange which you can check with the certifier, Control  Union But we can apply RCS certification instead. We’re not sure whether you have RCS certification."
3333,Liberty Vietnam,255827,,Recycle PA + Recycle Elastic Tulle Pascal Plus TM EMB,70% Pre-consumer recycled Polyamide,148 - 158 cm.,143 - 153 cm.,45 - 50 g/m2,"3,000m.",2001,,M,PFE/PFD,2.88,,,,,header-parsed,Liberty Vietnam,23,"*** Cannot apply GRS Certificate due to the new rule from Textile Exchange which you can check with the certifier, Control  Union But we can apply RCS certification instead. We’re not sure whether you have RCS certification."
3334,Liberty Vietnam,255827,,Recycle PA + Recycle Elastic Tulle Pascal Plus TM EMB,70% Pre-consumer recycled Polyamide,148 - 158 cm.,143 - 153 cm.,45 - 50 g/m2,"3,000m.",2001,,M,All_colors,3.65,,,,,header-parsed,Liberty Vietnam,23,"*** Cannot apply GRS Certificate due to the new rule from Textile Exchange which you can check with the certifier, Control  Union But we can apply RCS certification instead. We’re not sure whether you have RCS certification."
3335,Liberty Vietnam,257102,,Recycle PA Elastic Tulle TM soft,"86% Recycled PA, 14% Elastane",145 - 155 cm.,140 - 150 cm.,45 - 50 g/m2,"3,000m.",200,600,M,All_colors,3.95,,,,,header-parsed,Liberty Vietnam,24,K.Sivy instruction can offer customer same price offer to Arrone
3336,Liberty Vietnam,257102,,Recycle PA Elastic Tulle TM soft,"86% Recycled PA, 14% Elastane",145 - 155 cm.,140 - 150 cm.,45 - 50 g/m2,"3,000m.",601,2000,M,All_colors,3.45,,,,,header-parsed,Liberty Vietnam,25,K.Sivy instruction can offer customer same price offer to Arrone
3337,Liberty Vietnam,257102,,Recycle PA Elastic Tulle TM soft,"86% Recycled PA, 14% Elastane",145 - 155 cm.,140 - 150 cm.,45 - 50 g/m2,"3,000m.",2001,,M,All_colors,3.35,,,,,header-parsed,Liberty Vietnam,26,K.Sivy instruction can offer customer same price offer to Arrone
3338,Libertytex,255730,,RECYCLE PES TULLE TM EMB,100% Recycle PES,150 - 160,145 - 155,30 -35,"3,000 m.",200,600,M,PFE/PFD,1.85,,,,,header-parsed,Libertytex,2,
3339,Libertytex,255730,,RECYCLE PES TULLE TM EMB,100% Recycle PES,150 - 160,145 - 155,30 -35,"3,000 m.",200,600,M,All_colors,2.65,,,,,header-parsed,Libertytex,2,
3340,Libertytex,255730,,,,,,,,601,2000,M,PFE/PFD,1.7,,,,,header-parsed,Libertytex,3,
3341,Libertytex,255730,,,,,,,,601,2000,M,All_colors,2.5,,,,,header-parsed,Libertytex,3,
3342,Libertytex,255730,,,,,,,,2001,4999,M,PFE/PFD,1.4,,,,,header-parsed,Libertytex,4,
3343,Libertytex,255730,,,,,,,,2001,4999,M,All_colors,2.2,,,,,header-parsed,Libertytex,4,
3344,Libertytex,255730,,,,,,,,5000,9999,M,PFE/PFD,1.25,,,,,header-parsed,Libertytex,5,
3345,Libertytex,255730,,,,,,,,5000,9999,M,All_colors,2.05,,,,,header-parsed,Libertytex,5,
3346,Libertytex,255730,,,,,,,,10000,,M,PFE/PFD,1.2,,,,,header-parsed,Libertytex,6,
3347,Libertytex,255730,,,,,,,,10000,,M,All_colors,2,,,,,header-parsed,Libertytex,6,
3348,Libertytex,255730,,RECYCLE PES TULLE TM EMB,100% Recycle PES,150 - 160,145 - 155,30 -35,"3,000 m.",200,600,M,PFE/PFD,1.85,,,,,header-parsed,Libertytex,9,K.Sivy cfmd same price
3349,Libertytex,255730,,RECYCLE PES TULLE TM EMB,100% Recycle PES,150 - 160,145 - 155,30 -35,"3,000 m.",200,600,M,All_colors,2.65,,,,,header-parsed,Libertytex,9,K.Sivy cfmd same price
3350,Libertytex,255730,,,,,,,,601,2000,M,PFE/PFD,1.7,,,,,header-parsed,Libertytex,10,
3351,Libertytex,255730,,,,,,,,601,2000,M,All_colors,2.5,,,,,header-parsed,Libertytex,10,
3352,Libertytex,255730,,,,,,,,2001,4999,M,PFE/PFD,1.4,,,,,header-parsed,Libertytex,11,
3353,Libertytex,255730,,,,,,,,2001,4999,M,All_colors,2.2,,,,,header-parsed,Libertytex,11,
3354,Libertytex,255730,,,,,,,,5000,9999,M,PFE/PFD,1.25,,,,,header-parsed,Libertytex,12,
3355,Libertytex,255730,,,,,,,,5000,9999,M,All_colors,2.05,,,,,header-parsed,Libertytex,12,
3356,Libertytex,255730,,,,,,,,10000,,M,PFE/PFD,1.2,,,,,header-parsed,Libertytex,13,
3357,Libertytex,255730,,,,,,,,10000,,M,All_colors,2,,,,,header-parsed,Libertytex,13,
3358,Libertytex,255979AA/14,,ROSA 4555TM EMB,100% Polyester,153 - 163,148 - 158,20-25,"3,000 m.",200,600,M,PFE/PFD,1.75,,,,,header-parsed,Libertytex,16,K.Sivy cfmd price 10cents lower than 255730
3359,Libertytex,255979AA/14,,ROSA 4555TM EMB,100% Polyester,153 - 163,148 - 158,20-25,"3,000 m.",200,600,M,All_colors,2.55,,,,,header-parsed,Libertytex,16,K.Sivy cfmd price 10cents lower than 255730
3360,Libertytex,255979AA/14,,,,,,,,601,2000,M,PFE/PFD,1.6,,,,,header-parsed,Libertytex,17,
3361,Libertytex,255979AA/14,,,,,,,,601,2000,M,All_colors,2.4,,,,,header-parsed,Libertytex,17,
3362,Libertytex,255979AA/14,,,,,,,,2001,4999,M,PFE/PFD,1.3,,,,,header-parsed,Libertytex,18,
3363,Libertytex,255979AA/14,,,,,,,,2001,4999,M,All_colors,2.1,,,,,header-parsed,Libertytex,18,
3364,Libertytex,255979AA/14,,,,,,,,5000,9999,M,PFE/PFD,1.15,,,,,header-parsed,Libertytex,19,
3365,Libertytex,255979AA/14,,,,,,,,5000,9999,M,All_colors,1.95,,,,,header-parsed,Libertytex,19,
3366,Libertytex,255979AA/14,,,,,,,,10000,,M,PFE/PFD,1.1,,,,,header-parsed,Libertytex,20,
3367,Libertytex,255979AA/14,,,,,,,,10000,,M,All_colors,1.9,,,,,header-parsed,Libertytex,20,
3368,Libertytex,255314,,PES INVISIBLE TULLE MONO,100% PES,153 - 163,148 - 158,18 - 23,"3,000 m.",200,600,M,PFE/PFD,1.25,,,,,header-parsed,Libertytex,23,
3369,Libertytex,255314,,,,,,,,601,2000,M,PFE/PFD,1.2,,,,,header-parsed,Libertytex,24,
3370,Libertytex,255314,,,,,,,,2001,5000,M,PFE/PFD,1.1,,,,,header-parsed,Libertytex,25,
3371,Libertytex,255314,,,,,,,,10000,,M,PFE/PFD,1.05,,,,,header-parsed,Libertytex,26,
3372,Libertytex,257065AA/11,,Recycle CHARLOTTE TM Soft,100% Recycle PES,158-168,153-163,31-35,"3,000 m.",200,,M,PFE/PFD,1.9,,,,,header-parsed,Libertytex,29,
3373,Libertytex,257065AA/11,,,,,,,,600,,M,PFE/PFD,1.65,,,,,header-parsed,Libertytex,30,
3374,Libertytex,257065AA/11,,,,,,,,2000,,M,PFE/PFD,1.5,,,,,header-parsed,Libertytex,31,
3375,Libertytex,257065AA/11,,,,,,,,5000,,M,PFE/PFD,1.4,,,,,header-parsed,Libertytex,32,
3376,Libertytex,257065AA/11,,,,,,,,10000,,M,PFE/PFD,1.35,,,,,header-parsed,Libertytex,33,
3377,Libertytex,255776AA/11,,,,,,,"3,000 m.",1,,M,PFE/PFD,1.2,,,,,header-parsed,Libertytex,36,K.Sivy infomred Joy to udapted on 10.02.25
3378,Manufacture,256634,,PA VOILE MATT,100% PA,158 - 163 cm.,153 - 158 cm.,35 - 40 g/m2,"3,000m.",200,600,M,PFE/PFD,2.33333333333333,,,,,header-parsed,Manufacture,3,
3379,Manufacture,256634,,PA VOILE MATT,100% PA,158 - 163 cm.,153 - 158 cm.,35 - 40 g/m2,"3,000m.",200,600,M,All_colors,3.1,,,,,header-parsed,Manufacture,3,
3380,Manufacture,256634,,PA VOILE MATT,100% PA,158 - 163 cm.,153 - 158 cm.,35 - 40 g/m2,"3,000m.",200,600,M,PFE/PFD,,70,,,,header-parsed,Manufacture,3,
3381,Manufacture,256634,,PA VOILE MATT,100% PA,158 - 163 cm.,153 - 158 cm.,35 - 40 g/m2,"3,000m.",200,600,M,All_colors,,90,,,,header-parsed,Manufacture,3,
3382,Manufacture,256634,,PA VOILE MATT,100% PA,158 - 163 cm.,153 - 158 cm.,35 - 40 g/m2,"3,000m.",601,2000,M,PFE/PFD,2,,,,,header-parsed,Manufacture,4,
3383,Manufacture,256634,,PA VOILE MATT,100% PA,158 - 163 cm.,153 - 158 cm.,35 - 40 g/m2,"3,000m.",601,2000,M,All_colors,,257,,,,header-parsed,Manufacture,4,
3384,Manufacture,256634,,PA VOILE MATT,100% PA,158 - 163 cm.,153 - 158 cm.,35 - 40 g/m2,"3,000m.",601,2000,M,PFE/PFD,,60,,,,header-parsed,Manufacture,4,
3385,Manufacture,256634,,PA VOILE MATT,100% PA,158 - 163 cm.,153 - 158 cm.,35 - 40 g/m2,"3,000m.",601,2000,M,All_colors,,75,,,,header-parsed,Manufacture,4,
3386,Manufacture,256634,,PA VOILE MATT,100% PA,158 - 163 cm.,153 - 158 cm.,35 - 40 g/m2,"3,000m.",2001,5000,M,PFE/PFD,1.9,,,,,header-parsed,Manufacture,5,
3387,Manufacture,256634,,PA VOILE MATT,100% PA,158 - 163 cm.,153 - 158 cm.,35 - 40 g/m2,"3,000m.",2001,5000,M,All_colors,2.4,,,,,header-parsed,Manufacture,5,
3388,Manufacture,256634,,PA VOILE MATT,100% PA,158 - 163 cm.,153 - 158 cm.,35 - 40 g/m2,"3,000m.",2001,5000,M,PFE/PFD,,57,,,,header-parsed,Manufacture,5,
3389,Manufacture,256634,,PA VOILE MATT,100% PA,158 - 163 cm.,153 - 158 cm.,35 - 40 g/m2,"3,000m.",2001,5000,M,All_colors,,70,,,,header-parsed,Manufacture,5,
3390,Obsidian,254555,,PES TULLE,100%PES,157 - 162 cm.,152 - 157 cm.,30 - 35 g/m2,"3,000m.",200,600,M,All_colors,2.83,,,,,header-parsed,Obsidian,8,
3391,Obsidian,254555,,PES TULLE,100%PES,157 - 162 cm.,152 - 157 cm.,30 - 35 g/m2,"3,000m.",601,2000,M,All_colors,2.4,,,,,header-parsed,Obsidian,9,
3392,Obsidian,254555,,PES TULLE,100%PES,157 - 162 cm.,152 - 157 cm.,30 - 35 g/m2,"3,000m.",2001,5000,M,All_colors,2.2,,,,,header-parsed,Obsidian,10,
3393,Obsidian,254824,,ELASTIC TULLE PASCAL,"70% PA, 30% ELASTANE",147 - 152 cm.,142 - 147 cm.,50 - 55 g/m2,"3,000m.",200,600,M,All_colors,3.77,,,,,header-parsed,Obsidian,12,
3394,Obsidian,254824,,ELASTIC TULLE PASCAL,"70% PA, 30% ELASTANE",147 - 152 cm.,142 - 147 cm.,50 - 55 g/m2,"3,000m.",601,2000,M,All_colors,3.33,,,,,header-parsed,Obsidian,13,
3395,Obsidian,254824,,ELASTIC TULLE PASCAL,"70% PA, 30% ELASTANE",147 - 152 cm.,142 - 147 cm.,50 - 55 g/m2,"3,000m.",2001,5000,M,All_colors,3.23,,,,,header-parsed,Obsidian,14,
3396,Obsidian,254755,,ELASTIC TULLE ISABELLA,"85% PA, 15% ELASTANE",155 - 160 cm.,150 -155 cm.,33 - 38 g/m2,"3,000m.",200,600,M,All_colors,3.3,,,,,header-parsed,Obsidian,16,
3397,Obsidian,254755,,ELASTIC TULLE ISABELLA,"85% PA, 15% ELASTANE",155 - 160 cm.,150 -155 cm.,33 - 38 g/m2,"3,000m.",601,2000,M,All_colors,2.85,,,,,header-parsed,Obsidian,17,
3398,Obsidian,254755,,ELASTIC TULLE ISABELLA,"85% PA, 15% ELASTANE",155 - 160 cm.,150 -155 cm.,33 - 38 g/m2,"3,000m.",2001,5000,M,All_colors,2.7,,,,,header-parsed,Obsidian,18,
3399,Obsidian,254763,,ELASTIC TULLE PUNTINO,"84% PA, 16% ELASTANE",150 - 155 cm.,145 - 150 cm.,40 - 45 g/m2,"3,000m.",200,600,M,All_colors,4.35,,,,,header-parsed,Obsidian,47,
3400,Obsidian,254763,,ELASTIC TULLE PUNTINO,"84% PA, 16% ELASTANE",150 - 155 cm.,145 - 150 cm.,40 - 45 g/m2,"3,000m.",601,2000,M,All_colors,3.88,,,,,header-parsed,Obsidian,48,
3401,Obsidian,254763,,ELASTIC TULLE PUNTINO,"84% PA, 16% ELASTANE",150 - 155 cm.,145 - 150 cm.,40 - 45 g/m2,"3,000m.",2001,5000,M,All_colors,3.75,,,,,header-parsed,Obsidian,49,
3402,Obsidian,255341,,TRINITY,"82% PA, 18% ELASTANE",165 - 175 cm,160 - 170 cm.,60 - 65 g/m2,"3,000m.",200,600,M,All_colors,4.46,,,,,header-parsed,Obsidian,57,
3403,Obsidian,255341,,TRINITY,"82% PA, 18% ELASTANE",165 - 175 cm,160 - 170 cm.,60 - 65 g/m2,"3,000m.",601,2000,M,All_colors,4.07,,,,,header-parsed,Obsidian,58,
3404,Obsidian,255341,,TRINITY,"82% PA, 18% ELASTANE",165 - 175 cm,160 - 170 cm.,60 - 65 g/m2,"3,000m.",2001,5000,M,All_colors,3.91,,,,,header-parsed,Obsidian,59,
3405,Obsidian,255341,,TRINITY,"82% PA, 18% ELASTANE",165 - 175 cm,160 - 170 cm.,60 - 65 g/m2,"3,000m.",200,600,M,All_colors,4.46,,,,,header-parsed,Obsidian,67,
3406,Obsidian,255341,,TRINITY,"82% PA, 18% ELASTANE",165 - 175 cm,160 - 170 cm.,60 - 65 g/m2,"3,000m.",601,2000,M,All_colors,4.07,,,,,header-parsed,Obsidian,68,
3407,Obsidian,255341,,TRINITY,"82% PA, 18% ELASTANE",165 - 175 cm,160 - 170 cm.,60 - 65 g/m2,"3,000m.",2001,5000,M,All_colors,3.91,,,,,header-parsed,Obsidian,69,
3408,P.B.S.E,255026,,POWER MESH,"65% PA, 35% ELASTANE",203 - 216 cm.,198 - 212 cm.,170 - 190 g/m2,"3,000m.",130,,M,PFE/PFD,10.33,,,,,header-parsed,P.B.S.E,6,
3409,P.B.S.E,255026,,POWER MESH,"65% PA, 35% ELASTANE",203 - 216 cm.,198 - 212 cm.,170 - 190 g/m2,"3,000m.",130,,M,All_colors,11.5,,,,,header-parsed,P.B.S.E,6,
3410,P.B.S.E,255026,,POWER MESH,"65% PA, 35% ELASTANE",203 - 216 cm.,198 - 212 cm.,170 - 190 g/m2,"3,000m.",220,,M,PFE/PFD,9.67,,,,,header-parsed,P.B.S.E,7,
3411,P.B.S.E,255026,,POWER MESH,"65% PA, 35% ELASTANE",203 - 216 cm.,198 - 212 cm.,170 - 190 g/m2,"3,000m.",220,,M,All_colors,10.8,,,,,header-parsed,P.B.S.E,7,
3412,P.B.S.E,255026,,POWER MESH,"65% PA, 35% ELASTANE",203 - 216 cm.,198 - 212 cm.,170 - 190 g/m2,"3,000m.",570,,M,PFE/PFD,9.65,,,,,header-parsed,P.B.S.E,8,
3413,P.B.S.E,255026,,POWER MESH,"65% PA, 35% ELASTANE",203 - 216 cm.,198 - 212 cm.,170 - 190 g/m2,"3,000m.",570,,M,All_colors,10.5,,,,,header-parsed,P.B.S.E,8,
3414,P.B.S.E,255026,,POWER MESH,"65% PA, 35% ELASTANE",203 - 216 cm.,198 - 212 cm.,170 - 190 g/m2,"3,000m.",1200,,M,PFE/PFD,9.33,,,,,header-parsed,P.B.S.E,9,
3415,P.B.S.E,255026,,POWER MESH,"65% PA, 35% ELASTANE",203 - 216 cm.,198 - 212 cm.,170 - 190 g/m2,"3,000m.",1200,,M,All_colors,10,,,,,header-parsed,P.B.S.E,9,
3416,P.B.S.E,255028,,POWER MESH TM SOFT 5028AA,"75% PA, 25% ELASTANE",185 - 190 cm.,180 - 185 cm.,95 - 105 g/m2,"3,000m.",500,2000,M,PFE/PFD,3.95,,,,,header-parsed,P.B.S.E,57,
3417,P.B.S.E,255028,,POWER MESH TM SOFT 5028AA,"75% PA, 25% ELASTANE",185 - 190 cm.,180 - 185 cm.,95 - 105 g/m2,"3,000m.",2001,5000,M,PFE/PFD,3.75,,,,,header-parsed,P.B.S.E,58,
3418,P.B.S.E,255049,,POWER MESH,"85% PA, 15% ELASTANE",157 - 162 cm.,152 - 157 cm.,78 - 83 g/m2,"3,000m.",200,600,M,PFE/PFD,2.8,,,,,header-parsed,P.B.S.E,60,
3419,P.B.S.E,255049,,POWER MESH,"85% PA, 15% ELASTANE",157 - 162 cm.,152 - 157 cm.,78 - 83 g/m2,"3,000m.",601,2000,M,PFE/PFD,2.4,,,,,header-parsed,P.B.S.E,61,
3420,P.B.S.E,255049,,POWER MESH,"85% PA, 15% ELASTANE",157 - 162 cm.,152 - 157 cm.,78 - 83 g/m2,"3,000m.",2001,5000,M,PFE/PFD,2.3,,,,,header-parsed,P.B.S.E,62,
3421,P.B.S.E,255572,,LIGHT ALWAYS TM SOFT,"80% PA, 20% ELASTANE",195 - 205 cm.,190 - 200 cm.,57 - 63 g/m2,"3,000m.",500,2000,M,PFE/PFD,3.35,,,,,header-parsed,P.B.S.E,64,
3422,P.B.S.E,255572,,LIGHT ALWAYS TM SOFT,"80% PA, 20% ELASTANE",195 - 205 cm.,190 - 200 cm.,57 - 63 g/m2,"3,000m.",2001,5000,M,PFE/PFD,3.2,,,,,header-parsed,P.B.S.E,65,
3423,P.B.S.E,255572,,LIGHT ALWAYS TM SOFT,"80% PA, 20% ELASTANE",195 - 205 cm.,190 - 200 cm.,57 - 63 g/m2,"3,000m.",500,,M,PFE/PFD,4.95,,,,,header-parsed,P.B.S.E,72,
3424,P.B.S.E,255572,,LIGHT ALWAYS TM SOFT,"80% PA, 20% ELASTANE",195 - 205 cm.,190 - 200 cm.,57 - 63 g/m2,"3,000m.",200,599,M,PFE/PFD,4.2,,,,,header-parsed,P.B.S.E,81,
3425,P.B.S.E,255572,,LIGHT ALWAYS TM SOFT,"80% PA, 20% ELASTANE",195 - 205 cm.,190 - 200 cm.,57 - 63 g/m2,"3,000m.",600,1999,M,PFE/PFD,3.65,,,,,header-parsed,P.B.S.E,82,
3426,P.B.S.E,255572,,LIGHT ALWAYS TM SOFT,"80% PA, 20% ELASTANE",195 - 205 cm.,190 - 200 cm.,57 - 63 g/m2,"3,000m.",2000,5000,M,PFE/PFD,3.5,,,,,header-parsed,P.B.S.E,83,
3427,P.B.S.E,255724AA/11,,CORAL TM Soft,"90% PA, 10% ELASTANE",163-173 cm.,158-168 cm.,42-48 g/m2,"3,000 m.",200,600,M,PFE/PFD,2.55,,,,,header-parsed,P.B.S.E,91,
3428,P.B.S.E,255724AA/11,,CORAL TM Soft,"90% PA, 10% ELASTANE",163-173 cm.,158-168 cm.,42-48 g/m2,"3,000 m.",601,2000,M,PFE/PFD,2.2,,,,,header-parsed,P.B.S.E,92,
3429,P.B.S.E,255724AA/11,,CORAL TM Soft,"90% PA, 10% ELASTANE",163-173 cm.,158-168 cm.,42-48 g/m2,"3,000 m.",2001,5000,M,PFE/PFD,2.1,,,,,header-parsed,P.B.S.E,93,
3430,PL Recycle fabric 11 Nov 2022,255730,,RECYCLE PES TULLE TM EMB,100% Recycle PES,150 - 160 cm.,145 - 155 cm.,30 -35 g/m2,"3,000m.",200,600,M,PFE/PFD,1.85,,,,,header-parsed,PL Recycle fabric 11 Nov 2022,3,
3431,PL Recycle fabric 11 Nov 2022,255730,,RECYCLE PES TULLE TM EMB,100% Recycle PES,150 - 160 cm.,145 - 155 cm.,30 -35 g/m2,"3,000m.",200,600,M,All_colors,2.65,,,,,header-parsed,PL Recycle fabric 11 Nov 2022,3,
3432,PL Recycle fabric 11 Nov 2022,255730,,RECYCLE PES TULLE TM EMB,100% Recycle PES,150 - 160 cm.,145 - 155 cm.,30 -35 g/m2,"3,000m.",601,2000,M,PFE/PFD,1.7,,,,,header-parsed,PL Recycle fabric 11 Nov 2022,4,
3433,PL Recycle fabric 11 Nov 2022,255730,,RECYCLE PES TULLE TM EMB,100% Recycle PES,150 - 160 cm.,145 - 155 cm.,30 -35 g/m2,"3,000m.",601,2000,M,All_colors,2.5,,,,,header-parsed,PL Recycle fabric 11 Nov 2022,4,
3434,PL Recycle fabric 11 Nov 2022,255730,,RECYCLE PES TULLE TM EMB,100% Recycle PES,150 - 160 cm.,145 - 155 cm.,30 -35 g/m2,"3,000m.",2001,4999,M,PFE/PFD,1.4,,,,,header-parsed,PL Recycle fabric 11 Nov 2022,5,
3435,PL Recycle fabric 11 Nov 2022,255730,,RECYCLE PES TULLE TM EMB,100% Recycle PES,150 - 160 cm.,145 - 155 cm.,30 -35 g/m2,"3,000m.",2001,4999,M,All_colors,2.2,,,,,header-parsed,PL Recycle fabric 11 Nov 2022,5,
3436,PL Recycle fabric 11 Nov 2022,255730,,RECYCLE PES TULLE TM EMB,100% Recycle PES,150 - 160 cm.,145 - 155 cm.,30 -35 g/m2,"3,000m.",5000,9999,M,PFE/PFD,1.25,,,,,header-parsed,PL Recycle fabric 11 Nov 2022,6,
3437,PL Recycle fabric 11 Nov 2022,255730,,RECYCLE PES TULLE TM EMB,100% Recycle PES,150 - 160 cm.,145 - 155 cm.,30 -35 g/m2,"3,000m.",5000,9999,M,All_colors,2.05,,,,,header-parsed,PL Recycle fabric 11 Nov 2022,6,
3438,PL Recycle fabric 11 Nov 2022,255730,,RECYCLE PES TULLE TM EMB,100% Recycle PES,150 - 160 cm.,145 - 155 cm.,30 -35 g/m2,"3,000m.",10000,,M,PFE/PFD,1.2,,,,,header-parsed,PL Recycle fabric 11 Nov 2022,7,
3439,PL Recycle fabric 11 Nov 2022,255730,,RECYCLE PES TULLE TM EMB,100% Recycle PES,150 - 160 cm.,145 - 155 cm.,30 -35 g/m2,"3,000m.",10000,,M,All_colors,2,,,,,header-parsed,PL Recycle fabric 11 Nov 2022,7,
3440,PL Recycle fabric 11 Nov 2022,255730,,RECYCLE PES TULLE TM EMB,100% Recycle PES,150 - 160 cm.,145 - 155 cm.,30 -35 g/m2,"3,000m.",200,600,M,PFE/PFD,2.33,,,,,header-parsed,PL Recycle fabric 11 Nov 2022,9,
3441,PL Recycle fabric 11 Nov 2022,255730,,RECYCLE PES TULLE TM EMB,100% Recycle PES,150 - 160 cm.,145 - 155 cm.,30 -35 g/m2,"3,000m.",200,600,M,All_colors,2.93,,,,,header-parsed,PL Recycle fabric 11 Nov 2022,9,
3442,PL Recycle fabric 11 Nov 2022,255730,,RECYCLE PES TULLE TM EMB,100% Recycle PES,150 - 160 cm.,145 - 155 cm.,30 -35 g/m2,"3,000m.",601,2000,M,PFE/PFD,1.93,,,,,header-parsed,PL Recycle fabric 11 Nov 2022,10,
3443,PL Recycle fabric 11 Nov 2022,255730,,RECYCLE PES TULLE TM EMB,100% Recycle PES,150 - 160 cm.,145 - 155 cm.,30 -35 g/m2,"3,000m.",601,2000,M,All_colors,2.5,,,,,header-parsed,PL Recycle fabric 11 Nov 2022,10,
3444,PL Recycle fabric 11 Nov 2022,255730,,RECYCLE PES TULLE TM EMB,100% Recycle PES,150 - 160 cm.,145 - 155 cm.,30 -35 g/m2,"3,000m.",2001,5000,M,PFE/PFD,1.87,,,,,header-parsed,PL Recycle fabric 11 Nov 2022,11,
3445,PL Recycle fabric 11 Nov 2022,255730,,RECYCLE PES TULLE TM EMB,100% Recycle PES,150 - 160 cm.,145 - 155 cm.,30 -35 g/m2,"3,000m.",2001,5000,M,All_colors,2.3,,,,,header-parsed,PL Recycle fabric 11 Nov 2022,11,
3446,PL Recycle fabric 11 Nov 2022,255776,,RECYCLE TORINO 35 TM Soft,100% Recycled PES,155 - 165 cm.,150 - 160 cm.,20 - 25 g/m2,"3,000m.",200,600,M,PFE/PFD,2.2,,,,,header-parsed,PL Recycle fabric 11 Nov 2022,13,
3447,PL Recycle fabric 11 Nov 2022,255776,,RECYCLE TORINO 35 TM Soft,100% Recycled PES,155 - 165 cm.,150 - 160 cm.,20 - 25 g/m2,"3,000m.",200,600,M,All_colors,3.03,,,,,header-parsed,PL Recycle fabric 11 Nov 2022,13,
3448,PL Recycle fabric 11 Nov 2022,255776,,RECYCLE TORINO 35 TM Soft,100% Recycled PES,155 - 165 cm.,150 - 160 cm.,20 - 25 g/m2,"3,000m.",601,2000,M,PFE/PFD,1.87,,,,,header-parsed,PL Recycle fabric 11 Nov 2022,14,
3449,PL Recycle fabric 11 Nov 2022,255776,,RECYCLE TORINO 35 TM Soft,100% Recycled PES,155 - 165 cm.,150 - 160 cm.,20 - 25 g/m2,"3,000m.",601,2000,M,All_colors,2.53,,,,,header-parsed,PL Recycle fabric 11 Nov 2022,14,
3450,PL Recycle fabric 11 Nov 2022,255776,,RECYCLE TORINO 35 TM Soft,100% Recycled PES,155 - 165 cm.,150 - 160 cm.,20 - 25 g/m2,"3,000m.",2001,5000,M,PFE/PFD,1.7,,,,,header-parsed,PL Recycle fabric 11 Nov 2022,15,
3451,PL Recycle fabric 11 Nov 2022,255776,,RECYCLE TORINO 35 TM Soft,100% Recycled PES,155 - 165 cm.,150 - 160 cm.,20 - 25 g/m2,"3,000m.",2001,5000,M,All_colors,2.2,,,,,header-parsed,PL Recycle fabric 11 Nov 2022,15,
3452,PL Recycle fabric 11 Nov 2022,255777,,POPLAP TM EMB,"76% PES, 24% CO",142 - 152 cm.,137 - 147 cm.,40 - 45 g/m2,"3,000m.",200,600,M,PFE/PFD,3.63,,,,,header-parsed,PL Recycle fabric 11 Nov 2022,17,
3453,PL Recycle fabric 11 Nov 2022,255777,,POPLAP TM EMB,"76% PES, 24% CO",142 - 152 cm.,137 - 147 cm.,40 - 45 g/m2,"3,000m.",200,600,M,All_colors,4.53,,,,,header-parsed,PL Recycle fabric 11 Nov 2022,17,
3454,PL Recycle fabric 11 Nov 2022,255777,,POPLAP TM EMB,"76% PES, 24% CO",142 - 152 cm.,137 - 147 cm.,40 - 45 g/m2,"3,000m.",601,2000,M,PFE/PFD,3.4,,,,,header-parsed,PL Recycle fabric 11 Nov 2022,18,
3455,PL Recycle fabric 11 Nov 2022,255777,,POPLAP TM EMB,"76% PES, 24% CO",142 - 152 cm.,137 - 147 cm.,40 - 45 g/m2,"3,000m.",601,2000,M,All_colors,4.2,,,,,header-parsed,PL Recycle fabric 11 Nov 2022,18,
3456,PL Recycle fabric 11 Nov 2022,255777,,POPLAP TM EMB,"76% PES, 24% CO",142 - 152 cm.,137 - 147 cm.,40 - 45 g/m2,"3,000m.",2001,5000,M,PFE/PFD,3.2,,,,,header-parsed,PL Recycle fabric 11 Nov 2022,19,
3457,PL Recycle fabric 11 Nov 2022,255777,,POPLAP TM EMB,"76% PES, 24% CO",142 - 152 cm.,137 - 147 cm.,40 - 45 g/m2,"3,000m.",2001,5000,M,All_colors,4,,,,,header-parsed,PL Recycle fabric 11 Nov 2022,19,
3458,PL Recycle fabric 11 Nov 2022,255826,,Recycle PA Elastic Tulle Pascal TM EMB,"70% PA, 30% ELASTANE",150 - 160 cm.,145 - 155 cm.,50 - 55 g/m2,"3,000m.",200,600,M,PFE/PFD,3.2,,,,,header-parsed,PL Recycle fabric 11 Nov 2022,21,
3459,PL Recycle fabric 11 Nov 2022,255826,,Recycle PA Elastic Tulle Pascal TM EMB,"70% PA, 30% ELASTANE",150 - 160 cm.,145 - 155 cm.,50 - 55 g/m2,"3,000m.",200,600,M,All_colors,3.95,,,,,header-parsed,PL Recycle fabric 11 Nov 2022,21,
3460,PL Recycle fabric 11 Nov 2022,255826,,Recycle PA Elastic Tulle Pascal TM EMB,"70% PA, 30% ELASTANE",150 - 160 cm.,145 - 155 cm.,50 - 55 g/m2,"3,000m.",601,2000,M,PFE/PFD,2.68,,,,,header-parsed,PL Recycle fabric 11 Nov 2022,22,
3461,PL Recycle fabric 11 Nov 2022,255826,,Recycle PA Elastic Tulle Pascal TM EMB,"70% PA, 30% ELASTANE",150 - 160 cm.,145 - 155 cm.,50 - 55 g/m2,"3,000m.",601,2000,M,All_colors,3.45,,,,,header-parsed,PL Recycle fabric 11 Nov 2022,22,
3462,PL Recycle fabric 11 Nov 2022,255826,,Recycle PA Elastic Tulle Pascal TM EMB,"70% PA, 30% ELASTANE",150 - 160 cm.,145 - 155 cm.,50 - 55 g/m2,"3,000m.",2001,,M,PFE/PFD,2.58,,,,,header-parsed,PL Recycle fabric 11 Nov 2022,23,
3463,PL Recycle fabric 11 Nov 2022,255826,,Recycle PA Elastic Tulle Pascal TM EMB,"70% PA, 30% ELASTANE",150 - 160 cm.,145 - 155 cm.,50 - 55 g/m2,"3,000m.",2001,,M,All_colors,3.35,,,,,header-parsed,PL Recycle fabric 11 Nov 2022,23,
3464,PL Recycle fabric 11 Nov 2022,255827,,Recycle PA + Recycle Elastic Tulle Pascal Plus TM EMB,70% Pre-consumer recycled Polyamide,148 - 158 cm.,143 - 153 cm.,45 - 50 g/m2,"3,000m.",200,600,M,PFE/PFD,3.5,,,,,header-parsed,PL Recycle fabric 11 Nov 2022,25,
3465,PL Recycle fabric 11 Nov 2022,255827,,Recycle PA + Recycle Elastic Tulle Pascal Plus TM EMB,70% Pre-consumer recycled Polyamide,148 - 158 cm.,143 - 153 cm.,45 - 50 g/m2,"3,000m.",200,600,M,All_colors,4.25,,,,,header-parsed,PL Recycle fabric 11 Nov 2022,25,
3466,PL Recycle fabric 11 Nov 2022,255827,,Recycle PA + Recycle Elastic Tulle Pascal Plus TM EMB,70% Pre-consumer recycled Polyamide,148 - 158 cm.,143 - 153 cm.,45 - 50 g/m2,"3,000m.",601,2000,M,PFE/PFD,2.98,,,,,header-parsed,PL Recycle fabric 11 Nov 2022,26,
3467,PL Recycle fabric 11 Nov 2022,255827,,Recycle PA + Recycle Elastic Tulle Pascal Plus TM EMB,70% Pre-consumer recycled Polyamide,148 - 158 cm.,143 - 153 cm.,45 - 50 g/m2,"3,000m.",601,2000,M,All_colors,3.75,,,,,header-parsed,PL Recycle fabric 11 Nov 2022,26,
3468,PL Recycle fabric 11 Nov 2022,255827,,Recycle PA + Recycle Elastic Tulle Pascal Plus TM EMB,70% Pre-consumer recycled Polyamide,148 - 158 cm.,143 - 153 cm.,45 - 50 g/m2,"3,000m.",2001,,M,PFE/PFD,2.88,,,,,header-parsed,PL Recycle fabric 11 Nov 2022,27,
3469,PL Recycle fabric 11 Nov 2022,255827,,Recycle PA + Recycle Elastic Tulle Pascal Plus TM EMB,70% Pre-consumer recycled Polyamide,148 - 158 cm.,143 - 153 cm.,45 - 50 g/m2,"3,000m.",2001,,M,All_colors,3.65,,,,,header-parsed,PL Recycle fabric 11 Nov 2022,27,
3470,PL Recycle fabric 11 Nov 2022,255827AA/55,,Recycled Nylon/ Spandex,70% Pre-consumer recycled Polyamide,148 - 158 cm.,143 - 153 cm.,45 - 50 g/m2,"5,000m.",200,600,M,PFE/PFD,3.5,,,,,header-parsed,PL Recycle fabric 11 Nov 2022,29,
3471,PL Recycle fabric 11 Nov 2022,255827AA/55,,Recycled Nylon/ Spandex,70% Pre-consumer recycled Polyamide,148 - 158 cm.,143 - 153 cm.,45 - 50 g/m2,"5,000m.",200,600,M,All_colors,4.25,,,,,header-parsed,PL Recycle fabric 11 Nov 2022,29,
3472,PL Recycle fabric 11 Nov 2022,255827AA/55,,Recycled Nylon/ Spandex,70% Pre-consumer recycled Polyamide,148 - 158 cm.,143 - 153 cm.,45 - 50 g/m2,"5,000m.",601,2000,M,PFE/PFD,2.98,,,,,header-parsed,PL Recycle fabric 11 Nov 2022,30,
3473,PL Recycle fabric 11 Nov 2022,255827AA/55,,Recycled Nylon/ Spandex,70% Pre-consumer recycled Polyamide,148 - 158 cm.,143 - 153 cm.,45 - 50 g/m2,"5,000m.",601,2000,M,All_colors,3.75,,,,,header-parsed,PL Recycle fabric 11 Nov 2022,30,
3474,PL Recycle fabric 11 Nov 2022,255827AA/55,,Recycled Nylon/ Spandex,70% Pre-consumer recycled Polyamide,148 - 158 cm.,143 - 153 cm.,45 - 50 g/m2,"5,000m.",2001,,M,PFE/PFD,2.88,,,,,header-parsed,PL Recycle fabric 11 Nov 2022,31,
3475,PL Recycle fabric 11 Nov 2022,255827AA/55,,Recycled Nylon/ Spandex,70% Pre-consumer recycled Polyamide,148 - 158 cm.,143 - 153 cm.,45 - 50 g/m2,"5,000m.",2001,,M,All_colors,3.65,,,,,header-parsed,PL Recycle fabric 11 Nov 2022,31,
3476,Prima Lace,254555,,PES TULLE,100%PES,157 - 162 cm.,152 - 157 cm.,30 - 35 g/m2,"3,000m.",200,600,M,PFE/PFD,,64,,,,header-parsed,Prima Lace,13,
3477,Prima Lace,254555,,PES TULLE,100%PES,157 - 162 cm.,152 - 157 cm.,30 - 35 g/m2,"3,000m.",200,600,M,All_colors,,82,,,,header-parsed,Prima Lace,13,
3478,Prima Lace,254555,,PES TULLE,100%PES,157 - 162 cm.,152 - 157 cm.,30 - 35 g/m2,"3,000m.",601,2000,M,PFE/PFD,,52,,,,header-parsed,Prima Lace,14,
3479,Prima Lace,254555,,PES TULLE,100%PES,157 - 162 cm.,152 - 157 cm.,30 - 35 g/m2,"3,000m.",601,2000,M,All_colors,,69,,,,header-parsed,Prima Lace,14,
3480,Prima Lace,254555,,PES TULLE,100%PES,157 - 162 cm.,152 - 157 cm.,30 - 35 g/m2,"3,000m.",2001,5000,M,PFE/PFD,,50,,,,header-parsed,Prima Lace,15,
3481,Prima Lace,254555,,PES TULLE,100%PES,157 - 162 cm.,152 - 157 cm.,30 - 35 g/m2,"3,000m.",2001,5000,M,All_colors,,63,,,,header-parsed,Prima Lace,15,
3482,Prima Lace,255484,,Invisible Tulle Bright,100%PA,152 - 162cm,147 - 157 cm,13 - 18g/m2,"3,000m.",200,600,M,PFE/PFD,,52,,,,header-parsed,Prima Lace,40,
3483,Prima Lace,255484,,Invisible Tulle Bright,100%PA,152 - 162cm,147 - 157 cm,13 - 18g/m2,"3,000m.",200,600,M,All_colors,,67,,,,header-parsed,Prima Lace,40,
3484,Prima Lace,255484,,Invisible Tulle Bright,100%PA,152 - 162cm,147 - 157 cm,13 - 18g/m2,"3,000m.",601,2000,M,PFE/PFD,,47,,,,header-parsed,Prima Lace,41,
3485,Prima Lace,255484,,Invisible Tulle Bright,100%PA,152 - 162cm,147 - 157 cm,13 - 18g/m2,"3,000m.",601,2000,M,All_colors,,62,,,,header-parsed,Prima Lace,41,
3486,Prima Lace,255484,,Invisible Tulle Bright,100%PA,152 - 162cm,147 - 157 cm,13 - 18g/m2,"3,000m.",2001,4000,M,PFE/PFD,,44,,,,header-parsed,Prima Lace,42,
3487,Prima Lace,255484,,Invisible Tulle Bright,100%PA,152 - 162cm,147 - 157 cm,13 - 18g/m2,"3,000m.",2001,4000,M,All_colors,,59,,,,header-parsed,Prima Lace,42,
3488,Prima Lace,255484,,Invisible Tulle Bright,100%PA,152 - 162cm,147 - 157 cm,13 - 18g/m2,"3,000m.",4001,,M,PFE/PFD,,42,,,,header-parsed,Prima Lace,43,
3489,Prima Lace,255484,,Invisible Tulle Bright,100%PA,152 - 162cm,147 - 157 cm,13 - 18g/m2,"3,000m.",4001,,M,All_colors,,57,,,,header-parsed,Prima Lace,43,
3490,Prima Lace,255484,,Invisible Tulle Bright,100%PA,152 - 162cm,147 - 157 cm,13 - 18g/m2,"3,000m.",200,600,M,PFE/PFD,,52,,,,header-parsed,Prima Lace,48,
3491,Prima Lace,255484,,Invisible Tulle Bright,100%PA,152 - 162cm,147 - 157 cm,13 - 18g/m2,"3,000m.",601,2000,M,PFE/PFD,,47,,,,header-parsed,Prima Lace,49,
3492,Prima Lace,255484,,Invisible Tulle Bright,100%PA,152 - 162cm,147 - 157 cm,13 - 18g/m2,"3,000m.",2001,4000,M,PFE/PFD,,44,,,,header-parsed,Prima Lace,50,
3493,Prima Lace,255484,,Invisible Tulle Bright,100%PA,152 - 162cm,147 - 157 cm,13 - 18g/m2,"3,000m.",4001,,M,PFE/PFD,,42,,,,header-parsed,Prima Lace,51,
3494,Prima Lace,255484,,Invisible Tulle Bright,100%PA,152 - 162cm,147 - 157 cm,13 - 18g/m2,"3,000m.",200,600,M,PFE/PFD,,52,,,,header-parsed,Prima Lace,61,
3495,Prima Lace,255484,,Invisible Tulle Bright,100%PA,152 - 162cm,147 - 157 cm,13 - 18g/m2,"3,000m.",200,600,M,All_colors,,64,,,,header-parsed,Prima Lace,61,
3496,Prima Lace,255484,,Invisible Tulle Bright,100%PA,152 - 162cm,147 - 157 cm,13 - 18g/m2,"3,000m.",601,2000,M,PFE/PFD,,47,,,,header-parsed,Prima Lace,62,
3497,Prima Lace,255484,,Invisible Tulle Bright,100%PA,152 - 162cm,147 - 157 cm,13 - 18g/m2,"3,000m.",601,2000,M,All_colors,,59,,,,header-parsed,Prima Lace,62,
3498,Prima Lace,255484,,Invisible Tulle Bright,100%PA,152 - 162cm,147 - 157 cm,13 - 18g/m2,"3,000m.",2001,4000,M,PFE/PFD,,44,,,,header-parsed,Prima Lace,63,
3499,Prima Lace,255484,,Invisible Tulle Bright,100%PA,152 - 162cm,147 - 157 cm,13 - 18g/m2,"3,000m.",2001,4000,M,All_colors,,56,,,,header-parsed,Prima Lace,63,
3500,Prima Lace,255484,,Invisible Tulle Bright,100%PA,152 - 162cm,147 - 157 cm,13 - 18g/m2,"3,000m.",4001,,M,PFE/PFD,,42,,,,header-parsed,Prima Lace,64,
3501,Prima Lace,255484,,Invisible Tulle Bright,100%PA,152 - 162cm,147 - 157 cm,13 - 18g/m2,"3,000m.",4001,,M,All_colors,,54,,,,header-parsed,Prima Lace,64,
3502,PT Busanaremaja ,254824/11,,ELASTIC TULLE PASCAL,"70% PA, 30% ELASTANE",147 - 152 cm.,142 - 147 cm.,50 - 55 g/m2,"3,000m.",200,600,M,All_colors,3.77,,,,,header-parsed,PT Busanaremaja ,11,
3503,PT Busanaremaja ,254824/11,,ELASTIC TULLE PASCAL,"70% PA, 30% ELASTANE",147 - 152 cm.,142 - 147 cm.,50 - 55 g/m2,"3,000m.",601,2000,M,All_colors,3.33,,,,,header-parsed,PT Busanaremaja ,12,
3504,PT Busanaremaja ,254824/11,,ELASTIC TULLE PASCAL,"70% PA, 30% ELASTANE",147 - 152 cm.,142 - 147 cm.,50 - 55 g/m2,"3,000m.",2001,5000,M,All_colors,3.23,,,,,header-parsed,PT Busanaremaja ,13,
3505,PT Indonesia Wacoal ,255004,,ELASTIC EYELET,"83% PES, 17% ELASTANE",145 - 150 cm.,140 - 145 cm.,160 - 170 g/m2,1500m.,200,600,M,All_colors,4.1,,,,,header-parsed,PT Indonesia Wacoal ,4,
3506,PT Indonesia Wacoal ,255004,,ELASTIC EYELET,"83% PES, 17% ELASTANE",145 - 150 cm.,140 - 145 cm.,160 - 170 g/m2,1500m.,601,2000,M,All_colors,3.85,,,,,header-parsed,PT Indonesia Wacoal ,5,
3507,PT Indonesia Wacoal ,255004,,ELASTIC EYELET,"83% PES, 17% ELASTANE",145 - 150 cm.,140 - 145 cm.,160 - 170 g/m2,1500m.,2001,5000,M,All_colors,3.75,,,,,header-parsed,PT Indonesia Wacoal ,6,
3508,PT Indonesia Wacoal ,255004,,ELASTIC EYELET,"83% PES, 17% ELASTANE",145 - 150 cm.,140 - 145 cm.,160 - 170 g/m2,1500m.,2000,,M,PFE/PFD,2.25,,,,,header-parsed,PT Indonesia Wacoal ,14,
3509,Quadrille Nishida,254992,,POWER MESH,"88% PA, 12% ELASTANE",160 - 170 cm.,155 – 165 cm.,85 - 95 g/m2,"3,000m.",200,600,M,PFE/PFD,3.43,,,,,header-parsed,Quadrille Nishida,3,
3510,Quadrille Nishida,254992,,POWER MESH,"88% PA, 12% ELASTANE",160 - 170 cm.,155 – 165 cm.,85 - 95 g/m2,"3,000m.",200,600,M,All_colors,4.4,,,,,header-parsed,Quadrille Nishida,3,
3511,Quadrille Nishida,254992,,POWER MESH,"88% PA, 12% ELASTANE",160 - 170 cm.,155 – 165 cm.,85 - 95 g/m2,"3,000m.",601,2000,M,PFE/PFD,3.1,,,,,header-parsed,Quadrille Nishida,4,
3512,Quadrille Nishida,254992,,POWER MESH,"88% PA, 12% ELASTANE",160 - 170 cm.,155 – 165 cm.,85 - 95 g/m2,"3,000m.",601,2000,M,All_colors,4.07,,,,,header-parsed,Quadrille Nishida,4,
3513,Quadrille Nishida,254992,,POWER MESH,"88% PA, 12% ELASTANE",160 - 170 cm.,155 – 165 cm.,85 - 95 g/m2,"3,000m.",2001,5000,M,PFE/PFD,3.03,,,,,header-parsed,Quadrille Nishida,5,
3514,Quadrille Nishida,254992,,POWER MESH,"88% PA, 12% ELASTANE",160 - 170 cm.,155 – 165 cm.,85 - 95 g/m2,"3,000m.",2001,5000,M,All_colors,3.93,,,,,header-parsed,Quadrille Nishida,5,
3515,Quadrille Nishida,254992,,POWER MESH,"88% PA, 12% ELASTANE",160 - 170 cm.,155 – 165 cm.,85 - 95 g/m2,"10,000m.",200,600,M,PFE/PFD,5.05,,,,,header-parsed,Quadrille Nishida,11,
3516,Quadrille Nishida,254992,,POWER MESH,"88% PA, 12% ELASTANE",160 - 170 cm.,155 – 165 cm.,85 - 95 g/m2,"10,000m.",601,2000,M,PFE/PFD,4.7,,,,,header-parsed,Quadrille Nishida,12,
3517,Quadrille Nishida,254992,,POWER MESH,"88% PA, 12% ELASTANE",160 - 170 cm.,155 – 165 cm.,85 - 95 g/m2,"10,000m.",2001,5000,M,PFE/PFD,4.55,,,,,header-parsed,Quadrille Nishida,13,
3518,Rouge Gorge,254555,,PES TULLE,100%PES,157 - 162 cm.,,30 - 35 g/m2,"3,000m.",200,600,M,All_colors,2.83,,,,,header-parsed,Rouge Gorge,7,
3519,Rouge Gorge,254555,,PES TULLE,100%PES,157 - 162 cm.,,30 - 35 g/m2,"3,000m.",601,2000,M,All_colors,2.4,,,,,header-parsed,Rouge Gorge,8,
3520,Rouge Gorge,254555,,PES TULLE,100%PES,157 - 162 cm.,,30 - 35 g/m2,"3,000m.",2001,5000,M,All_colors,2.2,,,,,header-parsed,Rouge Gorge,9,
3521,Rouge Gorge,254553,,PA TULLE,100%PA,145 - 150 cm.,,30 - 35 g/m2,"3,000m.",200,600,M,All_colors,2.97,,,,,header-parsed,Rouge Gorge,18,
3522,Rouge Gorge,254553,,PA TULLE,100%PA,145 - 150 cm.,,30 - 35 g/m2,"3,000m.",601,2000,M,All_colors,2.47,,,,,header-parsed,Rouge Gorge,19,
3523,Rouge Gorge,254553,,PA TULLE,100%PA,145 - 150 cm.,,30 - 35 g/m2,"3,000m.",2001,5000,M,All_colors,2.3,,,,,header-parsed,Rouge Gorge,20,
3524,ROYAL U,254555,,PES TULLE,100%PES,157 - 162 cm.,152 - 157 cm.,30 - 35 g/m2,,200,599,M,All_colors,,64,,,,header-parsed,ROYAL U,35,
3525,ROYAL U,254555,,PES TULLE,100%PES,157 - 162 cm.,152 - 157 cm.,30 - 35 g/m2,,600,,M,All_colors,,59,,,,header-parsed,ROYAL U,36,
3526,ROYAL U,254555,,PES TULLE,100%PES,157 - 162 cm.,152 - 157 cm.,30 - 35 g/m2,,255560,,M,All_colors,,600,,,,header-parsed,ROYAL U,74,
3527,ROYAL U,254555,,PES TULLE,100%PES,157 - 162 cm.,152 - 157 cm.,30 - 35 g/m2,,255484,,M,All_colors,,600,,,,header-parsed,ROYAL U,78,
3528,ROYAL U,254555,,PES TULLE,100%PES,157 - 162 cm.,152 - 157 cm.,30 - 35 g/m2,,255576,,M,All_colors,,600,,,,header-parsed,ROYAL U,79,
3529,ROYAL U,254555,,PES TULLE,100%PES,157 - 162 cm.,152 - 157 cm.,30 - 35 g/m2,,255557,,M,All_colors,,1000,,,,header-parsed,ROYAL U,80,
3530,ROYAL U,254555,,PES TULLE,100%PES,157 - 162 cm.,152 - 157 cm.,30 - 35 g/m2,,255544,,M,All_colors,,600,,,,header-parsed,ROYAL U,81,
3531,ROYAL U,254723,,PES TULLE TORINO 35,100% PES,156 - 161 cm.,151 - 156 cm.,17 - 22 g/m2,,3000,,M,All_colors,,35,,,,header-parsed,ROYAL U,88,
3532,ROYAL U,254723,,PES TULLE TORINO 35,100% PES,156 - 161 cm.,151 - 156 cm.,17 - 22 g/m2,,5000,,M,All_colors,,33,,,,header-parsed,ROYAL U,89,
3533,ROYAL U,254555,,PES TULLE,100%PES,157 - 162 cm.,152 - 157 cm.,30 - 35 g/m2,,200,599,M,All_colors,,64,,,,header-parsed,ROYAL U,96,
3534,ROYAL U,254555,,PES TULLE,100%PES,157 - 162 cm.,152 - 157 cm.,30 - 35 g/m2,,600,,M,All_colors,,59,,,,header-parsed,ROYAL U,97,
3535,K.S. (Samy),254555,,PES TULLE TM,100%PES,157-162 CM.,152-157 CM,30-35 G/M2,,600,,M,PFE/PFD,,49,,,,header-parsed,K.S. (Samy),5,"If the order value is less than 50,000 THB, delivery charges will be excluded."
3536,K.S. (Samy),254555,,PES TULLE TM,100%PES,157-162 CM.,152-157 CM,30-35 G/M2,,2000,,M,PFE/PFD,,40,,,,header-parsed,K.S. (Samy),6,"If the order value is less than 50,000 THB, delivery charges will be excluded."
3537,K.S. (Samy),254555,,PES TULLE TM,100%PES,157-162 CM.,152-157 CM,30-35 G/M2,,5000,,M,PFE/PFD,,36,,,,header-parsed,K.S. (Samy),7,"If the order value is less than 50,000 THB, delivery charges will be excluded."
3538,Scavi,255703AA/11,,PYRITE TM Soft,"76% Nylon, 24% Spandex",155 - 165 cm.,150 - 160 cm.,118 - 132 g/m2,,200,350,M,All_colors,5.2,,,,,header-parsed,Scavi,9,
3539,Scavi,255703AA/11,,PYRITE TM Soft,"76% Nylon, 24% Spandex",155 - 165 cm.,150 - 160 cm.,118 - 132 g/m2,,351,999,M,All_colors,4.75,,,,,header-parsed,Scavi,10,
3540,Scavi,255703AA/11,,PYRITE TM Soft,"76% Nylon, 24% Spandex",155 - 165 cm.,150 - 160 cm.,118 - 132 g/m2,,1000,3000,M,All_colors,4.6,,,,,header-parsed,Scavi,11,
3541,special price for EMB customer,255699AA,,PORTO INVISIBLE TM EMB,100% PES,152 - 162 cm.,147 - 157 cm.,15 - 20 g/m2,3000 m,200,599,M,PFD,2.15,,,,,header-parsed,special price for EMB customer,3,
3542,special price for EMB customer,255699AA,,PORTO INVISIBLE TM EMB,100% PES,152 - 162 cm.,147 - 157 cm.,15 - 20 g/m2,3000 m,600,2000,M,PFD,2,,,,,header-parsed,special price for EMB customer,4,
3543,special price for EMB customer,255699AA,,PORTO INVISIBLE TM EMB,100% PES,152 - 162 cm.,147 - 157 cm.,15 - 20 g/m2,3000 m,2001,4999,M,PFD,1.8,,,,,header-parsed,special price for EMB customer,5,
3544,special price for EMB customer,255699AA,,PORTO INVISIBLE TM EMB,100% PES,152 - 162 cm.,147 - 157 cm.,15 - 20 g/m2,3000 m,5000,,M,PFD,1.75,,,,,header-parsed,special price for EMB customer,6,
3545,special price for EMB customer,255699AA,,PORTO INVISIBLE TM EMB,100% PES,152 - 162 cm.,147 - 157 cm.,15 - 20 g/m2,3000 m,10000,,M,PFD,1.65,,,,,header-parsed,special price for EMB customer,7,
3546,Savage,255484,,Invisible Tulle Bright,100%PA,,147 - 157 cm,13 – 18 g/m2,"3,000m.",200,600,M,All_colors,2.78,,,,,header-parsed,Savage,9,
3547,Savage,255484,,Invisible Tulle Bright,100%PA,,147 - 157 cm,13 – 18 g/m2,"3,000m.",601,2000,M,All_colors,2.32,,,,,header-parsed,Savage,10,
3548,Savage,255484,,Invisible Tulle Bright,100%PA,,147 - 157 cm,13 – 18 g/m2,"3,000m.",2001,5000,M,All_colors,2,,,,,header-parsed,Savage,11,
3549,Savage,255484,,Invisible Tulle Bright,100%PA,,147 - 157 cm,13 – 18 g/m2,"3,000m.",200,600,M,All_colors,2.88,,,,,header-parsed,Savage,15,
3550,Savage,255484,,Invisible Tulle Bright,100%PA,,147 - 157 cm,13 – 18 g/m2,"3,000m.",601,2000,M,All_colors,2.42,,,,,header-parsed,Savage,16,
3551,Savage,255484,,Invisible Tulle Bright,100%PA,,147 - 157 cm,13 – 18 g/m2,"3,000m.",2001,4999,M,All_colors,2.1,,,,,header-parsed,Savage,17,
3552,Savage,255048AA/11,,PES TULLE INVISIBLE,100% PES,,165 - 170 cm.,18 - 23 g/m2,"3,000m.",170,399,M,All_colors,2.75,,,,,header-parsed,Savage,22,
3553,Savage,255048AA/11,,PES TULLE INVISIBLE,100% PES,,165 - 170 cm.,18 - 23 g/m2,"3,000m.",400,599,M,All_colors,2.5,,,,,header-parsed,Savage,23,
3554,Savage,255048AA/11,,PES TULLE INVISIBLE,100% PES,,165 - 170 cm.,18 - 23 g/m2,"3,000m.",600,2000,M,All_colors,2.05,,,,,header-parsed,Savage,24,
3555,Savage,255048AA/11,,PES TULLE INVISIBLE,100% PES,,165 - 170 cm.,18 - 23 g/m2,"3,000m.",2001,5000,M,All_colors,1.85,,,,,header-parsed,Savage,25,
3556,Savage,255484,,Invisible Tulle Bright,100%PA,,147 - 157 cm,13 – 18 g/m2,"3,000m.",200,600,M,All_colors,2.73,,,,,header-parsed,Savage,61,
3557,Savage,255484,,Invisible Tulle Bright,100%PA,,147 - 157 cm,13 – 18 g/m2,"3,000m.",601,2000,M,All_colors,2.27,,,,,header-parsed,Savage,62,
3558,Savage,255484,,Invisible Tulle Bright,100%PA,,147 - 157 cm,13 – 18 g/m2,"3,000m.",2001,5000,M,All_colors,1.95,,,,,header-parsed,Savage,63,
3559,Savage,255484,,Invisible Tulle Bright,100%PA,,147 - 157 cm,13 – 18 g/m2,"3,000m.",200,600,M,All_colors,2.83,,,,,header-parsed,Savage,67,
3560,Savage,255484,,Invisible Tulle Bright,100%PA,,147 - 157 cm,13 – 18 g/m2,"3,000m.",601,2000,M,All_colors,2.37,,,,,header-parsed,Savage,68,
3561,Savage,255484,,Invisible Tulle Bright,100%PA,,147 - 157 cm,13 – 18 g/m2,"3,000m.",2001,4999,M,All_colors,2.05,,,,,header-parsed,Savage,69,
3562,Savage,255484,,100%PA,147 - 157 cm,,13 – 18 g/m2,2.35,"3,000m.",200,600,M,All_colors,2.45,,,,,header-parsed,Savage,112,
3563,Savage,255484,,100%PA,147 - 157 cm,,13 – 18 g/m2,2.35,"3,000m.",601,2000,M,All_colors,2.05,,,,,header-parsed,Savage,113,
3564,Savage,255484,,100%PA,147 - 157 cm,,13 – 18 g/m2,2.35,"3,000m.",2001,5000,M,All_colors,1.95,,,,,header-parsed,Savage,114,
3565,Savage,255484,,100%PA,147 - 157 cm,,13 – 18 g/m2,2.35,"3,000m.",200,600,M,All_colors,2.6,,,,,header-parsed,Savage,119,
3566,Savage,255484,,100%PA,147 - 157 cm,,13 – 18 g/m2,2.35,"3,000m.",601,2000,M,All_colors,2.2,,,,,header-parsed,Savage,120,
3567,Savage,255484,,100%PA,147 - 157 cm,,13 – 18 g/m2,2.35,"3,000m.",2001,4999,M,All_colors,2.1,,,,,header-parsed,Savage,121,
3568,Savage,257207BA/67,,"68%PA, 32% Elastane",165-175 cm,,170-180 cm,75-85,"3,500Y.",500,,M,All_colors,4.31,,,,,header-parsed,Savage,126,
3569,Savage,257207BA/67,,"68%PA, 32% Elastane",165-175 cm,,170-180 cm,75-85,,275,,M,All_colors,5.17,,,,,header-parsed,Savage,127,
3570,Savage,257207BA/67,,"68%PA, 32% Elastane",165-175 cm,,170-180 cm,75-85,"3,500Y.",550,,M,All_colors,3.95,,,,,header-parsed,Savage,131,
3571,Savage,257207BA/67,,"68%PA, 32% Elastane",165-175 cm,,170-180 cm,75-85,,300,,M,All_colors,4.74,,,,,header-parsed,Savage,132,
3572,Triumph art. 254746,254746,,Elastic Tulle Rondo,"91% PA,9% PUE",,ca 145/150 cm.,38-43g/m2,,200,700,M,All_colors,5.7,,,,,header-parsed,Triumph art. 254746,33,
3573,Triumph art. 254746,254746,,Elastic Tulle Rondo,"91% PA,9% PUE",,ca 145/150 cm.,38-43g/m2,,701,2500,M,All_colors,5.47,,,,,header-parsed,Triumph art. 254746,34,
3574,Triumph art. 254746,254746,,Elastic Tulle Rondo,"91% PA,9% PUE",,ca 145/150 cm.,38-43g/m2,,200,700,M,All_colors,5.83,,,,,header-parsed,Triumph art. 254746,44,
3575,Triumph art. 254746,254746,,Elastic Tulle Rondo,"91% PA,9% PUE",,ca 145/150 cm.,38-43g/m2,,701,2500,M,All_colors,5.6,,,,,header-parsed,Triumph art. 254746,45,
3576,Triumph 254804,254804,,PA Power Net Elastic Tuell,"86 % PA,14 % PU",,ca 140-145 cm.,40-50 g/m2,,200,700,M,All_colors,3.3,,,,,header-parsed,Triumph 254804,33,
3577,Triumph 254804,254804,,PA Power Net Elastic Tuell,"86 % PA,14 % PU",,ca 140-145 cm.,40-50 g/m2,,701,2500,M,All_colors,3,,,,,header-parsed,Triumph 254804,34,
3578,Triumph 254804,254804,,PA Power Net Elastic Tuell,"86 % PA,14 % PU",,ca 140-145 cm.,40-50 g/m2,,200,700,M,All_colors,3.43,,,,,header-parsed,Triumph 254804,43,
3579,Triumph 254804,254804,,PA Power Net Elastic Tuell,"86 % PA,14 % PU",,ca 140-145 cm.,40-50 g/m2,,701,2500,M,All_colors,3.13,,,,,header-parsed,Triumph 254804,44,
3580,Triumph art. 255484AA.11,255484AA/11,,Invisible Tulle Bright,100%PA,152 - 162cm,147 - 157 cm,13 - 18g/m2,No MOQ for greige,200,600,M,PFE/PFD,2.16,,,,,header-parsed,Triumph art. 255484AA.11,5,
3581,Triumph art. 255484AA.11,255484AA/11,,Invisible Tulle Bright,100%PA,152 - 162cm,147 - 157 cm,13 - 18g/m2,No MOQ for greige,200,600,M,All_colors,2.78,,,,,header-parsed,Triumph art. 255484AA.11,5,
3582,Triumph art. 255484AA.11,255484AA/11,,Invisible Tulle Bright,100%PA,152 - 162cm,147 - 157 cm,13 - 18g/m2,No MOQ for greige,601,2000,M,PFE/PFD,1.82,,,,,header-parsed,Triumph art. 255484AA.11,6,
3583,Triumph art. 255484AA.11,255484AA/11,,Invisible Tulle Bright,100%PA,152 - 162cm,147 - 157 cm,13 - 18g/m2,No MOQ for greige,601,2000,M,All_colors,2.32,,,,,header-parsed,Triumph art. 255484AA.11,6,
3584,Triumph art. 255484AA.11,255484AA/11,,Invisible Tulle Bright,100%PA,152 - 162cm,147 - 157 cm,13 - 18g/m2,No MOQ for greige,2001,5000,M,PFE/PFD,1.7,,,,,header-parsed,Triumph art. 255484AA.11,7,
3585,Triumph art. 255484AA.11,255484AA/11,,Invisible Tulle Bright,100%PA,152 - 162cm,147 - 157 cm,13 - 18g/m2,No MOQ for greige,2001,5000,M,All_colors,2.07,,,,,header-parsed,Triumph art. 255484AA.11,7,
3586,Triumph Hong Kong 257138AA23,257138AA/23,,CRYSTAL WATCH 01 TM MAS,"72% POLYAMIDE BR, 28% SPANDEX",185 CM,,60 G/M2,,1,,M,All_colors,3.3,,,,,header-parsed,Triumph Hong Kong 257138AA23,5,
3587,Union,254588,,PES TULLE ALPHA,100% PES,148 - 153 cm.,143 - 148 cm.,20 - 25 g/m2,"3,000m.",200,600,M,PFE/PFD,1.83,,,,,header-parsed,Union,8,
3588,Union,254588,,PES TULLE ALPHA,100% PES,148 - 153 cm.,143 - 148 cm.,20 - 25 g/m2,"3,000m.",601,2000,M,PFE/PFD,1.5,,,,,header-parsed,Union,9,
3589,Union,254588,,PES TULLE ALPHA,100% PES,148 - 153 cm.,143 - 148 cm.,20 - 25 g/m2,"3,000m.",2001,5000,M,PFE/PFD,1.43,,,,,header-parsed,Union,10,
3590,Union,254824,,ELASTIC TULLE PASCAL,"70% PA, 30% ELASTANE",147 - 152 cm.,142 - 147 cm.,50 - 55 g/m2,"3,000m.",200,600,M,PFE/PFD,3.17,,,,,header-parsed,Union,14,
3591,Union,254824,,ELASTIC TULLE PASCAL,"70% PA, 30% ELASTANE",147 - 152 cm.,142 - 147 cm.,50 - 55 g/m2,"3,000m.",601,2000,M,PFE/PFD,2.83,,,,,header-parsed,Union,15,
3592,Union,254824,,ELASTIC TULLE PASCAL,"70% PA, 30% ELASTANE",147 - 152 cm.,142 - 147 cm.,50 - 55 g/m2,"3,000m.",2001,5000,M,PFE/PFD,2.77,,,,,header-parsed,Union,16,
3593,Union,255484,,Invisible Tulle Bright,100%PA,152 - 162cm,147 - 157 cm,13 - 18g/m2,"3,000m.",200,600,M,PFE/PFD,2.11,,,,,header-parsed,Union,20,
3594,Union,255484,,Invisible Tulle Bright,100%PA,152 - 162cm,147 - 157 cm,13 - 18g/m2,"3,000m.",601,2000,M,PFE/PFD,1.77,,,,,header-parsed,Union,21,
3595,Union,255484,,Invisible Tulle Bright,100%PA,152 - 162cm,147 - 157 cm,13 - 18g/m2,"3,000m.",2001,5000,M,PFE/PFD,1.7,,,,,header-parsed,Union,22,
3596,Union,255730,,RECYCLE PES TULLE TM EMB,100% Recycle PES,150 - 160 cm.,145 - 155 cm.,30 -35 g/m2,"3,000m.",200,600,M,PFE/PFD,1.65,,,,,header-parsed,Union,26,
3597,Union,255730,,RECYCLE PES TULLE TM EMB,100% Recycle PES,150 - 160 cm.,145 - 155 cm.,30 -35 g/m2,"3,000m.",601,2000,M,PFE/PFD,1.45,,,,,header-parsed,Union,27,
3598,Union,255730,,RECYCLE PES TULLE TM EMB,100% Recycle PES,150 - 160 cm.,145 - 155 cm.,30 -35 g/m2,"3,000m.",2001,4999,M,PFE/PFD,1.35,,,,,header-parsed,Union,28,
3599,Union,255730,,RECYCLE PES TULLE TM EMB,100% Recycle PES,150 - 160 cm.,145 - 155 cm.,30 -35 g/m2,"3,000m.",5000,9999,M,PFE/PFD,1.25,,,,,header-parsed,Union,29,
3600,Union,255730,,RECYCLE PES TULLE TM EMB,100% Recycle PES,150 - 160 cm.,145 - 155 cm.,30 -35 g/m2,"3,000m.",10000,,M,PFE/PFD,1.2,,,,,header-parsed,Union,30,
3601,Union,257002AA/11,,"72% PA, 28% ELASTANE",155 - 165 cm.,150 - 160 cm.,48 - 52 g/m2,2.2,"3,000m.",200,600,M,PFE/PFD,3.05,,,,,header-parsed,Union,86,
3602,Union,257002AA/11,,"72% PA, 28% ELASTANE",155 - 165 cm.,150 - 160 cm.,48 - 52 g/m2,2.2,"3,000m.",601,2000,M,PFE/PFD,2.65,,,,,header-parsed,Union,87,
3603,Union,257002AA/11,,"72% PA, 28% ELASTANE",155 - 165 cm.,150 - 160 cm.,48 - 52 g/m2,2.2,"3,000m.",2001,5000,M,PFE/PFD,2.55,,,,,header-parsed,Union,88,
3604,Union,257003AA/78,,"72% PA, 28% ELASTANE",155 - 165 cm.,150 - 160 cm.,48 - 52 g/m2,2.2,"3,000m.",200,600,M,PFE/PFD,3.05,,,,,header-parsed,Union,90,
3605,Union,257003AA/78,,"72% PA, 28% ELASTANE",155 - 165 cm.,150 - 160 cm.,48 - 52 g/m2,2.2,"3,000m.",601,2000,M,PFE/PFD,2.65,,,,,header-parsed,Union,91,
3606,Union,257003AA/78,,"72% PA, 28% ELASTANE",155 - 165 cm.,150 - 160 cm.,48 - 52 g/m2,2.2,"3,000m.",2001,5000,M,PFE/PFD,2.55,,,,,header-parsed,Union,92,
3607,Union,254580,,100%PA,150-155 cm.,145 - 150 cm.,30 - 35 g/m2,1.7,"3,000m.",200,600,M,PFE/PFD,2.45,,,,,header-parsed,Union,112,
3608,Union,254580,,100%PA,150-155 cm.,145 - 150 cm.,30 - 35 g/m2,1.7,"3,000m.",601,2000,M,PFE/PFD,2.15,,,,,header-parsed,Union,113,
3609,Union,254580,,100%PA,150-155 cm.,145 - 150 cm.,30 - 35 g/m2,1.7,"3,000m.",2001,5000,M,PFE/PFD,2.05,,,,,header-parsed,Union,114,
3610,Union,255612,,100% PES,130-140 cm.,125-135 cm.,45- 50 g/m2,1.75,"3,000m.",200,600,M,PFE/PFD,2.3,,,,,header-parsed,Union,123,
3611,Union,255612,,100% PES,130-140 cm.,125-135 cm.,45- 50 g/m2,1.75,"3,000m.",601,2000,M,PFE/PFD,1.99,,,,,header-parsed,Union,124,
3612,Union,255612,,100% PES,130-140 cm.,125-135 cm.,45- 50 g/m2,1.75,"3,000m.",2001,5000,M,PFE/PFD,1.9,,,,,header-parsed,Union,125,
3613,Union,254824AB/14,,ELASTIC TULLE PASCAL CFE TM EMB 4824AB,"70% PA, 30% ELASTANE",147 - 152 cm.,143 - 148 cm.,47 - 52 g/m2,"3,000m.",200,600,M,PFE/PFD,3.77,,,,,header-parsed,Union,247,
3614,Union,254824AB/14,,ELASTIC TULLE PASCAL CFE TM EMB 4824AB,"70% PA, 30% ELASTANE",147 - 152 cm.,143 - 148 cm.,47 - 52 g/m2,"3,000m.",601,2000,M,PFE/PFD,3.33,,,,,header-parsed,Union,248,
3615,Union,254824AB/14,,ELASTIC TULLE PASCAL CFE TM EMB 4824AB,"70% PA, 30% ELASTANE",147 - 152 cm.,143 - 148 cm.,47 - 52 g/m2,"3,000m.",2001,5000,M,PFE/PFD,3.23,,,,,header-parsed,Union,249,
3616,Union,254824,,"70% PA, 30% ELASTANE",147 - 152 cm.,142 - 147 cm.,50 - 55 g/m2,3.17,"3,000m.",200,600,M,PFE/PFD,3.77,,,,,header-parsed,Union,254,
3617,Union,254824,,"70% PA, 30% ELASTANE",147 - 152 cm.,142 - 147 cm.,50 - 55 g/m2,3.17,"3,000m.",601,2000,M,PFE/PFD,3.33,,,,,header-parsed,Union,255,
3618,Union,254824,,"70% PA, 30% ELASTANE",147 - 152 cm.,142 - 147 cm.,50 - 55 g/m2,3.17,"3,000m.",2001,5000,M,PFE/PFD,3.23,,,,,header-parsed,Union,256,
3619,Union,254824,,"70% PA, 30% ELASTANE",147 - 152 cm.,142 - 147 cm.,50 - 55 g/m2,3.17,"3,000m.",3000,,M,PFE/PFD,2.11,,,,,header-parsed,Union,261,
3620,Union,255776,,100% PES,155 - 165 cm.,150 - 160 cm.,20 - 25 g/m2,2.2,"3,000m.",200,600,M,PFE/PFD,3.03,,,,,header-parsed,Union,275,
3621,Union,255776,,100% PES,155 - 165 cm.,150 - 160 cm.,20 - 25 g/m2,2.2,"3,000m.",601,2000,M,PFE/PFD,2.53,,,,,header-parsed,Union,276,
3622,Union,255776,,100% PES,155 - 165 cm.,150 - 160 cm.,20 - 25 g/m2,2.2,"3,000m.",2001,5000,M,PFE/PFD,2.2,,,,,header-parsed,Union,277,
3623,Union,255777,,"76% PES, 24% CO",142 - 152 cm.,137 - 147 cm.,40 - 45 g/m2,3.63,"3,000m.",200,600,M,PFE/PFD,4.53,,,,,header-parsed,Union,279,
3624,Union,255777,,"76% PES, 24% CO",142 - 152 cm.,137 - 147 cm.,40 - 45 g/m2,3.63,"3,000m.",601,2000,M,PFE/PFD,4.2,,,,,header-parsed,Union,280,
3625,Union,255777,,"76% PES, 24% CO",142 - 152 cm.,137 - 147 cm.,40 - 45 g/m2,3.63,"3,000m.",2001,5000,M,PFE/PFD,4,,,,,header-parsed,Union,281,
3626,Union,255827,,"70% PA, 30% ELASTANE",148 - 158 cm.,143 - 153 cm.,45 - 50 g/m2,2.45,"3,000m.",200,599,M,PFE/PFD,3.5,,,,,header-parsed,Union,283,
3627,Union,255827,,"70% PA, 30% ELASTANE",148 - 158 cm.,143 - 153 cm.,45 - 50 g/m2,2.45,"3,000m.",600,1999,M,PFE/PFD,3.2,,,,,header-parsed,Union,284,
3628,Union,255827,,"70% PA, 30% ELASTANE",148 - 158 cm.,143 - 153 cm.,45 - 50 g/m2,2.45,"3,000m.",2000,,M,PFE/PFD,3.05,,,,,header-parsed,Union,285,
3629,Union,255828,,100% PA,150 - 160 cm.,145 - 155 cm.,30 - 35 g/m2,1.9,"3,000m.",200,600,M,PFE/PFD,3.05,,,,,header-parsed,Union,287,
3630,Union,255828,,100% PA,150 - 160 cm.,145 - 155 cm.,30 - 35 g/m2,1.9,"3,000m.",601,2000,M,PFE/PFD,2.35,,,,,header-parsed,Union,288,
3631,Union,255828,,100% PA,150 - 160 cm.,145 - 155 cm.,30 - 35 g/m2,1.9,"3,000m.",2001,5000,M,PFE/PFD,2.3,,,,,header-parsed,Union,289,
3632,Wacoal America,254824BA/14,,ELASTIC TULLE PASCAL CFE TM EMB,"70% PA, 30% ELASTANE",147 - 152,142 - 147 cm.,50 - 55 g/m2,"3,000m.",200,600,M,PFE/PFD,2.89,,,,,header-parsed,Wacoal America,4,
3633,Wacoal America,254824BA/14,,ELASTIC TULLE PASCAL CFE TM EMB,"70% PA, 30% ELASTANE",147 - 152,142 - 147 cm.,50 - 55 g/m2,"3,000m.",200,600,M,All_colors,3.44,,,,,header-parsed,Wacoal America,4,
3634,Wacoal America,254824BA/14,,ELASTIC TULLE PASCAL CFE TM EMB,"70% PA, 30% ELASTANE",147 - 152,142 - 147 cm.,50 - 55 g/m2,"3,000m.",601,2000,M,PFE/PFD,2.58,,,,,header-parsed,Wacoal America,5,
3635,Wacoal America,254824BA/14,,ELASTIC TULLE PASCAL CFE TM EMB,"70% PA, 30% ELASTANE",147 - 152,142 - 147 cm.,50 - 55 g/m2,"3,000m.",601,2000,M,All_colors,3.04,,,,,header-parsed,Wacoal America,5,
3636,Wacoal America,254824BA/14,,ELASTIC TULLE PASCAL CFE TM EMB,"70% PA, 30% ELASTANE",147 - 152,142 - 147 cm.,50 - 55 g/m2,"3,000m.",2001,5000,M,PFE/PFD,2.53,,,,,header-parsed,Wacoal America,6,
3637,Wacoal America,254824BA/14,,ELASTIC TULLE PASCAL CFE TM EMB,"70% PA, 30% ELASTANE",147 - 152,142 - 147 cm.,50 - 55 g/m2,"3,000m.",2001,5000,M,All_colors,2.95,,,,,header-parsed,Wacoal America,6,
3638,YEH Pattana,255153,,PA ELASTIC CLEANCUT,"75 % PA, 25% ELASTANE",145 - 155 cm.,140 - 150 cm.,134 - 148 g/m2,"3,000m.",500,,M,All_colors,,155,,,,header-parsed,YEH Pattana,22,
3639,YEH Pattana,255156,,PA ELASTIC CLEANCUT,"65 % PA, 35% ELASTANE",170 - 175 cm.,165 - 170 cm.,177 - 182 g/m2,"3,000m.",500,,M,All_colors,,208,,,,header-parsed,YEH Pattana,23,
