source_sheet,source_row,reason,col_A,col_B,col_C,col_D,col_E,col_F,col_G,col_H,col_I,col_J,col_K,col_L,col_M,col_N
Asia Creative,6,no-header-detected,255703AA/11,"76% PA , 24% Elastane",155-165,150-160,115-125,3000,500,4.2,,,,,,
Asia Creative,7,no-header-detected,255740AA/25,"75% PA, 25% Elastane",116-124,111-119,218-242,3000,500,4.35,,,,,,
Asia Creative,8,no-header-detected,255156,"65% PA , 35% Elastane",165-175,160-170,175-195,3000,500,5.4,,,,,,
Asia Creative,9,no-header-detected,255679AA/11,"75% PA, 25% Elastane",165-175,160-170,195-215,3000,500,6.55,,,,,,
Asia Creative,10,no-header-detected,257091AA/11,"60% Recycled PA, 40% Elastane",175-185,170-180,110-123,3000,500,5.5,,,,,,
Asia Creative,11,no-header-detected,255780AA/11,"74% PA , 26% Elastane",205-215,200-205,223-282,3000,500,9.6,,,,,,
Biga Thailand ,7,no-header-detected,45608,200 kgs,200-599 m.,257243AA,"80% PA,",33 - 37,165 - 175,160 - 170,16,990,,87,,108
Biga Thailand ,8,no-header-detected,45608,,"600 - 1,999 m.",257243AA,20% METALLISSED PES (LUREX),,,,,,,79,,96
Biga Thailand ,9,no-header-detected,45608,,"2,000 - 4,999 m.",257243AA,,,,,,,,72,,93
Biga Thailand ,10,no-header-detected,45608,,"5,000 m. +",257243AA,,,,,,,,69,,89
Biga Thailand ,11,no-header-detected,45079,150 kgs.,,257135AA/11,,,,,21,890.-/kg.,,,,
Biga Thailand ,12,no-header-detected,44994,600 kgs.,,257094AA/14,,,,,yield approx 7.39/kg.,300 bht/kg,,,,
Biga Thailand ,13,no-header-detected,45134,600 kgs.,,257094AA/14,,,,,,335.-/kg.,,,,
Biga Thailand ,14,no-header-detected,45134,,200 - 499 m.,257094AA/14,,,,,,,,87,,108
Biga Thailand ,15,no-header-detected,45134,,"500 - 1,999 m.",257094AA/14,,,,,,,,73,,95
Biga Thailand ,16,no-header-detected,45134,,"2,000 m. +",257094AA/14,,,,,,,,67,,91
Biga Thailand ,17,no-header-detected,45373,,,257094AA/11,,,,,,,,,,92
Biga Thailand ,19,no-header-detected,09.09.20,"3,000 m.",200 - 600 m.,255840CA,,,,,,,,49,,63
Biga Thailand ,20,no-header-detected,07.09.20,"3,000 m.",200 - 600 m.,255840BA,,,,,,570,,45,,58
Biga Thailand ,21,no-header-detected,23.03.21,200 kg. +,-,255840BA,,,,,,610 thb/kg,-,-,-,-
Biga Thailand ,51,no-header-detected,45414,"3,000 m.",200-599m.,255691BA,,,,,,,,76,,105
Biga Thailand ,52,no-header-detected,45414,,"600-2,000m.",255691BA,,,,,,,,73,,91
Biga Thailand ,53,no-header-detected,45414,,"2,001m.+",255691BA,,,,,,,,69,,85
Biga Thailand ,54,no-header-detected,44869,,,255621AB/11,,,,,,,,,,98
Biga Thailand ,57,no-header-detected,45414,200 kgs,,255560AB,,,,,,425 bht/kg,,,,
Biga Thailand ,58,no-header-detected,45414,500 kgs,,255560AB,,,,,,405 bht/kg,,,,
Biga Thailand ,59,no-header-detected,45414,1000 kgs,,255560AB,,,,,,385 bht/kg,,,,
Biga Thailand ,65,no-header-detected,44958,"MOQ 2,000 m.",200 - 600 m.,255350AA,,,,,,,,,,230
Biga Thailand ,66,no-header-detected,44958,,"601 - 2,000 m.",255350AA,,,,,,,,,,200
Biga Thailand ,67,no-header-detected,44958,,"2,001 m. +",255350AA,,,,,,,,,,190
Biga Thailand ,72,no-header-detected,45351,kgs.,,255017AA/11,"81% PES, 19% ELASTANE",64 - 71,145 - 155,140 - 150,,,,,,
Biga Thailand ,79,no-header-detected,45539,,,257206,100% PA,38 - 41,145 - 155,140 - 150,,,,,,
Biga Thailand ,80,no-header-detected,45134,250 kgs.,,257182,,,,,,535.-/kg,,,,
Biga Thailand ,81,no-header-detected,45134,"3,000 m.",200 - 599 m.,257182,,,,,,,,76,,91
Biga Thailand ,82,no-header-detected,45134,,"600 - 1,999 m.",257182,,,,,,,,67,,76
Biga Thailand ,83,no-header-detected,45134,,"2,000 - 4,999 m.",257182,,,,,,,,57,,73
Biga Thailand ,84,no-header-detected,45134,,"5,000 m. +",257182,,,,,,,,53,,71
Biga Thailand ,85,no-header-detected,45134,,,257162,,,,,7.8,840.-/kg.,,,,
Biga Thailand ,86,no-header-detected,45134,"3,000 m.",200 - 499 m.,257162,,,,,,,,169,,195
Biga Thailand ,87,no-header-detected,45134,,"500 - 1,999 m.",257162,,,,,,,,147,,168
Biga Thailand ,88,no-header-detected,45134,,"2,000 m. +",257162,,,,,,,,140,,160
Biga Thailand ,89,no-header-detected,45328,800 kgs.,,257154,"74% PA, 26% ELASTANE",152 - 168,150 -160,145 - 155,,THB 415/KG,,,,
Biga Thailand ,90,no-header-detected,45138,150 kgs.,,257144,,,,,,515.-/kg.,,,,
Biga Thailand ,91,no-header-detected,45138,"3,000 m.",200 - 599 m.,257144,,,,,,,,55,,78
Biga Thailand ,92,no-header-detected,45138,,"600 - 1,999 m.",257144,,,,,,,,47,,68
Biga Thailand ,93,no-header-detected,45138,,"2,000 m. +",257144,,,,,,,,45,,65
Biga Thailand ,94,no-header-detected,45134,,,257143,,,,,20,525.-/kg.,,,,
Biga Thailand ,95,no-header-detected,45134,"3,000 m.",200 - 599 m.,257143,,,,,,,,50,,68
Biga Thailand ,96,no-header-detected,45134,,"600 - 1,999 m.",257143,,,,,,,,43,,59
Biga Thailand ,97,no-header-detected,45134,,"2,000 m.+",257143,,,,,,,,41,,56
Biga Thailand ,98,no-header-detected,45134,,500 m. +,257140,,,,,,,,115,,130
Biga Thailand ,99,no-header-detected,45134,,,257139,,,,,25,830.-/kg,,,,
Biga Thailand ,100,no-header-detected,45134,"3,000 m.",200 - 599 m.,257139,,,,,,,,56,,72
Biga Thailand ,101,no-header-detected,45134,,"600 - 1,999 m.",257139,,,,,,,,49,,63
Biga Thailand ,102,no-header-detected,45134,,"2,000 -m. +",257139,,,,,,,,46,,60
Biga Thailand ,103,no-header-detected,45373,,,257139,,,,,,,,,,65
Biga Thailand ,104,no-header-detected,45134,600 kgs.,,257133,,,,,5.1,no sale greige,,,,
Biga Thailand ,105,no-header-detected,45134,"3,000 m.","500 - 1,999 m.",257133,,,,,width 190 cm.,,,131,,165
Biga Thailand ,106,no-header-detected,45134,,"2,000 -m. +",257133,,,,,,,,125,,158
Biga Thailand ,107,no-header-detected,45134,,,257131,,,,,,415.-/kg.,,,,
Biga Thailand ,108,no-header-detected,45134,"3,000 m.",200 - 599 m.,257131,,,,,,,,72,,88
Biga Thailand ,109,no-header-detected,45134,,"600 - 1,999 m.",257131,,,,,,,,63,,76
Biga Thailand ,110,no-header-detected,45134,,"2,000 m.+",257131,,,,,,,,57,,70
Biga Thailand ,111,no-header-detected,45491,"3,000 m.",,257131,POWER MESH,40 - 54,170 - 180,165 - 175,,,,48,,
Biga Thailand ,112,no-header-detected,45491,"3,000 m.",600 m.,257131,"89%PA, 11% ELASTANE",,,,,,,,,68
Biga Thailand ,113,no-header-detected,44957,,200 - 600 m.,257128,,,,,,,,,,110
Biga Thailand ,114,no-header-detected,44957,,"601 - 2,000 m.",257128,,,,,,,,,,95
Biga Thailand ,115,no-header-detected,44957,,"2,001 m. +",257128,,,,,,,,,,85
Biga Thailand ,116,no-header-detected,45134,,,257119,,,,,2.9,270.-/kg.,,,,
Biga Thailand ,117,no-header-detected,45134,"3,000 m.",200 - 499 m.,257119,,,,,,,,145,,215
Biga Thailand ,118,no-header-detected,45134,,"500 - 1,999 m.",257119,,,,,,,,122,,180
Biga Thailand ,119,no-header-detected,45134,,"2,000 -m. +",257119,,,,,,,,116,,173
Biga Thailand ,120,no-header-detected,45169,kgs.,,257118,"95% PA, 5% ELASTANE",,,,,,,,,
Biga Thailand ,121,no-header-detected,,m.,,257118,,,,,,,,,,
Biga Thailand ,122,no-header-detected,,,200 - 599 m.,257118,,,,,,,,,,
Biga Thailand ,123,no-header-detected,,,"600 - 1,999 m.",257118,,,,,,,,,,
Biga Thailand ,124,no-header-detected,,,"2,000 m. +",257118,,,,,,,,,,
Biga Thailand ,125,no-header-detected,44957,HIGH MOQ,200 - 600 m.,257116,,,,,,,,,,120
Biga Thailand ,126,no-header-detected,44957,,"601 - 2,000 m.",257116,,,,,,,,,,105
Biga Thailand ,127,no-header-detected,44957,,"2,001 m. +",257116,,,,,,,,,,95
Biga Thailand ,128,no-header-detected,45057,250 kgs.,,257101,,,,,13 m/kg,THB 535.-/ kg,,,,
Biga Thailand ,129,no-header-detected,7.04.22,400 kgs,,257095,(Recycled Tulle : art. 255908),,,,,520 thb/kg.,,,,
Biga Thailand ,130,no-header-detected,45044,,200 - 599 m.,257095,,,,,,,,,,86
Biga Thailand ,131,no-header-detected,45044,,"600 - 1,999 m.",257095,,,,,,,,,,75
Biga Thailand ,132,no-header-detected,45044,,"2,000 m. +",257095,,,,,,,,,,72
Biga Thailand ,133,no-header-detected,45651,"3,000 m.",600 m.,257095,"70% Post-consumer Recycled Polyester, 30% Coventional Elastane",,,,,,,62,,84
Biga Thailand ,134,no-header-detected,44957,,200 - 600 m.,257092,,,,,,,,64,,87
Biga Thailand ,135,no-header-detected,44957,,"601 - 2,000 m.",257092,,,,,,,,56,,76
Biga Thailand ,136,no-header-detected,44957,,"2,001 m. +",257092,,,,,,,,52,,73
Biga Thailand ,137,no-header-detected,44957,,200 - 600 m.,257062,,,,,,THB 855.-/KG,,55,,77
Biga Thailand ,138,no-header-detected,44957,,"601 - 2,000 m.",257062,,,,,,,,48,,67
Biga Thailand ,139,no-header-detected,44957,,"2,001 m. +",257062,,,,,,,,45,,63
Biga Thailand ,140,no-header-detected,19.11.21,"3,000 m.",300 - 649 m.,257043,,,,,,,,87,,102
Biga Thailand ,141,no-header-detected,19.11.21,,"650 - 2,199 m.",257043,,,,,,,,79,,92
Biga Thailand ,142,no-header-detected,19.11.21,,"2,200 m.+",257043,,,,,,,,69,,89
Biga Thailand ,143,no-header-detected,45153,,,257029,,,,,,220 bht/kg,,,,
Biga Thailand ,144,no-header-detected,45650,,,257029,,,,,,205 bht/kg,,,,
Biga Thailand ,145,no-header-detected,45845,3000 KGS,,257029,,,,,,190 bht/kg,,,,
Biga Thailand ,147,no-header-detected,45352,300 kgs,,257017,,,,,9.8,813 bht/kg,,,,
Biga Thailand ,148,no-header-detected,45352,"3,000 m.",,257017,,,,,,,,,,
Biga Thailand ,149,no-header-detected,45352,,200 - 599 m.,257017,,,,,,,,86,,135
Biga Thailand ,150,no-header-detected,45352,,"600 - 1,999 m.",257017,,,,,,,,75,,118
Biga Thailand ,151,no-header-detected,45352,,"2,000 m +",257017,,,,,,,,72,,112
Biga Thailand ,152,no-header-detected,45134,200 - 319 kgs.,,256634,,,,,,385.-/kg,,,,
Biga Thailand ,153,no-header-detected,45134,320 kgs.,,256634,,,,,,350.-/kg,,,,
Biga Thailand ,154,no-header-detected,,,"701-2,500m.",256575,,,,,20,500/kg,,35,,
Biga Thailand ,155,no-header-detected,,,,256575,,,,,20,350/kg,,30,,
Biga Thailand ,156,no-header-detected,44935,"3,000 m.",200 - 600 m.,256575,,,,,,390.-/kg,,46,,
Biga Thailand ,157,no-header-detected,44935,,"601 - 2,000 m.",256575,,,,,,moq 135 kgs,,40,,
Biga Thailand ,158,no-header-detected,44935,,"2,000 m. +",256575,,,,,,,,35,,
Biga Thailand ,159,no-header-detected,45141,,,256575,,,,,,,,,,46
Biga Thailand ,160,no-header-detected,,"50,000m.",,256530,,,,,13,500/kg,,45,,
Biga Thailand ,161,no-header-detected,20.07.17,,600m.,256530,,,,,13,,,60,,
Biga Thailand ,162,no-header-detected,25.06.21,200 kg.,"3,000 m.",256530,,,,,15,500/kg,,40,,x
Biga Thailand ,163,no-header-detected,,200 kg.,"under 3,000 m.",256530,,,,,15,x,x,50,,x
Biga Thailand ,164,no-header-detected,25.06.21,3.000 m.,200-600m.,256530,,,,,15,x,,x,,75
Biga Thailand ,165,no-header-detected,,,"601-2,000m.",256530,,,,,,x,,x,,65
Biga Thailand ,166,no-header-detected,,,"2,001m.+",256530,,,,,,x,,x,,55
Biga Thailand ,167,no-header-detected,45140,200 kgs.,,256530,,,,,15,400.-/kg.,,,,
Biga Thailand ,168,no-header-detected,45140,"3,000 m.",200 - 599 m.,256530,,,,,,,,50,,65
Biga Thailand ,169,no-header-detected,45140,,"600 - 1,999 m.",256530,,,,,,,,42,,55
Biga Thailand ,170,no-header-detected,45140,,"2,000 m. +",256530,,,,,,,,40,,52
Biga Thailand ,171,no-header-detected,45323,200 kgs.,,256530,,,,,15,350.-/kg.,,,,
Biga Thailand ,172,no-header-detected,45323,"3,000 m.",200 - 599 m.,256530,,,,,,,,46,,65
Biga Thailand ,173,no-header-detected,45323,,"600 - 1,999 m.",256530,,,,,,,,40,,55
Biga Thailand ,174,no-header-detected,,,"2,000 m. +",256530,,,,,,,,38,,52
Biga Thailand ,175,no-header-detected,45449,,,256524,,,,,,,,99,,
Biga Thailand ,176,no-header-detected,19.04.21,"5,000 m.",500 m.,255908,,,,,12.33,635thb/kg.,,62,,91
Biga Thailand ,177,no-header-detected,26.11.21,"5,000 m.",500 m.,255908,,,,,12.33,645thb/kg.,,77,,93
Biga Thailand ,178,no-header-detected,45021,"3,000 m.",200- 600 m.,255907,,,,,,,,,,175
Biga Thailand ,179,no-header-detected,45021,,"601 - 2,000 m.",255907,,,,,,,,,,152
Biga Thailand ,180,no-header-detected,45021,,"2,001 - 5,000 m.",255907,,,,,,,,,,145
Biga Thailand ,181,no-header-detected,45036,,,255907,,,,,,,,135,,
Biga Thailand ,182,no-header-detected,44984,,200 - 600 m.,255825,,,,,,,,167,,219
Biga Thailand ,183,no-header-detected,44984,,"601 - 2,000 m.",255825,,,,,,,,145,,190
Biga Thailand ,184,no-header-detected,44984,,"2,001 m. +",255825,,,,,,,,138,,180
Biga Thailand ,185,no-header-detected,45134,,200 - 600 m.,255825,,,,,,,,167,,219
Biga Thailand ,186,no-header-detected,45134,,"601 - 2,000 m.",255825,,,,,,,,145,,190
Biga Thailand ,187,no-header-detected,45134,,"2,001 m. +",255825,,,,,,,,138,,180
Biga Thailand ,188,no-header-detected,45156,350 kgs,,255794,,,,,,450 bht/kg,,,,
Biga Thailand ,189,no-header-detected,,"3,000 m.",200 - 599 m.,255794,,,,,,,,65 bht/m,,
Biga Thailand ,190,no-header-detected,,,"600 - 1,999 m.",255794,,,,,,,,,,
Biga Thailand ,191,no-header-detected,,,"2,000 m. +",255794,,,,,,,,,,
Biga Thailand ,192,no-header-detected,44930,"3,000 m",200 - 600 m.,255785,,,,,,,,83,,96
Biga Thailand ,193,no-header-detected,44930,,"601 - 2,000 m.",255785,,,,,,,,73,,85
Biga Thailand ,194,no-header-detected,44930,,"2,000 m. +",255785,,,,,,,,71,,83
Biga Thailand ,195,no-header-detected,13.07.20,"3,000 m.",500 m.+,255778,,,,,5.72,,,125,,137
Biga Thailand ,196,no-header-detected,28.01.22,"3,000 m.",,255776,,,,,,,,35,,
Biga Thailand ,197,no-header-detected,16.12.19,"3,000 m.",200-600 m.,255769,,,,,,830,,,,82
Biga Thailand ,198,no-header-detected,16.12.19,,"601-2,000 m.",255769,,,,,,,,,,68
Biga Thailand ,199,no-header-detected,16.12.19,,"2,001 m. +",255769,,,,,,,,40,,62
Biga Thailand ,200,no-header-detected,26.08.20,"3,000 m.",200-600 m.,255769,,,,,,830,,50,,65
Biga Thailand ,201,no-header-detected,26.08.20,,"601-2,000 m.",255769,,,,,,,,45,,60
Biga Thailand ,202,no-header-detected,26.08.20,,"2,001 m. +",255769,,,,,,,,40,,50
Biga Thailand ,203,no-header-detected,18.11.21,"3,000 m.",200-600 m.,255769,,,,,,900,,55,,65
Biga Thailand ,204,no-header-detected,,,"601-2,000 m.",255769,,,,,,,,47,,62
Biga Thailand ,205,no-header-detected,,,"2,001 m. +",255769,,,,,,,,40,,50
Biga Thailand ,206,no-header-detected,45037,,,255769,,,,,,765 (B grade),,,,
Biga Thailand ,207,no-header-detected,03.12.19,"3,000 m.",200-499 m,255758,,,,,,265,,,,87
Biga Thailand ,208,no-header-detected,03.12.19,,500-999 m,255758,,,,,,,,,,73
Biga Thailand ,209,no-header-detected,03.12.19,,"1,000-3,000 m",255758,,,,,,,,,,69
Biga Thailand ,210,no-header-detected,45013,"3,000 m.",200- 600 m.,255749,,,,,,,,,,87
Biga Thailand ,211,no-header-detected,45013,,"601 - 2,000 m.",255749,,,,,,,,,,76
Biga Thailand ,212,no-header-detected,45013,,"2,001 - 5,000 m.",255749,,,,,,,,,,72
Biga Thailand ,213,no-header-detected,45013,"3,000 m.",200- 600 m.,255748,,,,,,,,,,85
Biga Thailand ,214,no-header-detected,45013,,"601 - 2,000 m.",255748,,,,,,,,,,74
Biga Thailand ,215,no-header-detected,45013,,"2,001 - 5,000 m.",255748,,,,,,,,,,70
Biga Thailand ,216,no-header-detected,25.01.19,,,255731,,,,,17,750,,,,20
Biga Thailand ,217,no-header-detected,44935,"3,000 m.",200 - 599 m.,255724,,,,,,445.-/kg,,72,,88
Biga Thailand ,218,no-header-detected,44935,,"600 - 2,000 m.",255724,,,,,,moq 230 kgs,,63,,76
Biga Thailand ,219,no-header-detected,44935,,"2,000 m. +",255724,,,,,,,,57,,70
Biga Thailand ,220,no-header-detected,23.05.19,3000 m.,,255720,,,,,42,830,,41,,
Biga Thailand ,221,no-header-detected,27.06.19,,,255720,,,,,,,,,,50
Biga Thailand ,222,no-header-detected,45015,"3,000 m.",200- 600 m.,255720,,,,,,,,,,67
Biga Thailand ,223,no-header-detected,45015,,"601 - 2,000 m.",255720,,,,,,,,,,58
Biga Thailand ,224,no-header-detected,45015,,"2,001 - 5,000 m.",255720,,,,,,,,,,55
Biga Thailand ,225,no-header-detected,9.12.21,"3,000 m.","650 - 2,199 m.",255707,,,,,,,,79,,92
Biga Thailand ,226,no-header-detected,9.12.21,,"2,200 m.+",255707,,,,,,,,69,,89
Biga Thailand ,227,no-header-detected,45552,500 kgs.,,255707,,,,,10.99,685,,,,
Biga Thailand ,228,no-header-detected,45552,"3,000 m.","650 - 2,199 m.",255707,"68% PA, 32% ELASTANE",47 - 52 g/m2,177 - 187 cm.,172 - 182 cm.,,,,85,,96
Biga Thailand ,229,no-header-detected,45552,,"2,200 m.+",255707,,,,,,,,75,,93
Biga Thailand ,230,no-header-detected,44957,,200 - 600 m.,255698,,,,,,"THB 1,485.-/KG",,,60,86
Biga Thailand ,231,no-header-detected,44957,,"601 - 2,000 m.",255698,,,,,,,,,52,75
Biga Thailand ,232,no-header-detected,44957,,"2,001 m. +",255698,,,,,,,,,48,72
Biga Thailand ,233,no-header-detected,24.10.18,"3,000m.",200-599m.,255691,,,,,,,,72,2.25,105
Biga Thailand ,234,no-header-detected,24.10.18,"3,000m.","600-2,000m.",255691,,,,,,,,69,2.15,98
Biga Thailand ,235,no-header-detected,24.10.18,"3,000m.","2,001m.+",255691,,,,,,,,65,2.05,95
Biga Thailand ,236,no-header-detected,15.12.20,,sample stock,255691,,,,,,,,,,95
Biga Thailand ,237,no-header-detected,26.11.21,"3,000m.",200-599m.,255691,,,,,,,,76,,106
Biga Thailand ,238,no-header-detected,26.11.21,"3,000m.","600-2,000m.",255691,,,,,,,,73,,99
Biga Thailand ,239,no-header-detected,26.11.21,"3,000m.","2,001m.+",255691,,,,,,,,69,,95
Biga Thailand ,240,no-header-detected,44935,"3,000 m.",200-599m.,255691,,,,,,,,76,,105
Biga Thailand ,241,no-header-detected,44935,,"600-2,000m.",255691,,,,,,,,73,,91
Biga Thailand ,242,no-header-detected,44935,,"2,001m.+",255691,,,,,,,,69,,85
Biga Thailand ,243,no-header-detected,18.10.19,"1,000 m.",,255681,,,,,,,,210,,
Biga Thailand ,244,no-header-detected,18.10.19,,200-600m.,255681,,,,,,,,,,285
Biga Thailand ,245,no-header-detected,18.10.19,,"601-2,000m.",255681,,,,,,,,,,265
Biga Thailand ,246,no-header-detected,18.10.19,,"2,001m.+",255681,,,,,,,,,,255
Biga Thailand ,247,no-header-detected,26.04.18,,,255640,,,,,,,,25,,
Biga Thailand ,248,no-header-detected,26.04.18,,,255640,,,,,,,,,,35
Biga Thailand ,249,no-header-detected,44935,"3,000 m.",200 - 600 m.,255621,,,,,,,,,,120
Biga Thailand ,250,no-header-detected,44935,,"601 - 2,000 m.",255621,,,,,,,,,,105
Biga Thailand ,251,no-header-detected,44935,,"2,000 m. +",255621,,,,,,,,,,95
Biga Thailand ,252,no-header-detected,45134,250 kgs.,,255603,,,,,,470.-/kg,,,,
Biga Thailand ,253,no-header-detected,45134,"3,000 m.",200 - 599 m.,255603,,,,,,,,70,,85
Biga Thailand ,254,no-header-detected,45134,,"600 - 1,999 m.",255603,,,,,,,,61,,70
Biga Thailand ,255,no-header-detected,45134,,"2,000 - 4,999 m.",255603,,,,,,,,51,,67
Biga Thailand ,256,no-header-detected,45134,,"5,000 m. +",255603,,,,,,,,47,,65
Biga Thailand ,257,no-header-detected,19.10.18,,,255601,,,,,,450/kg,,,,
Biga Thailand ,258,no-header-detected,08.01.19,,,255584,,,,,,,,42,,
Biga Thailand ,259,no-header-detected,25.04.19,"1,500m.","1,000m.",255584,,,,,,,,42,,65
Biga Thailand ,260,no-header-detected,44935,,200-599m.,255584,,,,,,570.-/kg,,60,,85
Biga Thailand ,261,no-header-detected,44935,,"600-2,000m.",255584,,,,,,moq 200 kgs,,52,,74
Biga Thailand ,262,no-header-detected,44935,,"2,001-5,000m.",255584,,,,,,,,50,,70
Biga Thailand ,263,no-header-detected,45140,200 kgs.,,255560,,,,,21,425.-/kg.,,,,
Biga Thailand ,264,no-header-detected,45140,"3,000 m.",200 - 599 m.,255560,,,,,,,,46,,59
Biga Thailand ,265,no-header-detected,45140,,"600 - 1,999 m.",255560,,,,,,,,39,,50
Biga Thailand ,266,no-header-detected,45140,,"2,000 m. +",255560,,,,,,,,37,,48
Biga Thailand ,267,no-header-detected,44874,,,255554,,,,,,,,,,83
Biga Thailand ,268,no-header-detected,44935,"3,000 m.",200 - 600 m.,255554,,,,,,,,66,,92
Biga Thailand ,269,no-header-detected,44935,,"601 - 2,000 m.",255554,,,,,,,,57,,80
Biga Thailand ,270,no-header-detected,44935,,"2,000 m. +",255554,,,,,,,,55,,75
Biga Thailand ,271,no-header-detected,45093,"3,000 m.",200 - 600 m.,255554,,,,,,,,63,,80
Biga Thailand ,272,no-header-detected,45093,,"601 - 2,000 m.",255554,,,,,,,,55,,70
Biga Thailand ,273,no-header-detected,45093,,"2,000 m. +",255554,,,,,,,,53,,67
Biga Thailand ,274,no-header-detected,22.06.21,300 kg.,-,255539,,,,,18.43,385thb/kg.,-,-,-,-
Biga Thailand ,275,no-header-detected,22.06.21,"3,000 m.",200 - 600 m.,255539,,,,,18.43,,,35,,62
Biga Thailand ,276,no-header-detected,,"5,000m.",,255484,,,,,34,830/kg,,,,
Biga Thailand ,277,no-header-detected,44735,,"5,000 m.",255484,,,,,,895 / kg.,,,,
Biga Thailand ,278,no-header-detected,44735,,200 - 600 m.,255484,,,,,,,,52,,70
Biga Thailand ,279,no-header-detected,44735,,"601 - 2,000 m.",255484,,,,,,,,43,,57
Biga Thailand ,280,no-header-detected,44735,,"2,001 - 5,000 m.",255484,,,,,,,,40,,55
Biga Thailand ,281,no-header-detected,44735,,"5,001 m",255484,,,,,,,,37,,52
Biga Thailand ,282,no-header-detected,45012,,,255484,,,,,,,,,,52
Biga Thailand ,283,no-header-detected,45021,,,255484,,,,,39,900 / kg.,,,,
Biga Thailand ,284,no-header-detected,45366,5000 m.,,255484,,,,,39,900 / kg.,,,,
Biga Thailand ,285,no-header-detected,45411,,,255484,,,,,,,,52,,
Biga Thailand ,286,no-header-detected,45419,,200 - 600 m.,255484,,,,,,,,52,,70
Biga Thailand ,287,no-header-detected,45419,,"601 - 2,000 m.",255484,,,,,,,,43,,57
Biga Thailand ,288,no-header-detected,45419,,"2,001 - 5,000 m.",255484,,,,,,,,40,,55
Biga Thailand ,289,no-header-detected,45419,,"5,001 m",255484,,,,,,,,37,,52
Biga Thailand ,290,no-header-detected,45442,,,255470,,,,,,,,,,
Biga Thailand ,291,no-header-detected,,200 kgs,,255470,,,,,,,,,,
Biga Thailand ,292,no-header-detected,,,200 - 599 m.,255470,,,,,,,50,,,
Biga Thailand ,293,no-header-detected,,,"600 - 1,999 m.",255470,,,,,,,43,,,
Biga Thailand ,294,no-header-detected,,,"2,000 m. +",255470,,,,,,,41,,,
Biga Thailand ,295,no-header-detected,45523,,,255469,"86% PA, 8% EL, 6% METTALIC",66-74,162-172,157-167,,,,,,100
Biga Thailand ,296,no-header-detected,45358,3000 m.,,255428,,,,,,,,120,,
Biga Thailand ,297,no-header-detected,45358,,500 m,255428,,,,,,,,,,165
Biga Thailand ,298,no-header-detected,44958,"MOQ 2,000 m.",200 - 600 m.,255426,,,,,,,,,,105
Biga Thailand ,299,no-header-detected,44958,,"601 - 2,000 m.",255426,,,,,,,,,,90
Biga Thailand ,300,no-header-detected,44958,,"2,001 m. +",255426,,,,,,,,,,85
Biga Thailand ,301,no-header-detected,07.05.21,"2,000 m.",500 m.,255399,,,,,6.45,,,165,,190
Biga Thailand ,302,no-header-detected,,,,255367,,,,,14,250/kg,,22,,
Biga Thailand ,303,no-header-detected,,,,255363,,,,,27,700/kg,,47,,
Biga Thailand ,304,no-header-detected,45015,"3,000 m.",200- 600 m.,255350,,,,,,,,,,230
Biga Thailand ,305,no-header-detected,45015,,"601 - 2,000 m.",255350,,,,,,,,,,200
Biga Thailand ,306,no-header-detected,45015,,"2,001 - 5,000 m.",255350,,,,,,,,,,190
Biga Thailand ,307,no-header-detected,45015,"3,000 m.",200- 600 m.,255347,,,,,,,,,,115
Biga Thailand ,308,no-header-detected,45015,,"601 - 2,000 m.",255347,,,,,,,,,,100
Biga Thailand ,309,no-header-detected,45015,,"2,000 - 5,000 m.",255347,,,,,,,,,,95
Biga Thailand ,310,no-header-detected,45007,"1,000 m.",200- 600 m.,255341,,,,,,,,115,,133
Biga Thailand ,311,no-header-detected,,,"601 - 2,000 m.",255341,,,,,,,,100,,115
Biga Thailand ,312,no-header-detected,,,"2,001 m. +",255341,,,,,,,,90,,105
Biga Thailand ,313,no-header-detected,26.05.17,,,255273,,,,,,,,,,117
Biga Thailand ,314,no-header-detected,45015,"3,000 m.",200- 600 m.,255273,,,,,,,,113,,133
Biga Thailand ,315,no-header-detected,45015,,"601 - 2,000 m.",255273,,,,,,,,101,,115
Biga Thailand ,316,no-header-detected,45015,,"2,001 - 5,000 m.",255273,,,,,,,,99,,110
Biga Thailand ,317,no-header-detected,44935,"3,000 m.",200 - 599 m.,255271,"75% PA, 25% ELASTANE",52-57,,145-150,,830.-/kg,,94,,113
Biga Thailand ,318,no-header-detected,44935,,"600 - 2,000 m.",255271,,,,,,moq 280 kgs,,82,,98
Biga Thailand ,319,no-header-detected,44935,,"2,000 m. +",255271,,,,,,,,75,,90
Biga Thailand ,320,no-header-detected,45371,"3,000 m.",200 - 599 m.,255271,,,,,,580 thb/kg,,94,,113
Biga Thailand ,321,no-header-detected,45371,,"600 - 2,000 m.",255271,,,,,,moq 300 kgs,,82,,98
Biga Thailand ,322,no-header-detected,45371,,"2,000 m. +",255271,,,,,,,,75,,90
Biga Thailand ,323,no-header-detected,,,,255239,,,,,31,820/kg,,,,
Biga Thailand ,324,no-header-detected,45015,"3,000 m.",200- 600 m.,255196,,,,,,,,80,,91
Biga Thailand ,325,no-header-detected,45015,,"601 - 2,000 m.",255196,,,,,,,,70,,79
Biga Thailand ,326,no-header-detected,45015,,"2,001 - 5,000 m.",255196,,,,,,,,65,,75
Biga Thailand ,327,no-header-detected,45358,150 kgs,,255196,,,,,,550 bht/kg,,,,
Biga Thailand ,328,no-header-detected,45358,"3,000 m.",,255196,,,,,,,,,,
Biga Thailand ,329,no-header-detected,45007,"3,000 m.",200- 600 m.,255167,,,,,,,,48,,70
Biga Thailand ,330,no-header-detected,,,"601 - 2,000 m.",255167,,,,,,,,42,,61
Biga Thailand ,331,no-header-detected,,,"2,001 m. +",255167,,,,,,,,40,,58
Biga Thailand ,332,no-header-detected,11.04.18,,,255165,,,,,47,1900/kg,,45,,
Biga Thailand ,333,no-header-detected,45013,"3,000 m.",200- 600 m.,255165,,,,,,,,70,,73
Biga Thailand ,334,no-header-detected,45013,,"601 - 2,000 m.",255165,,,,,,,,57,,63
Biga Thailand ,335,no-header-detected,45013,,"2,001 - 5,000 m.",255165,,,,,,,,55,,60
Biga Thailand ,336,no-header-detected,,"2,000m.",200-600m.,255123,,,,,,210,,,,110
Biga Thailand ,337,no-header-detected,,,"601-2,000m.",255123,,,,,,,,,,90
Biga Thailand ,338,no-header-detected,,,,255048,,,,,27,500/kg,,,,
Biga Thailand ,339,no-header-detected,27.06.18,,,255048,,,,,27,400/kg,,,,
Biga Thailand ,340,no-header-detected,10.06.19,,200-599m.,255048,,,,,,,,,,50
Biga Thailand ,341,no-header-detected,,,600-2000m.,255048,,,,,,,,,,42
Biga Thailand ,342,no-header-detected,,,2001m. +,255048,,,,,,,,,,40
Biga Thailand ,343,no-header-detected,43650,"3,000 m.",,255048,,,,,,,,34,,
Biga Thailand ,344,no-header-detected,24.11.21,"3,000 m.",,255048,,,,,,525/kg,,,,
Biga Thailand ,345,no-header-detected,,,200-599m.,255048,,,,,,,,,,57
Biga Thailand ,346,no-header-detected,,,600-2000m.,255048,,,,,,,,,,52
Biga Thailand ,347,no-header-detected,,,2001m. +,255048,,,,,,,,,,49
Biga Thailand ,348,no-header-detected,45366,"3,000 m.",,255048,,,,,,435/kg,,,,
Biga Thailand ,349,no-header-detected,45847,,,255048,,,,,,,,34,,
Biga Thailand ,350,no-header-detected,45848,"3,000 m",,255048,,,,,,435/kg,,,,
Biga Thailand ,351,no-header-detected,45328,350 kgs.,,255042,"72%PA, 28% ELASTANE",152 - 168,170 - 180,165 - 175,,THB 380/KG,,,,
Biga Thailand ,352,no-header-detected,28.06.17,,300m.,255037,,,,,,,,,,162
Biga Thailand ,353,no-header-detected,45442,,,255029,,,,,,,,,,
Biga Thailand ,354,no-header-detected,,,200 - 599 m.,255029,,,,,,,,,,
Biga Thailand ,355,no-header-detected,,,"600 - 1,999 m.",255029,,,,,,,135,,,
Biga Thailand ,356,no-header-detected,,,"2,000 m. +",255029,,,,,,,120,,,
Biga Thailand ,357,no-header-detected,,,,255028,,,,,5,590/kg,,150,,
Biga Thailand ,358,no-header-detected,44935,"3,000 m.",200 - 600 m.,255028,,,,,,510.-/kg,,145,,
Biga Thailand ,359,no-header-detected,44935,,"601 - 2,000 m.",255028,,,,,,"moq 3,000 m",,125,,
Biga Thailand ,360,no-header-detected,44935,,"2,000 m. +",255028,,,,,,,,120,,
Biga Thailand ,361,no-header-detected,45328,800 kgs.,,255026,"65% PA, 35% ELASTANE",170 - 190,203 -216,198 - 212,,THB 370/KG,,,,
Biga Thailand ,362,no-header-detected,45463,,,255022,POWER MESH TM Soft 5022AA,110 -122,186 - 198,181 - 193,,,,,,
Biga Thailand ,363,no-header-detected,45463,,,255022,"82% PA, 18% ELASTANE",,,,,,,,,
Biga Thailand ,364,no-header-detected,45463,,,255022,,,,,,,,,,
Biga Thailand ,365,no-header-detected,45463,,,255022,,,,,,,,,,
Biga Thailand ,366,no-header-detected,45463,,,255022,,,,,,,,,,
Biga Thailand ,367,no-header-detected,45467,750 kgs,,255022,POWER MESH TM Soft 5022AA,110 -122,186 - 198,181 - 193,4.47,370,,,,
Biga Thailand ,368,no-header-detected,45467,,"3,000 m.",255022,"82% PA, 18% ELASTANE",,,,,,,105,,
Biga Thailand ,369,no-header-detected,45093,,"601 - 2,000 m.",255021,,,,,,,,61,,81
Biga Thailand ,370,no-header-detected,45093,,"2,001 - 5,000 m.",255021,,,,,,,,58,,77
Biga Thailand ,371,no-header-detected,45523,,,255018,100% PA,30-35,165-170,160-165,,,,,,70
Biga Thailand ,372,no-header-detected,,m.,,255017,,,,,,,,,,
Biga Thailand ,373,no-header-detected,,,200 - 599 m.,255017,,,,,,,,,,
Biga Thailand ,374,no-header-detected,,,"600 - 1,999 m.",255017,,,,,,,,,,
Biga Thailand ,375,no-header-detected,,,"2,000 m. +",255017,,,,,,,,,,
Biga Thailand ,376,no-header-detected,02.08.18,"3,000m.",,255010,,,,,,,,55,,
Biga Thailand ,377,no-header-detected,01.02.19,,,255010,,,,,,520/kg,,,,
Biga Thailand ,378,no-header-detected,45463,,,254992,POWER MESH,85 - 95,160 - 170,155 - 165,,,,,,
Biga Thailand ,379,no-header-detected,45463,,,254992,"88% PA, 12% ELASTANE",,,,,,,,,
Biga Thailand ,380,no-header-detected,45463,,,254992,,,,,,,,,,
Biga Thailand ,381,no-header-detected,45463,,,254992,,,,,,,,,,
Biga Thailand ,382,no-header-detected,45463,,,254992,,,,,,,,,,
Biga Thailand ,383,no-header-detected,45467,500 kgs,,254992,POWER MESH,85 - 95,160 - 170,155 - 165,6.73,300,,,,
Biga Thailand ,384,no-header-detected,45467,,"3,000 m.",254992,"88% PA, 12% ELASTANE",,,,,,,70,,
Biga Thailand ,385,no-header-detected,07.10.10,"50,000m.",,254990,,,,,13,750/kg,,,,
Biga Thailand ,386,no-header-detected,11.12.18,"3,000m.",200-600m.,254949,,,,,,,,,,80
Biga Thailand ,387,no-header-detected,11.12.18,"3,000m.","601-2,000m.",254949,,,,,,,,,,70
Biga Thailand ,388,no-header-detected,11.12.18,"3,000m.","2,001-5,000m.",254949,,,,,,,,,,65
Biga Thailand ,389,no-header-detected,,,,254948,,,,,15,800/kg,,70,,
Biga Thailand ,390,no-header-detected,27.05.20,,200-500m.,254933,,,,,,,,51.2,,88
Biga Thailand ,391,no-header-detected,,,"501-1,000m.",254933,,,,,,,,46.4,,75.2
Biga Thailand ,392,no-header-detected,,,"1,001-3,000m.",254933,,,,,,,,44.8,,69.76
Biga Thailand ,393,no-header-detected,,,"3,001-5,000m.",254933,,,,,,,,42.24,,68.8
Biga Thailand ,394,no-header-detected,,,"5,001m.+",254933,,,,,,,,40.96,,67.2
Biga Thailand ,395,no-header-detected,27.05.20,sample,,254933,,,,,,,,,,70
Biga Thailand ,396,no-header-detected,08.04.21,300 kg.,,254933,,,,,,455/kg.,,,,
Biga Thailand ,397,no-header-detected,26.11.21,300 kg.,,254933,,,,,,515/kg.,,,,
Biga Thailand ,398,no-header-detected,45163,,,254933,,,,,,495/kg.,,,,
Biga Thailand ,399,no-header-detected,,300 kgs,,254933,,,,,15,495,,,,
Biga Thailand ,400,no-header-detected,23.04.13,,,254824,,,,,12,630/kg,,75,,
Biga Thailand ,401,no-header-detected,,,,254824,,,,,12,600/kg,,,,
Biga Thailand ,402,no-header-detected,02.04.21,"3,000m.",500m.,254824,,,,,12,600/kg,,66,,83
Biga Thailand ,403,no-header-detected,26.11.21,"3,000m.",500m.,254824,,,,,12,600/kg,,70,,85
Biga Thailand ,404,no-header-detected,,,,254823,,,,,13,630/kg,,,,
Biga Thailand ,405,no-header-detected,02.04.21,"3,000m.",500m.,254823,,,,,13,640/kg,,,,82
Biga Thailand ,406,no-header-detected,,"10,000m.",,254804,,,,,13,,,58,,
Biga Thailand ,407,no-header-detected,,"100,000m.",,254804,,,,,13,,,56,,
Biga Thailand ,408,no-header-detected,04.03.11,"50,000m.",,254804,,,,,13,,,54,,
Biga Thailand ,409,no-header-detected,03.08.11,"3,000kg",,254804,,,,,13,550/KG,,,,
Biga Thailand ,410,no-header-detected,,,,254804,,,,,13,500/KG,,,,
Biga Thailand ,411,no-header-detected,01.09.17,,,254804,,,,,13,,,,,90
Biga Thailand ,412,no-header-detected,31.01.20,,,254804,,,,,13,,,,,77
Biga Thailand ,413,no-header-detected,02.04.21,"3,000m.",500 m.,254804,,,,,13,500/KG,,,,77
Biga Thailand ,414,no-header-detected,26.11.21,"3,000m.",500 m.,254804,,,,,13,535.-/ KG,,,,83
Biga Thailand ,415,no-header-detected,Dropped,"10,000m.",,254796,,,,,,,,32,,
Biga Thailand ,416,no-header-detected,Dropped,"10,000m.",,254792,,,,,,,,28,,
Biga Thailand ,417,no-header-detected,,,,254786,,,,,27,850/kg,,,,
Biga Thailand ,418,no-header-detected,45496,,,254786,,,,,,700 / kg,,,,
Biga Thailand ,419,no-header-detected,45496,,,254786,,,,,,,,30,,
Biga Thailand ,420,no-header-detected,45496,,,254786,,,,,,,,,,52
Biga Thailand ,421,no-header-detected,Dropped,"10,000m.",,254780,,,,,13,Offer 415/KG,,36,,
Biga Thailand ,422,no-header-detected,30.01.19,"1,000 m.",,254763,,,,,,,,,,108
Biga Thailand ,423,no-header-detected,10.06.19,,200-600m.,254763,,,,,,,,104,,121
Biga Thailand ,424,no-header-detected,10.06.19,,"601-2,000m.",254763,,,,,,,,93,,108
Biga Thailand ,425,no-header-detected,10.06.19,,"2,001-5,000m.",254763,,,,,,,,91,,104
Biga Thailand ,426,no-header-detected,45015,"3,000 m.",200- 600 m.,254763,"84%PA, 16% ELASTANE",40-45,,145-150,,,,,,120
Biga Thailand ,427,no-header-detected,45015,,"601 - 2,000 m.",254763,,,,,,,,,,105
Biga Thailand ,428,no-header-detected,45015,,"2,001 - 5,000 m.",254763,,,,,,,,,,100
Biga Thailand ,429,no-header-detected,45371,"3,000 m.",200- 600 m.,254763,"84%PA, 16% ELASTANE",40-45,,145-150,,665 thb/kg,,,,120
Biga Thailand ,430,no-header-detected,45371,,"601 - 2,000 m.",254763,,,,,,moq 200 kgs,,,,105
Biga Thailand ,431,no-header-detected,45371,,"2,001 - 5,000 m.",254763,,,,,,,,,,100
Biga Thailand ,432,no-header-detected,,,,254746,,,,,17,750/kg,,,,
Biga Thailand ,433,no-header-detected,,,,254741,100% PES,22-27,,165-170,27,740/kg,,,,
Biga Thailand ,434,no-header-detected,45371,200 kgs.,,254741,100% PES,22-27,,165-170,,550/ kg,,,,
Biga Thailand ,435,no-header-detected,,,,254740,,,,,16,800/kg,,,,
Biga Thailand ,436,no-header-detected,04.03.11,"10,000m.",,254723,,,,,30,,,36,,
Biga Thailand ,437,no-header-detected,04.03.11,"50,000m.",,254723,,,,,30,,,30,,
Biga Thailand ,438,no-header-detected,,"50,000m.",,254723,,,,,32,600/KG,,,,
Biga Thailand ,439,no-header-detected,21.05.20,,,254723,,,,,,,,,,51
Biga Thailand ,440,no-header-detected,28.01.22,"3,000 m.",,254723,,,,,,600/kg,,30,,51
Biga Thailand ,441,no-header-detected,24.01.19,"2,000m.",200-600m.,254622,,,,,,282,,,,60
Biga Thailand ,442,no-header-detected,,,"601-2,000m.",254622,,,,,,,,,,50
Biga Thailand ,443,no-header-detected,44893,"3,000 kgs",,254622,,,,,,270,,,,
Biga Thailand ,444,no-header-detected,45337,"3,000 kgs.",,254622,,,,,,270,,,,
Biga Thailand ,445,no-header-detected,45523,"3,000 kgs.",,254622,,,,,,270,,,,
Biga Thailand ,446,no-header-detected,,"10,000m.",,254615,,,,,17,640,,46,,
Biga Thailand ,447,no-header-detected,,"20,000m.",,254588,,,,,25,,,29,,
Biga Thailand ,448,no-header-detected,,"50,000m.",,254588,,,,,25,500/kg,,28,,
Biga Thailand ,449,no-header-detected,16.01.18,"3,000m.",,254588,,,,,25,,,30,,
Biga Thailand ,450,no-header-detected,01.02.18,"3,000-5,000m.",,254588,,,,,25,500/kg,,28,,
Biga Thailand ,451,no-header-detected,45414,"3,000m.",,254588,,,,,25,,,30,,
Biga Thailand ,452,no-header-detected,45414,"3,000-5,000m.",,254588,,,,,25,500/kg,,28,,
Biga Thailand ,453,no-header-detected,,,,254582,,,,,31,550/kg,,,,
Biga Thailand ,454,no-header-detected,45034,,,254582,,,,,31,,,,,55
Biga Thailand ,455,no-header-detected,45320,,,254582,,,,,31,690/kg,,,,
Biga Thailand ,456,no-header-detected,45320,"3,000 m.",200 - 600 m.,254582,,,,,31,,,,,62
Biga Thailand ,457,no-header-detected,,,"601 - 2,000 m.",254582,,,,,31,,,,,59
Biga Thailand ,458,no-header-detected,,,"2,001 m. up",254582,,,,,31,,,,,51
Biga Thailand ,459,no-header-detected,45999,"3,000 m.",200- 600 M.,254582,,,,,31,550/KGS,,37,,64
Biga Thailand ,460,no-header-detected,,,"601-2,000 M.",254582,,,,,31,,,32,,55
Biga Thailand ,461,no-header-detected,,,"2,001 m. up",254582,,,,,31,,,29,,50
Biga Thailand ,462,no-header-detected,,,,254559,,,,,23,730/kg,,,,
Biga Thailand ,463,no-header-detected,,"1,000kg",,254555,,,,,19,530/kg,,34,,
Biga Thailand ,464,no-header-detected,,"1,500kg",,254555,,,,,19,500/kg,,,,
Biga Thailand ,465,no-header-detected,07.02.20,under 499 kg.,,254555,,,,,19,500/kg,,,,
Biga Thailand ,466,no-header-detected,07.02.20,500 - 999 kg.,,254555,,,,,19,480/kg,,,,
Biga Thailand ,467,no-header-detected,07.02.20,1000 kg. +,,254555,,,,,19,450/kg,,,,
Biga Thailand ,468,no-header-detected,6.10.22,1000 kg. +,,254555,,,,,,465/kg,,,,
Biga Thailand ,469,no-header-detected,21.03.23,500 kg. +,,254555,,,,,,450/kg (Term : Ex.Factory),,,,
Biga Thailand ,470,no-header-detected,46094,500 kg. +,,254555,,,,,,400/kg,,,,
Biga Thailand ,471,no-header-detected,45337,500 kg. +,,254555,,,,,,420/kg (Term : Ex.Factory),,,,
Biga Thailand ,472,no-header-detected,25.01.19,,,254555,,,,,,,,,,48
Biga Thailand ,473,no-header-detected,25.10.19,,200 m.+,254555,,,,,,,,,,56
Biga Thailand ,474,no-header-detected,12.03.20,,,254555,,,,,,,,10,,
Biga Thailand ,475,no-header-detected,10.06.20,,,254555,,,,,,,,,,18
Biga Thailand ,476,no-header-detected,45384,,,254555,,,,,,,,28/m.,,
Biga Thailand ,477,no-header-detected,45384,,,254555,,,,,,,,15/m.,,
Biga Thailand ,478,no-header-detected,45384,,,254555,,,,,,90 thb/kg,,,,
Biga Thailand ,479,no-header-detected,45463,,,254022,"82% PA, 18% ELASTANE",,,,,,,,,
Biga Thailand ,480,no-header-detected,05.09.19,,"601-2,000m.",251205,,,,,,,,,,168
Biga Thailand ,481,no-header-detected,05.09.19,,"2,001m.+",251205,,,,,,,,,,162
Biga Thailand ,482,no-header-detected,05.09.19,,200-600m.,251205,,,,,,,,,,188
Biga Thailand ,483,no-header-detected,45467,750 kgs,,251205,"86% PA, 14% ELASTANE",130 - 140,180 - 185,175 - 180,4.05,330,,,,
Biga Thailand ,484,no-header-detected,45467,,"3,000 m.",251205,POWER MESH TM Soft 1205AA,,,,,,,105,,
Biga Thailand ,485,no-header-detected,,,,251173,,,,,14,400/kg,,,,
Biga Thailand ,486,no-header-detected,,,,251051,,,,,19,500/kg,,,,
Biga Thailand ,499,no-header-detected,15.7.2025,,,254555,,,,,,,,,,48
Biga Thailand ,500,no-header-detected,9.9.2025,"1,000 M",600 M.,257203AA/42,,,,,,,,,,130
Biga Thailand ,501,no-header-detected,9.9.2025,"5,500 M",600 M.,257203AA/42,,,,,,,,,,100
Biga Thailand ,502,no-header-detected,8.9.2025,"3,000 M",600 M.,257203AA/42,,,,,,,,,,100
Biga Thailand ,504,no-header-detected,7.10.2025,"1,000 KGS",3000 M.,255613,,,,,4.9,285/kg,,78,,115
Biga Thailand ,511,no-header-detected,45807,3000 M,,255719AA/14,,100%PA,150 - 160 cm,145 - 155 cm,10-15 gsm,,,31 baht,Updated price 30th May 2025,
Biga Thailand ,512,no-header-detected,45929,,,254622,,,,,13.91,,,32 baht,,
Biga Thailand ,514,no-header-detected,45810,MOQ 3.000 M,,255621,,,,,,,,69,69,87
Biga Thailand ,515,no-header-detected,45810,MOQ 3.000 M,,255469AA/11,,,,,,,,95,95,115
Biga Thailand ,516,no-header-detected,45810,MOQ 3.000 M,,254933,,,,,,435,,,,
Biga Thailand ,517,no-header-detected,45810,MOQ 3.000 M,,255611,,,,,,,,69,69,87
Biga Thailand ,520,no-header-detected,45861,"MOQ 5,000 M",,257247CA,,12-16,155 - 165,150 - 160,,900 / KGS,,,,
BIGA Lanka greige & PFD ,8,no-header-detected,,,354622,254622,,FOB BKK 270 /KGS,,,12.9,3000,,"K. Sivy give special price on June 9,20",,
BIGA Lanka greige & PFD ,9,no-header-detected,,,,254622,,FOB BKK 285.-/KGS,,,,3000,,K. Sivy quoted at Asoke office on 21.03.22,,
BIGA Lanka greige & PFD ,10,no-header-detected,,,,255573,7.3,240,,,17,,,,,
BIGA Lanka greige & PFD ,11,no-header-detected,,,351051,251051,14,420,,,19.2,,,,,
BIGA Lanka greige & PFD ,12,no-header-detected,,,355308,251166,12.85,385.5,,,4.44,,,,,
BIGA Lanka greige & PFD ,13,no-header-detected,,,355309,251170,13.6,408,,,4.76,,,,,
BIGA Lanka greige & PFD ,14,no-header-detected,,,351208,251208,16,480,,,9.26,,,,,
BIGA Lanka greige & PFD ,15,no-header-detected,,,,254509,11,330,,,7.3,,,,,
BIGA Lanka greige & PFD ,17,no-header-detected,,,354559,254559,24.33,729.9,,,23.5,,,,,
BIGA Lanka greige & PFD ,18,no-header-detected,,,354582,254582,19.7,591,,,27.5,,,,,
BIGA Lanka greige & PFD ,19,no-header-detected,,,354588,254588,,500,,,30,,Updated running item 2018,,,
BIGA Lanka greige & PFD ,20,no-header-detected,,,354615,254615,18.5,555,,,yield 17/kg).,,,"Updated January 30, 2020",,
BIGA Lanka greige & PFD ,21,no-header-detected,,,354701,254701,27,810,,,17.5,,,,,
BIGA Lanka greige & PFD ,22,no-header-detected,,,354723,254723,,690,,,30,,Updated running item 2018,,,
BIGA Lanka greige & PFD ,23,no-header-detected,,,354741,254741,27.43,822.9,,,23,,,,,
BIGA Lanka greige & PFD ,24,no-header-detected,,,354746,254746,33.03,990.9,,,15,,,,,
BIGA Lanka greige & PFD ,25,no-header-detected,,,354755,254755,34.52,1035.6,,,17,,,,,
BIGA Lanka greige & PFD ,26,no-header-detected,,,354804,254804,18.33,549.9,,,13.6,,,,,
BIGA Lanka greige & PFD ,27,no-header-detected,,,354824,0,,630,,,12,,Updated running item 2018,,,
BIGA Lanka greige & PFD ,28,no-header-detected,,,354933,254933,,400,,,15.36,,Updated running item 2018,,,
BIGA Lanka greige & PFD ,29,no-header-detected,,,355044,255044,10.9,327,,,11.15,,,,,
BIGA Lanka greige & PFD ,30,no-header-detected,,,355018,255018,,,,,,,,,,
BIGA Lanka greige & PFD ,31,no-header-detected,,,255051,(greige 255032),11.92,357.6,,,2.96,,,,,
BIGA Lanka greige & PFD ,32,no-header-detected,,,355245,255245,14,420,,,12.9,,,,,
BIGA Lanka greige & PFD ,33,no-header-detected,,,355043,255043,8.6,258,,,15,,,,,
BIGA Lanka greige & PFD ,34,no-header-detected,,,354992,254992,11,330,,,7.4,,,,,
BIGA Lanka greige & PFD ,35,no-header-detected,44945,,,254992,,Greige price :  THB 450.-/kg,,,,MOQ : 500 kgs,(Yield 6.34 m/kg),K.Sivy gave price by Line on 19.01.23,,
BIGA Lanka greige & PFD ,36,no-header-detected,44945,,,251205,,Greige price :  THB 360.-/kg,,,,MOQ : 850 kgs,(Yield 3.60 m/kg),K.Sivy gave price by Line on 19.01.23,,
BIGA Lanka greige & PFD ,37,no-header-detected,,,355248,255248,11.96,358.8,,,8.33,,,,,
BIGA Lanka greige & PFD ,38,no-header-detected,,,355296,255055,17.83,534.9,,,2.3,,,,,
BIGA Lanka greige & PFD ,39,no-header-detected,,,355297,255057,15,450,,,2.78,,,,,
BIGA Lanka greige & PFD ,40,no-header-detected,,,355298,255059,17.83,534.9,,,4.46,,,,,
BIGA Lanka greige & PFD ,41,no-header-detected,,,355078,255078,12.69,380.7,,,18.4,,,,,
BIGA Lanka greige & PFD ,42,no-header-detected,,,355299,255149,13.65,409.5,,,4.94,,,,,
BIGA Lanka greige & PFD ,43,no-header-detected,,,355300,255153,17.1,513,,,4.6,,,,,
BIGA Lanka greige & PFD ,44,no-header-detected,,,355156,TBA,14,420,,,3.14,,,,,
BIGA Lanka greige & PFD ,45,no-header-detected,,,356524,256524,,500,,,8.5,,Updated running item 2018,,,
BIGA Lanka greige & PFD ,46,no-header-detected,,,354990,254990,21.7,651,,,13.4,,,,,
BIGA Lanka greige & PFD ,47,no-header-detected,,,355251,255251,30.3,909,,,8.2,,,,,
BIGA Lanka greige & PFD ,48,no-header-detected,,,,255037,13.33,399.9,,,3.3,,,,,
BIGA Lanka greige & PFD ,49,no-header-detected,,,,255239,20.17,605.1,,,31,,,,,
BIGA Lanka greige & PFD ,50,no-header-detected,,,,255165,32.83,984.9,,,41,,,,,
BIGA Lanka greige & PFD ,51,no-header-detected,,,,255167,17.43,522.9,,,31.85,,,,,
BIGA Lanka greige & PFD ,52,no-header-detected,,,355123,255123,,210,,,5.51,,Updated running item 2018,,,
BIGA Lanka greige & PFD ,53,no-header-detected,,,,256530,12.66,379.8,,,14.35,,,,,
BIGA Lanka greige & PFD ,54,no-header-detected,,,,256634,13.79,413.7,,,14.71,,,,,
BIGA Lanka greige & PFD ,55,no-header-detected,,,,255271,,865,,,11,300,,,,
BIGA Lanka greige & PFD ,56,no-header-detected,,,,255273,,510,,,10,300,,,,
BIGA Lanka greige & PFD ,57,no-header-detected,,,,255610,,520,,,13,300,,,,
BIGA Lanka greige & PFD ,59,no-header-detected,,,,255346,,755,,,11.11,300,,,,
BIGA Lanka greige & PFD ,60,no-header-detected,,,,254763,,850,,,15,300,,,,
BIGA Lanka greige & PFD ,61,no-header-detected,,,,255119,,550,,,26.35,300,,,,
BIGA Lanka greige & PFD ,62,no-header-detected,,,,254949,,830,,,15.2,300,,,,
BIGA Lanka greige & PFD ,63,no-header-detected,,,,254955,,500,,,14,300,,,,
BIGA Lanka greige & PFD ,64,no-header-detected,,,,255080,,240,,,17.11,300,,,,
BIGA Lanka greige & PFD ,65,no-header-detected,,,,255141,,865,,,11.34,300,,,,
BIGA Lanka greige & PFD ,66,no-header-detected,,,,255416,,645,,,15.63,300,,,,
BIGA Lanka greige & PFD ,67,no-header-detected,,,,255010,,520,,,25,300,,,,
BIGA Lanka greige & PFD ,68,no-header-detected,,,,255305,16.33,489.9,,,16,,,,,
BIGA Lanka greige & PFD ,69,no-header-detected,,,,255022,13,390,,,5.29,,,,,
BIGA Lanka greige & PFD ,72,no-header-detected,,,,255196,21,630,,,19,,,,,
BIGA Lanka greige & PFD ,73,no-header-detected,,,,255204,22.3333333333333,670,,,15.9,,,,,
BIGA Lanka greige & PFD ,74,no-header-detected,,,,255302,14,420,,,6.7,,,,,
BIGA Lanka greige & PFD ,75,no-header-detected,,,,255260,13.6666666666667,410,,,3.9,,,,,
BIGA Lanka greige & PFD ,76,no-header-detected,,,,255306,18.3333333333333,550,,,11.7,,,,,
BIGA Lanka greige & PFD ,77,no-header-detected,,,,255307,25.3333333333333,760,,,16.5,,,,,
BIGA Lanka greige & PFD ,78,no-header-detected,,,,256575,11.6666666666667,350,,,20,,,,,
BIGA Lanka greige & PFD ,79,no-header-detected,,,,255290,10,300,,,2.3,,,,,
BIGA Lanka greige & PFD ,80,no-header-detected,,,,255291,9,270,,,3,,,,,
BIGA Lanka greige & PFD ,81,no-header-detected,,,,255295,18.6666666666667,560,,,6.3,,,,,
BIGA Lanka greige & PFD ,84,no-header-detected,,,,255513,10.3,310,,,13,,,,,
BIGA Lanka greige & PFD ,85,no-header-detected,,,,255515,17.85,635,,,6.5,,,,,
BIGA Lanka greige & PFD ,86,no-header-detected,,,,205652BA,5.05,,,,6.53,4000,,,,
BIGA Lanka greige & PFD ,87,no-header-detected,,,,205124,6.5,215,,,5.03,,,,,
BIGA Lanka greige & PFD ,88,no-header-detected,,,,204622,,282,,,13.91,3000,,,,
BIGA Lanka greige & PFD ,89,no-header-detected,,,305048,255048,,550,,,28.9,,Updated running item 2018,,,
BIGA Lanka greige & PFD ,90,no-header-detected,,,354615,254615,,555,,,17,,Updated running item 2018,,,
BIGA Lanka greige & PFD ,91,no-header-detected,,,355484,255484,,830,,,42,,Updated running item 2018,,,
BIGA Lanka greige & PFD ,92,no-header-detected,,,355603,255603,,450,,,12.25,,Updated running item 2018,,,
BIGA Lanka greige & PFD ,93,no-header-detected,,,354804,205804,,550,,,13,,Updated running item 2018,,,
BIGA Lanka greige & PFD ,94,no-header-detected,,,354588,204588,,500,,,30,,Updated running item 2018,,,
BIGA Lanka greige & PFD ,95,no-header-detected,,,356530,256530,,380,,,16.13,,Updated running item 2018,,,
BIGA Lanka greige & PFD ,96,no-header-detected,,,,205600,,365,,,,,,,,
BIGA Lanka greige & PFD ,97,no-header-detected,,,,201208,,500,,,,,,,,
BIGA Lanka greige & PFD ,98,no-header-detected,,,,205411,,410,,,,,,,,
BIGA Lanka greige & PFD ,99,no-header-detected,,,,255055,,,,PFD = THB 470 /m,,,,,,
BIGA Lanka greige & PFD ,100,no-header-detected,,,,205378,,205,,,,,,,,
BIGA Lanka greige & PFD ,101,no-header-detected,,,,205471,,245,,,,,,,,
BIGA Lanka greige & PFD ,102,no-header-detected,,,,205572,,610,,,,,,,,
BIGA Lanka greige & PFD ,103,no-header-detected,,,,255485,,285,,,4.8,,,,,
BIGA Lanka greige & PFD ,107,no-header-detected,,,WK0120-1/ VS,205677AA,12.93/ kg,,,,,,,,,
BIGA Lanka greige & PFD ,108,no-header-detected,,,PM Lanka 1644 (Rigid Tricot),205675AA,,THB 250/kg,,,,,,,,
BIGA Lanka greige & PFD ,110,no-header-detected,,,Amazon project,205572,19.46/ kg,,,,,,,,,
BIGA Lanka greige & PFD ,111,no-header-detected,,,Inque,205026,11.60/ kg,,,,,,,,,
BIGA Lanka greige & PFD ,112,no-header-detected,,,PM Lanka,201173,,,,61,,,,,,
BIGA Lanka greige & PFD ,116,no-header-detected,,,,205367,6.20/ kg,,,,,,,,,
BIGA Lanka greige & PFD ,117,no-header-detected,,,Wacoal Timex 70058,205679AA,,305,,PFD THB 345/ kg,,1500,,,,
BIGA Lanka greige & PFD ,120,no-header-detected,,,Wacoal Timex 96026/170,205681AA,,350,,,,1200,,,,
BIGA Lanka greige & PFD ,122,no-header-detected,,,TK project,255367,,,,,,increase.00,Need to increase weight,,,
BIGA Lanka greige & PFD ,154,no-header-detected,23/2/2019,Omegaline,customer item RM01 ( white swatch) -ETH PDR 50014,205745,,450,,,,300,,,,
BIGA Lanka greige & PFD ,157,no-header-detected,23/2/2019,Omegaline,customer item PE14 ( red swatch)  ETH PDR number 50015,205746,,360,,,,,,,,
BIGA Lanka greige & PFD ,160,no-header-detected,26/2/2019,Omegaline,TYPS26  ( two ways) ETH PDR number 50036,205747,,550,,96.77,6.2,500kgs /3000 m.,,,,
BIGA Lanka greige & PFD ,192,no-header-detected,07.02.20,304555,under 499 kg.,204555,,500/kg,,,,,,Quote by K.Sivy at office Asoke,,
BIGA Lanka greige & PFD ,193,no-header-detected,07.02.20,,500 - 999 kg.,204555,,480/kg,,,,,,Quote by K.Sivy at office Asoke,,
BIGA Lanka greige & PFD ,194,no-header-detected,07.02.20,,1000 kg. +,204555,,450/kg,,,,,,Quote by K.Sivy at office Asoke,,
BIGA Lanka greige & PFD ,198,no-header-detected,07.02.20,304555,under 499 kg.,204555,,FOB BKK THB 515/kg,,,,,,Quote by K.Sivy at office Asoke,,
BIGA Lanka greige & PFD ,199,no-header-detected,07.02.20,,500 - 999 kg.,204555,,FOB BKK THB 495/kg,,,,,,Quote by K.Sivy at office Asoke,,
BIGA Lanka greige & PFD ,200,no-header-detected,07.02.20,,1000 kg. +,204555,,FOB BKK THB 465/kg,,,,,,Quote by K.Sivy at office Asoke,,
BIGA Lanka greige & PFD ,202,no-header-detected,,Brandix/end buyer : VS,,205599,,310,,,2.6,220 kg,,,,
BIGA Lanka greige & PFD ,203,no-header-detected,,,,204615,,555,,,17,200 kg,,,,
BIGA Lanka greige & PFD ,204,no-header-detected,,,,205676BA,,190,,,5.31,570,,,,
Chantasia_UPDATE,11,no-header-detected,45414,"3,000 m.",200-599 m.,257247CA/11,-,,,,,,2.83,Recycled version of 255484AA/11 (ME1112000),,
Chantasia_UPDATE,12,no-header-detected,45414,,600-1999 m.,257247CA/11,-,,,,,,2.37,,,
Chantasia_UPDATE,13,no-header-detected,45414,,2000 m.+,257247CA/11,-,,,,,,2.17,,,
Chantasia_UPDATE,18,no-header-detected,45945,"10,000 M",200-499 M,257156AA/10,ME1143000,Recycled PA 255755 Base on width as exact duplicate 178 cm.,,,,,2.2,cfm same price,,
Chantasia_UPDATE,19,no-header-detected,45945,,500-999 M,257156AA/10,ME1143000,Recycled PA 255755 Base on width as exact duplicate 178 cm.,,,,,1.85,"We’re unable to reduce the price, as the cost impact of the small softener finish is minimal. 
Additionally, this price was originally quoted last year when the USD was still stronger",,
Chantasia_UPDATE,20,no-header-detected,45945,,1000 M,257156AA/10,ME1143000,Recycled PA 255755 Base on width as exact duplicate 178 cm.,,,,,1.75,,,
Chantasia_UPDATE,21,no-header-detected,46169,"10,000 M",200-499 M,257156AA/10,ME1143000,Recycled PA 255755 Base on width as exact duplicate 178 cm.,,,,,2.3,"effective immediately from booking 4500010570 (10,000M)",,
Chantasia_UPDATE,22,no-header-detected,46169,,500-999 M,257156AA/10,ME1143000,Recycled PA 255755 Base on width as exact duplicate 178 cm.,,,,,1.95,,,
Chantasia_UPDATE,23,no-header-detected,46169,,1000 M,257156AA/10,ME1143000,Recycled PA 255755 Base on width as exact duplicate 178 cm.,,,,,1.85,,,
Chantasia_UPDATE,24,no-header-detected,45021,"10,000 m.",200 - 499 m.,257156AA/11,ME1143000,Recycled PA 255755 Base on width as exact duplicate 178 cm.,,,,,2.2,Valid : 16/07/2024   /  start Oct 2025 customer will use /10 instead,,
Chantasia_UPDATE,25,no-header-detected,45021,,500 - 999 m.,257156AA/11,ME1143000,Recycled PA 255755 Base on width as exact duplicate 178 cm.,,,,,1.85,Valid : 16/07/2024   /  start Oct 2025 customer will use /10 instead,,
Chantasia_UPDATE,26,no-header-detected,45021,,"1,000 m.",257156AA/11,ME1143000,Recycled PA 255755 Base on width as exact duplicate 178 cm.,,,,,1.75,Valid : 16/07/2024   /  start Oct 2025 customer will use /10 instead,,
Chantasia_UPDATE,27,no-header-detected,,3000,200 m.,257065AA/11,ME1132000,Recycled 255678,,,,,2.5,"5.04.22 - Quoted price by K.Sivy @Asoke office,                  price valid 31/01/2023",,
Chantasia_UPDATE,28,no-header-detected,,,400 m.,257065AA/11,ME1132000,,,,,,2,,,
Chantasia_UPDATE,29,no-header-detected,,,600 m.+,257065AA/11,ME1132000,,,,,,1.95,,,
Chantasia_UPDATE,30,no-header-detected,45140,"3,000 m.",200 m.,257065AA/11,ME1132000,Recycled 255678,,,,,2.5,active date 2.08.23 - end of Jan.2024,,
Chantasia_UPDATE,31,no-header-detected,45140,,400 m.,257065AA/11,ME1132000,,,,,,2,active date 2.08.23 - end of Jan.2024,,
Chantasia_UPDATE,32,no-header-detected,45140,,600 m.+,257065AA/11,ME1132000,,,,,,1.95,active date 2.08.23 - end of Jan.2024,,
Chantasia_UPDATE,33,no-header-detected,46169,"3,000 m.",200 m.,257065AA/11,ME1132000,Recycled 255678,,,,,2.5,27/5 : K.Sivy cfm to maintain the same price,,
Chantasia_UPDATE,34,no-header-detected,46169,,400 m.,257065AA/11,ME1132000,,,,,,2,,,
Chantasia_UPDATE,35,no-header-detected,46169,,600 m.+,257065AA/11,ME1132000,,,,,,1.95,,,
Chantasia_UPDATE,40,no-header-detected,44722,3000,200-600 m.,255950AA/11,MD1111000,,,,,,3.75,Quoted by K.Sivy date 10.06.22 (P'Wai sent email to Preeti : Valid end of August 2022),,
Chantasia_UPDATE,41,no-header-detected,,,"601-2,000 m.",255950AA/11,MD1111000,,,,,,3.45,,,
Chantasia_UPDATE,42,no-header-detected,,,"2,001 m.+",255950AA/11,MD1111000,,,,,,3.4,,,
Chantasia_UPDATE,43,no-header-detected,45055,3000,200-499 m.,255950AA/11,MD1111000,,,,,,3.6,Quoted by K.Sivy date 10.06.22 (P'Wai sent email to Preeti : Valid end of August 2022),,
Chantasia_UPDATE,44,no-header-detected,,,"500-2,000 m.",255950AA/11,MD1111000,,,,,,3.2,,,
Chantasia_UPDATE,45,no-header-detected,,,"2,001 m.+",255950AA/11,MD1111000,,,,,,3.15,,,
Chantasia_UPDATE,46,no-header-detected,46148,"3,000  m.",200-499 m.,255950AA/11,MD1111000,,,,,,3.6,6/5/2026 : Keep price.  Will review price after greige booking W18 is used up,,
Chantasia_UPDATE,47,no-header-detected,46148,,"500-2,000 m.",255950AA/11,MD1111000,,,,,,3.2,6/5/2026 : Keep price.  Will review price after greige booking W18 is used up,,
Chantasia_UPDATE,48,no-header-detected,46148,,"2,001 m.+",255950AA/11,MD1111000,,,,,,3.15,6/5/2026 : Keep price.  Will review price after greige booking W18 is used up,,
Chantasia_UPDATE,49,no-header-detected,,3000,200-499 m.,255832AA/78,ME1139000,,2.1,2.4,2.2,2.3,,Quoted by K.Sivy by LINE on 11.11.19 (same price to 251195 but Wider Width),,
Chantasia_UPDATE,50,no-header-detected,,,500 m.+,255832AA/78,ME1139000,,2.05,2.35,2.15,2.25,,,,
Chantasia_UPDATE,51,no-header-detected,45140,"3,000 m.",200-499 m.,255832AA/78,ME1139000,,2.1,2.4,2.2,2.3,,active date 2.08.23 - end of Jan.2024,,
Chantasia_UPDATE,52,no-header-detected,45140,,500 m.+,255832AA/78,ME1139000,,2.05,2.35,2.15,2.25,,active date 2.08.23 - end of Jan.2024,,
Chantasia_UPDATE,53,no-header-detected,,"3,000 m.",200 m.,255678AA/11,-,,,,,,2.3,Quoted by K.Sivy by Email on 30.07.18,,
Chantasia_UPDATE,54,no-header-detected,,,400 m.,255678AA/11,-,,,,,,1.5,,,
Chantasia_UPDATE,55,no-header-detected,,,600 m.,255678AA/11,-,,,,,,1.3,,,
Chantasia_UPDATE,56,no-header-detected,,"3,000 m.",200 m.,255678AA/11,ME1094000,,,,,,2.45,Quoted by K.Sivy at office Asoke on 24.03.21,,
Chantasia_UPDATE,57,no-header-detected,,,400 m.,255678AA/11,ME1094000,,,,,,1.95,,,
Chantasia_UPDATE,58,no-header-detected,,,600 m.,255678AA/11,ME1094000,,,,,,1.9,,,
Chantasia_UPDATE,59,no-header-detected,45140,"3,000 m.",200-599 m.,255484AA/11,ME1112000,,,,,,2.73,active date 2.08.23 - end of Jan.2024,,
Chantasia_UPDATE,60,no-header-detected,45140,,600-1999 m.,255484AA/11,ME1112000,,,,,,2.27,active date 2.08.23 - end of Jan.2024,,
Chantasia_UPDATE,61,no-header-detected,45171,,2000 m.+,255484AA/11,ME1112000,,,,,,2.07,active date 2.08.23 - end of Jan.2024,,
Chantasia_UPDATE,62,no-header-detected,,"3,000 m.",200-599 m.,254824AA/11-S,ME1110000,,,,,,3.3,expired,,
Chantasia_UPDATE,63,no-header-detected,44875,,200-599 m.,254824AA/11-S,ME1110000,,,,,,3.3,active start : 1.11.22  (valid : 1.08.23),,
Chantasia_UPDATE,64,no-header-detected,,,600-1999 m.,254824AA/11-S,ME1110000,,,,,,3,expired,,
Chantasia_UPDATE,65,no-header-detected,44875,,600-1999 m.,254824AA/11-S,ME1110000,,,,,,2.85,active start : 1.11.22  (valid : 1.08.23),,
Chantasia_UPDATE,66,no-header-detected,,,2000 m.+,254824AA/11-S,ME1110000,,,,,,2.85,expired,,
Chantasia_UPDATE,67,no-header-detected,44875,,2000 m.+,254824AA/11-S,ME1110000,,,,,,2.7,active start : 1.11.22  (valid : 1.08.23),,
Chantasia_UPDATE,68,no-header-detected,45140,"3,000 m.",200-599 m.,254824AA/11-S,ME1110000,,,,,,3.3,active date 2.08.23 - end of Jan.2024,,
Chantasia_UPDATE,69,no-header-detected,45140,,600-1999 m.,254824AA/11-S,ME1110000,,,,,,3,active date 2.08.23 - end of Jan.2024,,
Chantasia_UPDATE,70,no-header-detected,45140,,2000 m. +,254824AA/11-S,ME1110000,,,,,,2.85,active date 2.08.23 - end of Jan.2024,,
Chantasia_UPDATE,71,no-header-detected,,"3,000 m.",200-499 m.,251195AA/78,ME1014000,,2.1,2.4,2.2,2.3,,expired,,
Chantasia_UPDATE,72,no-header-detected,,,500 m.+,251195AA/78,ME1014000,,2.05,2.35,2.15,2.25,,expired,,
Chantasia_UPDATE,73,no-header-detected,45140,"3,000 m.",200-499 m.,251195AA/78,ME1014000,,2.1,2.4,2.2,2.3,,active date 2.08.23 - end of Jan.2024,,
Chantasia_UPDATE,74,no-header-detected,45140,,500 m.+,251195AA/78,ME1014000,,2.05,2.35,2.15,2.25,,active date 2.08.23 - end of Jan.2024,,
Chantasia_UPDATE,75,no-header-detected,,"3,000 m.",200-499 m.,256530,-,,2.7,3,2.85,2.95,,,,
Chantasia_UPDATE,76,no-header-detected,,,500 m.+,256530,-,,2.6,2.9,2.75,2.85,,,,
Chantasia_UPDATE,77,no-header-detected,,3000,200-600 m.,255976,MD1259000,,,,,,6.45,Quoted by K.Sivy by LINE on 08.07.20,,
Chantasia_UPDATE,78,no-header-detected,,,"601-2,000 m.",255976,MD1259000,,,,,,6.15,,,
Chantasia_UPDATE,79,no-header-detected,,,"2,001 m.+",255976,MD1259000,,,,,,6.05,,,
Chantasia_UPDATE,80,no-header-detected,,3000 m.,200-600 m.,255976,MD1259000,,,,,,5.95,Quoted by K.Sivy by LINE on 29.09.20,,
Chantasia_UPDATE,81,no-header-detected,,,"601-2,000 m.",255976,MD1259000,,,,,,5.65,,,
Chantasia_UPDATE,82,no-header-detected,,,"2,001 m.+",255976,MD1259000,,,,,,5.5,,,
Chantasia_UPDATE,83,no-header-detected,,3000 m.,200-600 m.,255976,MD1259000,,,,,,6.75,Quoted by K.Sivy by LINE on 04.03.21,,
Chantasia_UPDATE,84,no-header-detected,,,"601-2,000 m.",255976,MD1259000,,,,,,6.4,,,
Chantasia_UPDATE,85,no-header-detected,,,"2,001 m.+",255976,MD1259000,,,,,,6.3,,,
Chantasia_UPDATE,86,no-header-detected,,3000,200-600 m.,255950,MD1111000,,,,,,3.1,Quoted by K.Sivy by Email on 06.01.20,,
Chantasia_UPDATE,87,no-header-detected,,,"601-2,000 m.",255950,MD1111000,,,,,,2.7,,,
Chantasia_UPDATE,88,no-header-detected,,,"2,001 m.+",255950,MD1111000,,,,,,2.65,,,
Chantasia_UPDATE,89,no-header-detected,,3000,200-600 m.,255950,MD1111000,,,,,,3.3,Quoted by K.Sivy,,
Chantasia_UPDATE,90,no-header-detected,,,"601-2,000 m.",255950,MD1111000,,,,,,2.9,,,
Chantasia_UPDATE,91,no-header-detected,,,"2,001 m.+",255950,MD1111000,,,,,,2.85,,,
Chantasia_UPDATE,92,no-header-detected,44979,"3,000 m.",200-599 m.,255828,-,100% PA Recycled,,,,,2.55,Quoted by K.Sivy on 22 Feb 23,,
Chantasia_UPDATE,93,no-header-detected,,,"60-1,999 m.",255828,-,,,,,,2.2,Valid : 4 months,,
Chantasia_UPDATE,94,no-header-detected,,,"2,000 m.+",255828,-,,,,,,2.15,,,
Chantasia_UPDATE,95,no-header-detected,,,200-499 m.,255794,-,2.10,,,,,3.1,Quoted by K.Sivy by LINE on 20.08.19,,
Chantasia_UPDATE,96,no-header-detected,,,"500 - 1,999 m.",255794,-,2.00,,,,,2.9,,,
Chantasia_UPDATE,97,no-header-detected,,,"2,000 m.+",255794,-,1.90,,,,,2.65,,,
Chantasia_UPDATE,98,no-header-detected,,,200-499 m.,255794,-,,,,,,2.9,Quoted by K.Sivy at office Asoke on 29.08.19,,
Chantasia_UPDATE,99,no-header-detected,,,"500 - 1,999 m.",255794,-,,,,,,2.7,,,
Chantasia_UPDATE,100,no-header-detected,,,"2,000 m.+",255794,-,,,,,,2.45,,,
Chantasia_UPDATE,101,no-header-detected,,"3,000 m.",200-499 m.,255794,ME1114000,,,,,,2.8,Quoted by K.Sivy by Email on 30.10.19,,
Chantasia_UPDATE,102,no-header-detected,,"3,000 m.",200-499 m.,255794,ME1114000,,,,,,2.8,active start 1.11.22 (valid : 1.08.23),,
Chantasia_UPDATE,103,no-header-detected,,,"500 - 1,999 m.",255794,ME1114000,,,,,,2.6,expired,,
Chantasia_UPDATE,104,no-header-detected,44875,,"500 - 1,999 m.",255794,ME1114000,,,,,,2.5,active start 1.11.22 (valid : 1.08.23),,
Chantasia_UPDATE,105,no-header-detected,,,"2,000 m.+",255794,ME1114000,,,,,,2.35,expired,,
Chantasia_UPDATE,106,no-header-detected,44875,,"2,000 m.+",255794,ME1114000,,,,,,2.25,active start 1.11.22 (valid : 1.08.23),,
Chantasia_UPDATE,107,no-header-detected,45140,"3,000 m.",200-499 m.,255794,ME1114000,,,,,,2.8,active date 2.08.23 - end of Jan.2024,,
Chantasia_UPDATE,108,no-header-detected,45140,,"500 - 1,999 m.",255794,ME1114000,,,,,,2.6,active date 2.08.23 - end of Jan.2024,,
Chantasia_UPDATE,109,no-header-detected,45140,,"2,000 m.+",255794,ME1114000,,,,,,2.35,active date 2.08.23 - end of Jan.2024,,
Chantasia_UPDATE,110,no-header-detected,45890,"3,000 m.",200 m.,255794,ME1114000,,,,,,3.1,,,
Chantasia_UPDATE,111,no-header-detected,45890,,600 m.,255794,ME1114000,,,,,,2.65,,,
Chantasia_UPDATE,112,no-header-detected,45890,,"1,000 m.",255794,ME1114000,,,,,,2.4,,,
Chantasia_UPDATE,113,no-header-detected,45891,"3,000 m.",200 m.,255794,ME1114000,,,,,,3.05,,,
Chantasia_UPDATE,114,no-header-detected,45891,,600 m.,255794,ME1114000,,,,,,2.65,,,
Chantasia_UPDATE,115,no-header-detected,45891,,"1,000 m.",255794,ME1114000,,,,,,2.4,,,
Chantasia_UPDATE,116,no-header-detected,45898,"3,000 m.",200 m.,255794,ME1114000,,,,,,3,,,
Chantasia_UPDATE,117,no-header-detected,45898,,600 m.,255794,ME1114000,,,,,,2.65,,,
Chantasia_UPDATE,118,no-header-detected,45898,,"1,000 m.",255794,ME1114000,,,,,,2.4,,,
Chantasia_UPDATE,119,no-header-detected,45033,"3,000 m.",200-599 m.,255766,-,,,,,,2.25,Quoted by K.Sivy on 17 Apr 23,,
Chantasia_UPDATE,120,no-header-detected,,,"600-1,999 m.",255766,-,,,,,,1.95,Valid : 6 months,,
Chantasia_UPDATE,121,no-header-detected,,,"2,000 m.+",255766,-,,,,,,1.85,,,
Chantasia_UPDATE,122,no-header-detected,45034,"3,000 m.",200-599 m.,255766,-,,,,,,1.9,Quoted by K.Sivy on 18 Apr 23,,
Chantasia_UPDATE,123,no-header-detected,,,"600-1,999 m.",255766,-,,,,,,1.65,Valid : 6 months,,
Chantasia_UPDATE,124,no-header-detected,,,"2,000 m.+",255766,-,,,,,,1.55,,,
Chantasia_UPDATE,125,no-header-detected,,3000,200-499 m.,255755,MD1023000,,,,,,1.78,Quoted by K.Sivy on 13.08.19,,
Chantasia_UPDATE,126,no-header-detected,,,"500-2,000 m.",255755,MD1023000,,,,,,1.55,,,
Chantasia_UPDATE,127,no-header-detected,,,"2,001 m.+",255755,MD1023000,,,,,,1.45,,,
Chantasia_UPDATE,128,no-header-detected,,3000,200-499 m.,255755,MD1023000,,,,,,1.88,Quoted by K.Sivy on 19.11.21 (Asoke office) with updated step quantity ==> Preeti confirmed price increase on 14.12.21,,
Chantasia_UPDATE,129,no-header-detected,,,500-999 m.,255755,MD1023000,,,,,,1.67,,,
Chantasia_UPDATE,130,no-header-detected,,,1.000 m.+,255755,MD1023000,,,,,,1.55,,,
Chantasia_UPDATE,131,no-header-detected,,3000,200-499 m.,255755,MD1023000,,,,,,2.07,Quoted by K.Sivy on 23.05.22 (Asoke office) P'Wai email to Preeti confirmed on 23.05.22 effective on 1 June 2022 valid till end of August 2022,,
Chantasia_UPDATE,132,no-header-detected,,,500-999 m.,255755,MD1023000,,,,,,1.86,,,
Chantasia_UPDATE,133,no-header-detected,,,1.000 m.+,255755,MD1023000,,,,,,1.74,,,
Chantasia_UPDATE,134,no-header-detected,43840,"3,000 m.",200-600 m.,255739,-,,,,,,2.7,Quoted by K.Sivy by Email on 07.10.20,,
Chantasia_UPDATE,135,no-header-detected,,,"601-2,000 m.",255739,-,,,,,,2.35,,,
Chantasia_UPDATE,136,no-header-detected,,,"2,001 m.+",255739,-,,,,,,2.25,,,
Chantasia_UPDATE,137,no-header-detected,45064,"3,000 m.",200 - 600 m.,255730,-,,,,,,2.45,Quoted by K.Sivy on 18 May 23,,
Chantasia_UPDATE,138,no-header-detected,,,"601- 2,000 m.",255730,-,,,,,,2.15,,,
Chantasia_UPDATE,139,no-header-detected,,,"2,001 - 5,000 m.",255730,-,,,,,,2.05,,,
Chantasia_UPDATE,140,no-header-detected,45033,"3,000 m.",200-599 m.,255726,-,,,,,,2.5,Quoted by K.Sivy on 17 Apr 23,,
Chantasia_UPDATE,141,no-header-detected,,,"600-1,999 m.",255726,-,,,,,,2.1,Valid : 6 months,,
Chantasia_UPDATE,142,no-header-detected,,,"2,000 m.+",255726,-,,,,,,2,,,
Chantasia_UPDATE,143,no-header-detected,45034,"3,000 m.",200-599 m.,255726,-,,,,,,2.25,Quoted by K.Sivy on 18 Apr 23,,
Chantasia_UPDATE,144,no-header-detected,,,"600-1,999 m.",255726,-,,,,,,1.9,Valid : 6 months,,
Chantasia_UPDATE,145,no-header-detected,,,"2,000 m.+",255726,-,,,,,,1.8,,,
Chantasia_UPDATE,146,no-header-detected,45054,"5,000 m.",200-599 m.,255726,-,,,,,,1.95,Quoted by K.Sivy on 8 May 23,,
Chantasia_UPDATE,147,no-header-detected,,,"600-1,999 m.",255726,-,,,,,,1.7,Valid : 6 months,,
Chantasia_UPDATE,148,no-header-detected,,,"2,000 m.+",255726,-,,,,,,1.6,,,
Chantasia_UPDATE,149,no-header-detected,43840,"3,000 m.",200-600 m.,255725,-,,,,,,2.6,Quoted by K.Sivy by Email on 07.10.20,,
Chantasia_UPDATE,150,no-header-detected,,,"601-2,000 m.",255725,-,,,,,,2.25,,,
Chantasia_UPDATE,151,no-header-detected,,,"2,001 m.+",255725,-,,,,,,2.15,,,
Chantasia_UPDATE,152,no-header-detected,43840,"3,000 m.",200-600 m.,255724,-,,,,,,2.6,Quoted by K.Sivy by Email on 07.10.20,,
Chantasia_UPDATE,153,no-header-detected,,,"601-2,000 m.",255724,-,,,,,,2.25,,,
Chantasia_UPDATE,154,no-header-detected,,,"2,001 m.+",255724,-,,,,,,2.15,,,
Chantasia_UPDATE,155,no-header-detected,,,"601-2,000 m.",255723,-,,,,,,2.85,,,
Chantasia_UPDATE,156,no-header-detected,,,"2,001 m.+",255723,-,,,,,,2.6,,,
Chantasia_UPDATE,157,no-header-detected,43840,"3,000 m.",200-600 m.,255688,-,,,,,,3.4,Quoted by K.Sivy by Email on 07.10.20,,
Chantasia_UPDATE,158,no-header-detected,,,"601-2,000 m.",255688,-,,,,,,3,,,
Chantasia_UPDATE,159,no-header-detected,,,"2,001 m.+",255688,-,,,,,,2.9,,,
Chantasia_UPDATE,160,no-header-detected,,"3,000 m.",200-499 m.,255584,ME1013000,,4,4.18,4.08,4.08,,,,
Chantasia_UPDATE,161,no-header-detected,,,200-499 m.,255584,ME1013000,,4,4.18,4.08,4.08,,active start 1.11.22 (valid : 1.08.23),,
Chantasia_UPDATE,162,no-header-detected,,,500 m.+,255584,ME1013000,,3.86,4.14,3.94,4.02,,expired,,
Chantasia_UPDATE,163,no-header-detected,44875,,500 m.+,255584,ME1013000,,3.7,3.95,3.75,3.82,,active start 1.11.22 (valid : 1.08.23),,
Chantasia_UPDATE,164,no-header-detected,45140,"3,000 m.",200-499 m.,255584,ME1013000,,4,4.18,4.08,4.08,,active date 2.08.23 - end of Jan.2024,,
Chantasia_UPDATE,165,no-header-detected,45140,,500 m.+,255584,ME1013000,,3.86,4.14,3.94,4.02,,active date 2.08.23 - end of Jan.2024,,
Chantasia_UPDATE,166,no-header-detected,,"3,000 m.",200-599 m.,255484,ME1112000,,,,,,2.73,Quoted by K.Sivy on 30.03.21,,
Chantasia_UPDATE,167,no-header-detected,,,200-599 m.,255484,ME1112000,,,,,,2.73,active start 1.11.22 (valid : 1.08.23),,
Chantasia_UPDATE,168,no-header-detected,,,600-1999 m.,255484,ME1112000,,,,,,2.27,expired,,
Chantasia_UPDATE,169,no-header-detected,44875,,600-1999 m.,255484,ME1112000,,,,,,2.2,active start 1.11.22 (valid : 1.08.23),,
Chantasia_UPDATE,170,no-header-detected,,,2000 m.+,255484,ME1112000,,,,,,2.07,expired,,
Chantasia_UPDATE,171,no-header-detected,44875,,2000 m.+,255484,ME1112000,,,,,,2,active start 1.11.22 (valid : 1.08.23),,
Chantasia_UPDATE,172,no-header-detected,,"3,000 m.",200-600 m.,255435,-,,,,,,3.2,,,
Chantasia_UPDATE,173,no-header-detected,,,601-1000 m.,255435,-,,,,,,3,,,
Chantasia_UPDATE,174,no-header-detected,,,1001-5000 m.,255435,-,,,,,,2.9,,,
Chantasia_UPDATE,175,no-header-detected,44224,"3,000 m.",200-600 m.,255418,ME1023000,,,,,,5.4,Quoted by k.Sivy at office Asoke 28.01.21,,
Chantasia_UPDATE,176,no-header-detected,,,"601-2,000 m.",255418,ME1023000,,,,,,4.9,,,
Chantasia_UPDATE,177,no-header-detected,,,"2,001 m.+",255418,ME1023000,,,,,,4.7,,,
Chantasia_UPDATE,178,no-header-detected,44228,"3,000 m.",200-600 m.,255418,ME1023000,,,,,,5.3,Quoted by k.Sivy by Email on 01.02.21,,
Chantasia_UPDATE,179,no-header-detected,,,"601-2,000 m.",255418,ME1023000,,,,,,4.9,,,
Chantasia_UPDATE,180,no-header-detected,,,"2,001 m.+",255418,ME1023000,,,,,,4.7,,,
Chantasia_UPDATE,181,no-header-detected,,"3,000 m.",200-600 m.,255273,-,,,,,,3.25,Quoted by K.Sivy by LINE on 15.09.20,,
Chantasia_UPDATE,182,no-header-detected,,"3,000 m.",200-600 m.,255271,-,,,,,,3.95,Quoted by K.Sivy by LINE on 15.09.20,,
Chantasia_UPDATE,183,no-header-detected,,,"601-2,000 m.",255271,-,,,,,,3.45,,,
Chantasia_UPDATE,184,no-header-detected,,,"2,001 m.+",255271,-,,,,,,3.15,,,
Chantasia_UPDATE,185,no-header-detected,,"3,000 m.",200-600 m.,254949,-,,,,,,3.15,Quoted by K.Sivy by LINE on 15.09.20,,
Chantasia_UPDATE,186,no-header-detected,,,"601-2,000 m.",254949,-,,,,,,2.75,,,
Chantasia_UPDATE,187,no-header-detected,,,"2,001 m.+",254949,-,,,,,,2.5,,,
Chantasia_UPDATE,188,no-header-detected,45700,"3,000 m.",200-600 m.,254949,-,,,,,,2.65,Quoted by K.Sivy by LINE on 12.02.25,,
Chantasia_UPDATE,189,no-header-detected,,,"601-2,000 m.",254949,-,,,,,,2.1,,,
Chantasia_UPDATE,190,no-header-detected,,,"2,001 m.+",254949,-,,,,,,1.9,,,
Chantasia_UPDATE,191,no-header-detected,,"3,000 m.",200-600 m.,254763,-,,,,,,3.25,Quoted by K.Sivy by LINE on 15.09.20,,
Chantasia_UPDATE,192,no-header-detected,,,"601-2,000 m.",254763,-,,,,,,2.85,,,
Chantasia_UPDATE,193,no-header-detected,,,"2,001 m.+",254763,-,,,,,,2.6,,,
Chantasia_UPDATE,194,no-header-detected,,"3,000 m.",200-499 m.,254723,-,,2.3,2.67,2.4,2.57,,,,
Chantasia_UPDATE,195,no-header-detected,,,500 m.+,254723,-,,2.2,2.55,2.3,2.45,,,,
Chantasia_UPDATE,196,no-header-detected,,"3,000 m.",200-700 m.,254588,-,2.13,2.47,3,2.6,2.77,,,,
Chantasia_UPDATE,197,no-header-detected,,,701-2500 m.,254588,-,1.67,1.9,2.45,2.07,2.23,,,,
Chantasia_UPDATE,198,no-header-detected,,,"2501-10,000 m.",254588,-,1.6,1.67,2.23,1.83,2,,,,
Chantasia_UPDATE,199,no-header-detected,,"3,000 m.",200-600 m.,254588,-,,,,,,2,Quoted by K.Sivy by LINE on 15.09.20,,
Chantasia_UPDATE,200,no-header-detected,,,"601-2,000 m.",254588,-,,,,,,1.75,,,
Chantasia_UPDATE,201,no-header-detected,,,"2,001 m.+",254588,-,,,,,,1.6,,,
Chantasia_UPDATE,202,no-header-detected,45064,"3,000 m.",200 - 600 m.,254555,-,,,,,,2.25,Quoted by K.Sivy on 18 May 23  at Asoke office,,
Chantasia_UPDATE,203,no-header-detected,,,"601- 2,000 m.",254555,-,,,,,,1.95,,,
Chantasia_UPDATE,204,no-header-detected,,,"2,001 - 5,000 m.",254555,-,,,,,,1.85,,,
Chantasia_UPDATE,205,no-header-detected,45117,"3,000 m.",200 - 600 m.,254555,-,1.75,,,,,,Quoted by K.Sivy on 10 July 23 at Asoke office,,
Chantasia_UPDATE,206,no-header-detected,,,"601- 2,000 m.",254555,-,1.45,,,,,,,,
Chantasia_UPDATE,207,no-header-detected,,,"2,001 - 5,000 m.",254555,-,1.35,,,,,,,,
Chantasia_UPDATE,236,no-header-detected,45148,"3,000 m.",200 - 600 m.,255634,-,2.33,,,,,3.1,Inquiry from Lacelier line Lou Oxygene / attn : SAMIA CHEBAAN,,
Chantasia_UPDATE,237,no-header-detected,,,"601- 2,000 m.",255634,-,2,,,,,2.57,SOFAM BSC Route de Bekalta 5080 TEBOULBA  TUNISIE,,
Chantasia_UPDATE,238,no-header-detected,,,"2,001 - 5,000 m.",255634,-,1.9,,,,,2.4,,,
Chantasia_UPDATE,257,no-header-detected,45554,"10,000 m.",200 - 600 m.,257134AA/11,-,,,,,,2.25,,,
Chantasia_UPDATE,258,no-header-detected,,Non-running yarn,"601 - 2,000 m.",257134AA/11,-,,,,,,1.95,,,
Chantasia_UPDATE,259,no-header-detected,,,2.001 m. +,257134AA/11,-,,,,,,1.85,,,
Chantasia_record,2,no-header-detected,,"3,000 m.",200-499 m.,251195AA/78,ME1014000,,2.1,2.4,2.2,2.3,,,,
Chantasia_record,3,no-header-detected,,,500 m.+,251195AA/78,ME1014000,,2.05,2.35,2.15,2.25,,,,
Chantasia_record,4,no-header-detected,,"3,000 m.",200-499 m.,254723,,,2.3,2.67,2.4,2.57,,,,
Chantasia_record,5,no-header-detected,,,500 m.+,254723,,,2.2,2.55,2.3,2.45,,,,
Chantasia_record,6,no-header-detected,,"3,000 m.",200-499 m.,256530,,,2.7,3,2.85,2.95,,,,
Chantasia_record,7,no-header-detected,,,500 m.+,256530,,,2.6,2.9,2.75,2.85,,,,
Chantasia_record,8,no-header-detected,,"3,000 m.",200-599 m.,254824AA/11-S,ME1110000,,,,,,3.3,,,
Chantasia_record,9,no-header-detected,,,600-1999 m.,254824AA/11-S,ME1110000,,,,,,3,expired,,
Chantasia_record,10,no-header-detected,44875,,600-1999 m.,254824AA/11-S,ME1110000,,,,,,2.85,active start : 1.11.22,,
Chantasia_record,11,no-header-detected,,,2000 m.+,254824AA/11-S,ME1110000,,,,,,2.85,expired,,
Chantasia_record,12,no-header-detected,44875,,2000 m.+,254824AA/11-S,ME1110000,,,,,,2.7,active start : 1.11.22,,
Chantasia_record,13,no-header-detected,,"3,000 m.",200-600 m.,255435,,,,,,,3.2,,,
Chantasia_record,14,no-header-detected,,,601-1000 m.,255435,,,,,,,3,,,
Chantasia_record,15,no-header-detected,,,1001-5000 m.,255435,,,,,,,2.9,,,
Chantasia_record,16,no-header-detected,,"3,000 m.",200-700 m.,254588,,2.13,2.47,3,2.6,2.77,,,,
Chantasia_record,17,no-header-detected,,,701-2500 m.,254588,,1.67,1.9,2.45,2.07,2.23,,,,
Chantasia_record,18,no-header-detected,,,"2501-10,000 m.",254588,,1.6,1.67,2.23,1.83,2,,,,
Chantasia_record,19,no-header-detected,,"3,000 m.",200-600 m.,254588,,,,,,,2,Quoted by K.Sivy by LINE on 15.09.20,,
Chantasia_record,20,no-header-detected,,,"601-2,000 m.",254588,,,,,,,1.75,,,
Chantasia_record,21,no-header-detected,,,"2,001 m.+",254588,,,,,,,1.6,,,
Chantasia_record,22,no-header-detected,,"3,000 m.",200-499 m.,255584,ME1013000,,4,4.18,4.08,4.08,,,,
Chantasia_record,23,no-header-detected,,,500 m.+,255584,ME1013000,,3.86,4.14,3.94,4.02,,expired,,
Chantasia_record,24,no-header-detected,44875,,500 m.+,255584,ME1013000,,3.7,3.95,3.75,3.82,,active start 1.11.22,,
Chantasia_record,25,no-header-detected,,"3,000 m.",200-599 m.,255484,ME1112000,,,,,,2.73,Quoted by K.Sivy on 30.03.21,,
Chantasia_record,26,no-header-detected,,,600-1999 m.,255484,ME1112000,,,,,,2.27,expired,,
Chantasia_record,27,no-header-detected,44875,,600-1999 m.,255484,ME1112000,,,,,,2.2,active start 1.11.22,,
Chantasia_record,28,no-header-detected,,,2000 m.+,255484,ME1112000,,,,,,2.07,expired,,
Chantasia_record,29,no-header-detected,44875,,2000 m.+,255484,ME1112000,,,,,,2,active start 1.11.22,,
Chantasia_record,30,no-header-detected,,"3,000 m.",200 m.,255678AA/11,,,,,,,2.3,Quoted by K.Sivy by Email on 30.07.18,,
Chantasia_record,31,no-header-detected,,,400 m.,255678AA/11,,,,,,,1.5,,,
Chantasia_record,32,no-header-detected,,,600 m.,255678AA/11,,,,,,,1.3,,,
Chantasia_record,33,no-header-detected,,"3,000 m.",200 m.,255678AA/11,ME1094000,,,,,,2.45,Quoted by K.Sivy at office Asoke on 24.03.21,,
Chantasia_record,34,no-header-detected,,,400 m.,255678AA/11,ME1094000,,,,,,1.95,,,
Chantasia_record,35,no-header-detected,,,600 m.,255678AA/11,ME1094000,,,,,,1.9,,,
Chantasia_record,36,no-header-detected,,3000,200 m.,257065AA/11,ME1032000,Recycled 255678,,,,,2.5,"5.04.22 - Quoted price by K.Sivy @Asoke office,                  price valid 31/01/2023",,
Chantasia_record,37,no-header-detected,,,400 m.,257065AA/11,ME1032000,,,,,,2,,,
Chantasia_record,38,no-header-detected,,,600 m.+,257065AA/11,ME1032000,,,,,,1.95,,,
Chantasia_record,39,no-header-detected,,,200-499 m.,255794,,2.10,,,,,3.1,Quoted by K.Sivy by LINE on 20.08.19,,
Chantasia_record,40,no-header-detected,,,"500 - 1,999 m.",255794,,2.00,,,,,2.9,,,
Chantasia_record,41,no-header-detected,,,"2,000 m.+",255794,,1.90,,,,,2.65,,,
Chantasia_record,42,no-header-detected,,,200-499 m.,255794,,,,,,,2.9,Quoted by K.Sivy at office Asoke on 29.08.19,,
Chantasia_record,43,no-header-detected,,,"500 - 1,999 m.",255794,,,,,,,2.7,,,
Chantasia_record,44,no-header-detected,,,"2,000 m.+",255794,,,,,,,2.45,,,
Chantasia_record,45,no-header-detected,,"3,000 m.",200-499 m.,255794,ME1114000,,,,,,2.8,Quoted by K.Sivy by Email on 30.10.19,,
Chantasia_record,46,no-header-detected,,,"500 - 1,999 m.",255794,ME1114000,,,,,,2.6,expired,,
Chantasia_record,47,no-header-detected,44875,,"500 - 1,999 m.",255794,ME1114000,,,,,,2.5,active start 1.11.22,,
Chantasia_record,48,no-header-detected,,,"2,000 m.+",255794,ME1114000,,,,,,2.35,expired,,
Chantasia_record,49,no-header-detected,44875,,"2,000 m.+",255794,ME1114000,,,,,,2.25,active start 1.11.22,,
Chantasia_record,53,no-header-detected,,3000,200-600 m.,255950,MD1111000,,,,,,3.3,Quoted by K.Sivy,,
Chantasia_record,56,no-header-detected,44722,3000,200-600 m.,255950AA/11,MD1111000,,,,,,3.75,Quoted by K.Sivy date 10.06.22 (P'Wai sent email to Preeti : Valid end of August 2022),,
Chantasia_record,57,no-header-detected,,,"601-2,000 m.",255950AA/11,MD1111000,,,,,,3.45,,,
Chantasia_record,58,no-header-detected,,,"2,001 m.+",255950AA/11,MD1111000,,,,,,3.4,,,
Chantasia_record,59,no-header-detected,45055,3000,200-499 m.,255950AA/11,MD1111000,,,,,,3.6,Quoted by K.Sivy date 10.06.22 (P'Wai sent email to Preeti : Valid end of August 2022),,
Chantasia_record,60,no-header-detected,,,"500-2,000 m.",255950AA/11,MD1111000,,,,,,3.2,,,
Chantasia_record,61,no-header-detected,,,"2,001 m.+",255950AA/11,MD1111000,,,,,,3.15,,,
Chantasia_record,80,no-header-detected,,3000,200-499 m.,255755,MD1023000,,,,,,1.78,Quoted by K.Sivy on 13.08.19,,
Chantasia_record,83,no-header-detected,,3000,200-499 m.,255755,MD1023000,,,,,,1.88,Quoted by K.Sivy on 19.11.21 (Asoke office) with updated step quantity ==> Preeti confirmed price increase on 14.12.21,,
Chantasia_record,86,no-header-detected,,3000,200-499 m.,255755,MD1023000,,,,,,2.07,Quoted by K.Sivy on 23.05.22 (Asoke office) P'Wai email to Preeti confirmed on 23.05.22 effective on 1 June 2022 valid till end of August 2022,,
Chantasia_record,95,no-header-detected,,3000 m.,200-600 m.,255976,MD1259000,,,,,,6.75,Quoted by K.Sivy by LINE on 04.03.21,,
Chantasia_record,100,no-header-detected,,3000,200-499 m.,255832AA/78,ME1139000,,2.1,2.4,2.2,2.3,,Quoted by K.Sivy by LINE on 11.11.19 (same price to 251195 but Wider Width),,
Chantasia_record,101,no-header-detected,,,500 m.+,255832AA/78,ME1139000,,2.05,2.35,2.15,2.25,,,,
Chantasia_record,102,no-header-detected,,"3,000 m.",200-600 m.,255271,,,,,,,3.95,Quoted by K.Sivy by LINE on 15.09.20,,
Chantasia_record,103,no-header-detected,,,"601-2,000 m.",255271,,,,,,,3.45,,,
Chantasia_record,104,no-header-detected,,,"2,001 m.+",255271,,,,,,,3.15,,,
Chantasia_record,105,no-header-detected,,"3,000 m.",200-600 m.,254763,,,,,,,3.25,Quoted by K.Sivy by LINE on 15.09.20,,
Chantasia_record,106,no-header-detected,,,"601-2,000 m.",254763,,,,,,,2.85,,,
Chantasia_record,107,no-header-detected,,,"2,001 m.+",254763,,,,,,,2.6,,,
Chantasia_record,108,no-header-detected,,"3,000 m.",200-600 m.,255273,,,,,,,3.25,Quoted by K.Sivy by LINE on 15.09.20,,
Chantasia_record,109,no-header-detected,,,"601-2,000 m.",255723,,,,,,,2.85,,,
Chantasia_record,110,no-header-detected,,,"2,001 m.+",255723,,,,,,,2.6,,,
Chantasia_record,111,no-header-detected,,"3,000 m.",200-600 m.,254949,,,,,,,3.15,Quoted by K.Sivy by LINE on 15.09.20,,
Chantasia_record,112,no-header-detected,,,"601-2,000 m.",254949,,,,,,,2.75,,,
Chantasia_record,113,no-header-detected,,,"2,001 m.+",254949,,,,,,,2.5,,,
Chantasia_record,114,no-header-detected,43840,"3,000 m.",200-600 m.,255688,,,,,,,3.4,Quoted by K.Sivy by Email on 07.10.20,,
Chantasia_record,115,no-header-detected,,,"601-2,000 m.",255688,,,,,,,3,,,
Chantasia_record,116,no-header-detected,,,"2,001 m.+",255688,,,,,,,2.9,,,
Chantasia_record,117,no-header-detected,43840,"3,000 m.",200-600 m.,255724,,,,,,,2.6,Quoted by K.Sivy by Email on 07.10.20,,
Chantasia_record,118,no-header-detected,,,"601-2,000 m.",255724,,,,,,,2.25,,,
Chantasia_record,119,no-header-detected,,,"2,001 m.+",255724,,,,,,,2.15,,,
Chantasia_record,120,no-header-detected,43840,"3,000 m.",200-600 m.,255725,,,,,,,2.6,Quoted by K.Sivy by Email on 07.10.20,,
Chantasia_record,121,no-header-detected,,,"601-2,000 m.",255725,,,,,,,2.25,,,
Chantasia_record,122,no-header-detected,,,"2,001 m.+",255725,,,,,,,2.15,,,
Chantasia_record,123,no-header-detected,43840,"3,000 m.",200-600 m.,255739,,,,,,,2.7,Quoted by K.Sivy by Email on 07.10.20,,
Chantasia_record,124,no-header-detected,,,"601-2,000 m.",255739,,,,,,,2.35,,,
Chantasia_record,125,no-header-detected,,,"2,001 m.+",255739,,,,,,,2.25,,,
Chantasia_record,134,no-header-detected,44224,"3,000 m.",200-600 m.,255418,ME1023000,,,,,,5.4,Quoted by k.Sivy at office Asoke 28.01.21,,
Chantasia_record,135,no-header-detected,,,"601-2,000 m.",255418,ME1023000,,,,,,4.9,,,
Chantasia_record,136,no-header-detected,,,"2,001 m.+",255418,ME1023000,,,,,,4.7,,,
Chantasia_record,137,no-header-detected,44228,"3,000 m.",200-600 m.,255418,ME1023000,,,,,,5.3,Quoted by k.Sivy by Email on 01.02.21,,
Chantasia_record,138,no-header-detected,,,"601-2,000 m.",255418,ME1023000,,,,,,4.9,,,
Chantasia_record,139,no-header-detected,,,"2,001 m.+",255418,ME1023000,,,,,,4.7,,,
Chantasia_record,147,no-header-detected,44979,"3,000 m.",200-599 m.,255828,,100% PA Recycled,,,,,2.55,Quoted by K.Sivy on 22 Feb 23,,
Chantasia_record,148,no-header-detected,,,"60-1,990 m.",255828,,,,,,,2.2,Valid : 4 months,,
Chantasia_record,149,no-header-detected,,,"2,000 m.+",255828,,,,,,,2.15,,,
Brandix,4,no-header-detected,,3000,200-600m.,255616,,,,,,,3.80 /m.,For CK,,
Clover,3,no-header-detected,21.10.2025,"3,000m.",200-600m.,255484,Invisible Tulle Bright,100%PA,13 – 18 g/m2,147 - 157 cm,152-162 cm.,2.35,,,,
Contespa,8,no-header-detected,257137AA/11,"47% PA, 33.5% Cotton Pima,19.5% Spandex",175-185,170-180,80-90,3000,500,7.5,,,,,,
Contespa,9,no-header-detected,255584AA/10,"76% PES, 24% CO",145-155,140-150,40-45,3000,500,2.2,,,,,,
Contespa,10,no-header-detected,251173,100% PA,150-155,145-150,40-45,3000,500,1.65,,,,,,
Crystal Martin,6,no-header-detected,257224AA/23,100% PA,180-190,175-185,120-133,3000,500,4.05,,,,,,
Crystal Martin,12,no-header-detected,CMI 1,257334AA/11,230GMS,145CM,140 CM,189% / 500 GMS,149% / 320 GMS,65% NYLON / 35% ELASTANE,$5.30,$5.85,TBA once sample finished,TBA once sample finished,Sample to be sent within 21-22nd May 2024,
Crystal Martin,13,no-header-detected,CMI 2,257335AA/26,255GMS,27.5CM (MID SPEC REPEAT WIDTH),26.1CM (MIN SPEC REPEAT WIDTH),115% / 900 GMS,125% / 550 GMS,62% NYLON / 38% ELASTANE,$1.48,$1.65,$1.65,$ 1.90,Sample finished and send already,
Crystal Martin,14,no-header-detected,CMI 3,257270AA/26,265 GMS,42CM (MID SPEC REPEAT WIDTH),SPEC REPEAT WIDTH),95% / 900 GMS,120% / 700 GMS,61% NYLON / 39% ELASTANE,$2.25,$2.50,$ 2.45,$ 2.75,Sample finished and send already,
Crystal Martin,15,no-header-detected,CMI 4,257282AA/26,290 GMS,145CM,140 CM,155% / 700 GMS,90% / 900 GMS,61% NYLON / 39% ELASTANE,$6.45,$7.15,$ 8.35 (BASED ON MIN FULL WIDTH 170 CM)IF CONVERT TO 145CM EQUAL TO $ 7.12,$ 9.65 (BASED ON MIN FULL WIDTH 170 CM) IF CONVERT TO 145 CM EQUAL TO $ 8.23,Sample finished and send already,
Crystal Martin,16,no-header-detected,CMI 5,257370AA/23,135 GMS,177 CM,172 CM,16% based on 15.0 N,40% based on 15.0N,100% POLYAMIDE,$3.40,$4.52,$3.40,TBA.,Sample finished and send already,
Crystal Martin,20,no-header-detected,CMI,257011CA/23,100% PES,140 - 150,135 - 145,152 - 168,3000,500,$ 4.05/meters FOB Bkk,Smallest MCQ 300 M with 25% surchage,,,,
Crystal Martin,21,no-header-detected,CMI,255758AA/23,100% PES,100 - 110,95 - 105,161 - 179,3000,500,$ 2.80/meters FOB Bkk,Smallest MCQ 300 M with 25% surchage,,,,
Crystal Martin,37,no-header-detected,Eschler THAI KNIT Co. Ltd,Thailand,257334AA/11,WRAP KNIT,140,65% PA 35% EL,243 - 268 gsm,,,,45506,45690,TBA,TBA
Crystal Martin,38,no-header-detected,Eschler THAI KNIT Co. Ltd,Thailand,257335AA/26,WRAP KNIT,160 ( full width) as band 26.1 cm,64% PA 36% EL,256 - 278 gsm,wicking,,,45506,45690,1.65,1.65
Crystal Martin,39,no-header-detected,Eschler THAI KNIT Co. Ltd,Thailand,257270AA/26,WRAP KNIT,148 ( min full width) as band 40 cm,"62% PA, 38% EL",252 - 278 gsm,wicking,,,45506,45690,2.45,2.45
Crystal Martin,40,no-header-detected,Eschler THAI KNIT Co. Ltd,Thailand,257282AA/26,WRAP KNIT,165,64% PA 36% EL,285 - 315 gsm,wicking,,,45506,45690,8.35,8.35
Crystal Martin,42,no-header-detected,Eschler THAI KNIT Co. Ltd,Thailand,257282AA/26,WRAP KNIT,165,,290 gsm,MM finishing,,,45548,45729,9.9,9.9
Crystal Martin,43,no-header-detected,Eschler THAI KNIT Co. Ltd,Thailand,257282AA/26,WRAP KNIT,165,,290 gsm,Normal finishing,,,45548,45729,10.35,10.35
Crystal Martin,44,no-header-detected,Eschler THAI KNIT Co. Ltd,Thailand,257282AA/26,WRAP KNIT,165,,290 gsm,Normal finishing,,,45548,45729,10.45,10.45
Crystal Martin,58,no-header-detected,"Eschler Thai Knit C., Ltd",Thailand,255976AA/12,Wrap,121 - 129,"80% PA, 20% EL",218 - 240,Molding,,,45807,46021,4.95,4.95
Crystal Martin,59,no-header-detected,"Eschler Thai Knit C., Ltd",Thailand,257055AA/11,Wrap,150 - 160,"78% PA, 22% EL",157 - 174,Soft silicon,,,45807,46021,4.15,4.15
Crystal Martin,60,no-header-detected,"Eschler Thai Knit C., Ltd",Thailand,255260,Wrap,148 - 158,"65% PA, 35% EL",143 - 158,,,,45807,46021,4.35,4.35
Crystal Martin,61,no-header-detected,"Eschler Thai Knit C., Ltd",Thailand,255545BA,Wrap,137 - 147,"70% PA, 30% EL",190 - 200,,,,45807,46021,4.9,4.9
Fidelity,25,no-header-detected,200 m. and more,254615,PA Tuell-SH,100%PA,ca 137-142 cm.,35-40g/m2,2.65,,,,,,,
Fidelity,31,no-header-detected,100 m. (old stock) & 500 m. (dyed new lot),254615,PA Tuell-SH,100%PA,ca 137-142 cm.,35-40g/m2,2.65,,,,,,,
Gamma 28,4,no-header-detected,254555,Greige,19,300kg,530/kg,,,,,,,,,
Gamma 28,5,no-header-detected,254555,PFD,,"1,000m.",34/m,,,,,,,,,
Gamma 28,6,no-header-detected,254555,PFD,,"10,000m.",33/m,,,,,,,,,
Gamma 28,7,no-header-detected,254555,PFD,,"1,000 m.",35/M by K. Sivy on 8 Aug 22,,,,,,,,,
Gamma 28,8,no-header-detected,254555,PFD,,"10,000 m.",34/M by K. Sivy on 8 Aug 22,,,,,,,,,
Gamma 28,9,no-header-detected,254555,Color,,600m.,50/m.,,,,,,,,,
Gamma 28,10,no-header-detected,254555,Color,,400-600m.,50/m. K. Sivy talked to P'Wai by phone on 07.01.2020,,,,,,,,,
Gamma 28,11,no-header-detected,254555,Color,,300-600m.,50/m. K. Amorn talked to P'Wai at Asoke office on 09.01.2020,,,,,,,,,
Gamma 28,12,no-header-detected,254555,Color,,200-299m.,52/m. K. Sivy sent e-mail on 24.01.20,,,,,,,,,
Gamma 28,13,no-header-detected,254555,Stock grade A (color),cataolque,,58/m,,,,,,,,,
Gamma 28,14,no-header-detected,254555,Stock grade A (color),cataolque,,48/m. by K. Sivy on 11.10.17,0,,,,,,,,
Gamma 28,15,no-header-detected,254555,Stock grade B(color),,,20/m,,,,,,,,,
Gamma 28,16,no-header-detected,254555,Color,,,53/M by K. Sivy on 18 Nov 21,,,,,,,,,
Gamma 28,17,no-header-detected,254555,Color,,,54/M by K. Sivy on 9 Feb 22,,,,,,,,,
Gamma 28,18,no-header-detected,254555,Color,,200 - 599 m.,58.50/M by K. Sivy on 1 Aug 22,,,,,,,,,
Gamma 28,19,no-header-detected,254555,Color,,600 m up,55/M by K. Sivy on 1 Aug 22,,,,,,,,,
Gamma 28,24,no-header-detected,254588,Greige,25,500kg,500/kg,,,,,,,,,
Gamma 28,30,no-header-detected,254588,Greige,,,360kg by K.Sivy on 1.08.22 (P'Wai sent email),,,,,,,,,
Gamma 28,31,no-header-detected,254588,Color,,200-600,55/m. by K.Sivy on 1.08.22 (P'Wai sent email),,,,,,,,,
Gamma 28,32,no-header-detected,254588,Color,,"601-2,000","52/m. by K.Sivy on 1,08.22 (P'Wai sent email)",,,,,,,,,
Gamma 28,33,no-header-detected,254588,PFD,,200-600,"34/m by K.Sivy on 1,08.22 (P'Wai sent email)",,,,,,,,,
Gamma 28,34,no-header-detected,254588,PFD,,"601-2,000","32/m by K.Sivy on 1,08.22 (P'Wai sent email)",,,,,,,,,
Gamma 28,35,no-header-detected,255314,Greige,26,500kg,440/kg,,,,,,,,,
Gamma 28,40,no-header-detected,255544,Greige,12,500kg,260/kg,,,,,,,,,
Gamma 28,49,no-header-detected,256530,PFE,,,45/m. : 16.01.18,,,,,,,,,
Gamma 28,52,no-header-detected,255560,Greige,,,410/kg,,,,,,,,,
Gamma 28,56,no-header-detected,255640,PFE,,,25/m.,,,,,,,,,
Gamma 28,59,no-header-detected,255305,Greige,,"300kg. =5,000m. (same MOQ as 254555)",550/kg. K. Sivy sent e-mail on 24.01.20,,,,,,,,,
Gamma 28,66,no-header-detected,"3,000m.",200-600m.,255539,PES VOILE 150 cm.,100% PES,145 - 155 cm.,140 - 150 cm.,33 - 38 g/m2,55,,,,,
Gamma 28,73,no-header-detected,"3,000 M.",200 – 599 m.,254723,THB 38.-/ meter,THB 63.-/ meter,Quoted by K.Sivy @Asoke office on 9.01.23,,,,,,,,
Gamma 28,79,no-header-detected,45496,,,254949,"87% PA, 13% ELASTANE",38 - 43 g/m2,148 - 153 cm.,143 - 148 cm.,68 THB / m.,Stock color White 2019-2020 about 300 m,,,,
Gamma 28,80,no-header-detected,45496,,,254949,,,,,68 THB / m.,"White 500 m., Black 500 m. use stock greige.",,,,
Gamma 28,84,no-header-detected,12.02.2026,"10,000 m.",200-599 m.,254555,PES TULLE,100%PES,157 - 162 cm,152 - 157 cm,30 - 35 g/m2,-,58.5,,,
Gamma Omyai,6,no-header-detected,254555,Greige,19m/kg,300kg,430/kg,,,,,,,,,
Gamma Omyai,10,no-header-detected,255080,Greige,16m/kg,300kg,240/kg,,,,,,,,,
Gamma Omyai,13,no-header-detected,255367,Greige,14m//kg,,180/kg,old price,,,,,,,,
Gamma Omyai,16,no-header-detected,205415,Greige,23m/kg,300kg,500/kg,,,,,,,,,
Gamma Omyai,19,no-header-detected,255559,Greige,14m/kg,500kg,240/kg,,,,,,,,,
Gamma Omyai,22,no-header-detected,255560,Greige,20m/kg,500kg,370/kg,,,,,,,,,
Gemma Knits,6,no-header-detected,"1,500 kg.",255026,POWER MESH,"65% PA, 35% ELASTANE",203 - 216 cm.,198 - 212 cm.,170 - 190 g/m2,370,,,,,,
Gainway,5,no-header-detected,254555AA/11,100% PES,157-162,152-157,30-35,3000,200-600,2.83,,,,,,
VIVIENNE AUSTRALIA,6,no-header-detected,254555AA/14,100% PES,157-162,152-157,30-35,3000,200-600,2.83,,,,,,
VIVIENNE AUSTRALIA,9,no-header-detected,254553AA/11,100% PA,145-150,140-145,30-35,3000,200-600,2.97,,,,,,
VIVIENNE AUSTRALIA,12,no-header-detected,254580AA/11,100% PA,150-155,145-150,30-35,3000,200-600,2.8,,,,,,
VIVIENNE AUSTRALIA,15,no-header-detected,256530BA/14,100% PA,153-158,148-153,38-43,3000,200-499,3,,,,,,
VIVIENNE AUSTRALIA,17,no-header-detected,254615AA/11,100% PA,143-148,138-143,38-43,3000,200-600,2.8,,,,,,
VIVIENNE AUSTRALIA,20,no-header-detected,255898AA/11,100% PA,150-160,145-155,31-36,3000,200-600,2.75,,,,,,
VIVIENNE AUSTRALIA,46,no-header-detected,255572,MESH,80% PA 20% EL,195 - 205 cm,190 - 200 cm,57 - 63 gsm,$ 3.50/M,3000,600,less than 600 15% upcharge,,,,
VIVIENNE AUSTRALIA,47,no-header-detected,255603,ELASTIC TULLE,70% PA 30% EL,148 - 158 cm,143 - 53 cm,50 - 55 cm,$ 2.15/M,3000,600,less than 600 15% upcharge,,,,
VIVIENNE AUSTRALIA,48,no-header-detected,257227AA/11,MESH,82% PA 18% EL,170 - 180 cm,165 - 175 cm,67 - 75 gsm,$ 4.15/M,3000,600,less than 600 15% upcharge,,,,
VIVIENNE AUSTRALIA,49,no-header-detected,257227CA/11,MESH,79% PA 21% EL,175 - 185 cm,170 - 180 cm,60 - 67 gsm,$ 3.85/M,3000,600,less than 600 15% upcharge,,,,
VIVIENNE AUSTRALIA,50,no-header-detected,255341AA/11,MESH,82% PA 18% EL,165 - 175 cm,160 - 170 cm,60 - 65 gsm,$ 3.35/M,3000,600,less than 600 15% upcharge,,,,
Kyra Mode,2,no-header-detected,,300m.,255026,,,285,,310,,new dyed & stock price / price for kyra quoted by K. Sivy by Email on 01.10.18,,,,
Kyra Mode,9,no-header-detected,,200-599m.,255484,,,,,70,,Quote price by K.Sivy on 13.03.19,,,,
Kyra Mode,12,no-header-detected,,200-499m.,255613,,,,,150,,Quote price by K.Sivy by LINE application on 10.06.19,,,,
Kyra Mode,14,no-header-detected,,,254804,,,,,35,,Color Latte Stock all qty.627 m. quote by K.Sivy by LINE on 17.07.19,,,,
Kyra Mode,17,no-header-detected,"1,000 m.",200 - 600 m.,255554,,,,,89,,Quoted price by S.Sivy @Asoke office on 01.02.22,,,,
Kyra Mode,20,no-header-detected,"1,000 m.",500 m.,255569,,,142,,,,Quoted price by S.Sivy @Asoke office on 24.05.22 (can order PFD either one 500m OR 1000 m ),,,,
LCTT,16,no-header-detected,MCQ =500M,255416,STELLA,100% PES,117-125 cm.,112-120 cm.,81-91 g/m2,-,2.7,,,,,
LCTT,18,no-header-detected,1000-2999m.,255416,STELLA,100% PES,117-125 cm.,112-120 cm.,81-91 g/m2,2.2,-,,,,,
LCTT,23,no-header-detected,MCQ =500M,255271,ELASTIC TULLE POINT,100% PES,150 - 155 cm.,145 - 150 cm.,52 - 57 g/m2,-,3.1,,,,,
LCTT,25,no-header-detected,1000-2999m.,255271,ELASTIC TULLE POINT,100% PES,150 - 155 cm.,145 - 150 cm.,52 - 57 g/m2,2.6,-,,,,,
Lintas-HK,60,no-header-detected,200 m. and more,254615,PA Tuell-SH,100%PA,ca 137-142 cm.,35-40g/m2,2.65,,,,,,,
Lintas-HK,66,no-header-detected,100 m. (old stock) & 500 m. (dyed new lot),254615,PA Tuell-SH,100%PA,ca 137-142 cm.,35-40g/m2,2.65,,,,,,,
Magic link,5,no-header-detected,1,255832AA/78,100% PES,160 - 170 cm.,155 - 165 cm.,36 - 40 g/m2,"3,000 m.",200-499 m.,2.1,2.4,2.2,2.3,End May 2022,
Magic link,19,no-header-detected,100%PA,,256634,Voile Matt,,,PFD,2.5,2,1.9,,85,68,65
Magic link,24,no-header-detected,,TULLE Regid,254559,MICHO,,,PFD,2.41,1.93,1.83,,83,66,63
Magic link,29,no-header-detected,PA+EL,TULLE Elastic,254804,AURORA,Full : 147 - 152 cm.,,PFD,3.29,2.63,2.5,,111,89,85
Mas CaptialUnichela 255554 VS b,6,no-header-detected,45776,255554AA/11,PA INVISIBLE ELASTIC,"79% PA, 21% ELASTANE",150-160 cm.,150-155 cm.,24 - 28 g/m2,"3,000 m.",350 - 600 m.,$2.90,,,,
Mas IntimatesUnichela,5,no-header-detected,254622,354622,Basic color,Apparel Black,"1,000m.",1.78,,,,,,,,
Mas IntimatesUnichela,16,no-header-detected,254622,354622,All colors,,100m.,1.9,,,,,,,,
Mas IntimatesUnichela,21,no-header-detected,254622,354622,All colors,,200-250m.,2.1,,,,,,,,
Mas IntimatesUnichela,26,no-header-detected,254622,354622,Basic color,,"1,000m.",1.78,,,,,,,,
Mas IntimatesUnichela,31,no-header-detected,254622,354622,Basic color,,"1,000m.",2,,,,,,,,
Mas IntimatesUnichela,36,no-header-detected,255102,,,,"MOQ, 3,000m",,,,,,,,,
Mas IntimatesUnichela,41,no-header-detected,255268,,,,"MOQ, 3,000m",,,,,,,,,
Mas IntimatesUnichela,46,no-header-detected,251208,,,,"MOQ 3,000m",,,,,,,,,
Mas IntimatesUnichela,51,no-header-detected,Mas SL - for Techstyle,255037,,,"MOQ 3,000m (Not running yarn)",,,,,,,,,
Mas IntimatesUnichela,56,no-header-detected,MAS - Unichela,255004,,,200-600m.,$ 5.00/m,,,,,,,,
Mas IntimatesUnichela,69,no-header-detected,,255255,,,"MOQ 3,000m, MCQ 500m",$6.95/m,,,,,,,,
Mas IntimatesUnichela,71,no-header-detected,Mas for NY & CO,255239,,,200 m -300 m,1.35$/m,,,,,,,,
Mas IntimatesUnichela,72,no-header-detected,,254824,,,,,,,,,,,,
Mas IntimatesUnichela,77,no-header-detected,Mas for CK SP20 ML,255332,,,200-600,3.55,,,,,,,,
Mas IntimatesUnichela,81,no-header-detected,Mas for CK,255595,,,500,1.83,,,,,,,,
Mas IntimatesUnichela,85,no-header-detected,Mas for THINX,255469,,,200-600 m,3.30,,,,,,,,
Mas IntimatesUnichela,93,no-header-detected,254509,100% PA,PA CHARMEUSE,78 - 83 g/m2,155 - 160 cm,3.57,3000,200-600m.,no yarn & no greige now,12-13 weeks,White J19090486 98 m.,No yarn on stock.,,
Mas IntimatesUnichela,110,no-header-detected,"3,000m.",500m.,255055,easyShape,"47% PA, 53% ELASTANE",152 - 162 cm.,147 - 157 cm.,268 - 296 g/m2,8.9,,,,,
Mas IntimatesUnichela,132,no-header-detected,"3,000m.",500m.,255475,MAGGIE,"57% PA, 43% ELASTANE",148 - 158 cm.,143 - 153 cm.,295 - 325 g/m2,8.75,,,,,
Mas IntimatesUnichela,139,no-header-detected,"3,000m.",500m.,255475,MAGGIE,"57% PA, 43% ELASTANE",148 - 158 cm.,143 - 153 cm.,295 - 325 g/m2,9.75,,,,,
Mas IntimatesUnichela,145,no-header-detected,"3,000m.",500m.,255475,MAGGIE,"57% PA, 43% ELASTANE",148 - 158 cm.,143 - 153 cm.,295 - 325 g/m2,11.15,,,,,
Mas IntimatesUnichela,150,no-header-detected,"3,000 m.",500 m.,257138AA/23,CRYSTAL WATCH 01TH MAS,"72% PA, 28% ELASTANE",180-190,175-185,57-63 G/M2,$3.60/M,45530,,,,
Mas IntimatesUnichela,158,no-header-detected,200-499 m,255758/23,ECRU,100%PES,95-105 cm.,161-179 g/m2,3,,,,,,,
Mas IntimatesUnichela,165,no-header-detected,"5,000m.",200-599 m.,255827AA/55,Recycled Nylon/ Spandex,70% Pre-consumer recycled Polyamide,150 - 155 cm.,43 - 48 g/m2,4.25,,,,,,
Mas IntimatesUnichela,190,no-header-detected,200-600 m.,255729AA/11,CEIBA TM Soft,"64% CO, 36% PA",140-148 cm.,-,100-110 g/m2,4.5,,,,,,
Mastex,7,no-header-detected,01.12.2021,"1,000kg",254555,19,495/kg,,,,,,,,,
Mastex,8,no-header-detected,01.12.2021,500 - 999kg,254555,19,515/kg,,,,,,,,,
Mastex,9,no-header-detected,01.12.2021,200-499kg,254555,19,545/kg,,,,,,,,,
Mastex,11,no-header-detected,01.12.2021,"20,000-50,000m.",254723,30,,28,,,,,,,,
Mastex,12,no-header-detected,01.12.2021,"5,000m.",254723,30,,29,,,,,,,,
Mastex,13,no-header-detected,01.12.2021,"less 5,000m.",254723,30,,32,,,,,,,,
Mastex,15,no-header-detected,01.12.2021,"3,000m.",255028,5.32,,145,,,,,,,,
Mastex,17,no-header-detected,01.12.2021,"2,501-10,000m.",255730,19,,52,,,,,,,,
Mastex,18,no-header-detected,01.12.2021,"10,000-49,999m.",255730,19,,46,,,,,,,,
Mastex,19,no-header-detected,01.12.2021,"50,000m.contract",255730,19,,42,,,,,,,,
Mastex,20,no-header-detected,01.12.2021,"3,000kg",255730,19,595/kg.,,,,,,,,,
Mastex,21,no-header-detected,01.12.2021,"1,000kg",255730,19,650/kg.,,,,,,,,,
Mastex,23,no-header-detected,01.12.2021,200-600m.,255484,40,,52,67,,,,,,,
Mastex,24,no-header-detected,01.12.2021,"601-2,000m.",255484,,,47,61,,,,,,,
Mastex,25,no-header-detected,01.12.2021,"2,001-4,000m.",255484,,,44,57,,,,,,,
Mastex,26,no-header-detected,01.12.2021,"4,001m. over",255484,,,42,55,,,,,,,
Mastex,32,no-header-detected,"3,000m.",200-600m.,255048,PES TULLE INVISIBLE,100% PES,170 - 175 cm.,165 - 170 cm.,18 - 23 g/m2,44,,,,,
Mastex,39,no-header-detected,"3,000 m. (120 kg.)",255048,PES TULLE INVISIBLE,100% PES,170 - 175 cm.,165 - 170 cm.,18 - 23 g/m2,565,,,,,,
Mastex,45,no-header-detected,"3,000m.",200-600m.,255314,PES INVISIBLE TULLE MONO TM,100% PES,153 - 163 cm.,148 - 158 cm.,18 - 23 g/m2,46,,,,,
Mastex,52,no-header-detected,"3,000m.",200-600m.,257062AA,Portono,100% PES,155 - 165 cm.,150 - 160 cm.,15 - 20 g/m2,49,,,,,
Mastex,59,no-header-detected,26.07.2023,"10,000-19,999m.",257062AA,Portono,100% PES,160 - 170 cm.,155 - 165 cm.,18-22 g/m2,36,,,,,
Mastex,65,no-header-detected,27.10.2025,"10,000-19,999m.",257062AA,Portono,100% PES,160 - 170 cm.,155 - 165 cm.,18-22 g/m2,36,,,,,
Mastex,73,no-header-detected,"3,000m.",200-600m.,255769AA,BIANCA TM,100% PES,153 - 163 cm.,148 - 158 cm.,14 - 19 g/m2,50,,,,,
Mastex,81,no-header-detected,"3,000m.",200-600m.,255484,Invisible Tulle Bright,100%PA,152 - 162cm,147 - 157 cm,13 - 18g/m2,52,,,,,
Mastex,88,no-header-detected,43375,"2,000-3,000m.",255028,136,"3,000m. by line on 02.10.18",,,,,,,,,
Mastex,89,no-header-detected,45401,"2,000m.",255028,136,"2,000m. accepted by K. Sivy 19.04.2024",,,,,,,,,
Mastex,93,no-header-detected,08.03.2011,"10,000-49,999m.",254824,66,,,,,,,,,,
Mastex,94,no-header-detected,28.10.2016,"1,000-10,000m.",254824,66,,,,,,,,,,
Mastex,99,no-header-detected,"3,000m.",255826,Recycle PA Elastic Tulle Pascal TM EMB,"70% PA(recycled), 30% ELASTANE",150 - 160 cm.,145 - 155 cm.,50 - 55 g/m2,73,,,,,,
Mastex,101,no-header-detected,"5,000m.",257099,Recycle Seren TM EMB,"82% PA(recycled), 18% ELASTANE",160 - 170 cm.,155 - 165 cm.,45 - 50 g/m2,83,,,,,,
Mastex,103,no-header-detected,"3,000m.",257095,Recycle PES Spandex tulle TM EMB,"70% PES(recycled), 30% ELASTANE",148 - 158 cm.,143 - 153 cm.,52 - 58 g/m2,70,,,,,,
Mastex,148,no-header-detected,"2,000-5,999m.",254555,PES TULLE,100%PES,157 - 162 cm.,152 - 157 cm.,30 - 35 g/m2,60,,,,,,
Mastex,156,no-header-detected,01.12.2021,500 - 999kg,254555,19,515/kg,,,,,,,,,
Mastex,157,no-header-detected,01.12.2021,"1,000kg",254555,19,495/kg,,,,,,,,,
Mastex,158,no-header-detected,05.09.2024,"2,000kg",254555,19,,,,,,,,,,
Mastex,159,no-header-detected,05.09.2024,"3,000kg.",254555,19,,,,,,,,,,
Mastex,160,no-header-detected,05.09.2024,"5,000kg.",254555,19,,485/kg,,,,,,,,
Mastex,161,no-header-detected,15.10.2024,"10,000 kg.+",254555,19,,460/kg,K. Sivy quotes on 15.10.2024,,,,,,,
Mastex,162,no-header-detected,16.10.2024,"10,000 kg.+",254555,19,,457/kg,K. Sivy quotes on 16.10.2024 at GMK meeting,,,,,,,
Mastex,163,no-header-detected,21.10.2024,"10,000 kg.+",254555,19,,450/kg,Final price K. Sivy quotes on 21.10.2024 at ETH Asoke,,,,,,,
Mastex,164,no-header-detected,24.10.2024,"10,000 kg.+",254555,19,,447/kg.,K. Sivy quotes on 23.10.2024 by line.,,,,,,,
Mastex,169,no-header-detected,45608,"3,000 m",350-600 m,255554,PA INVISIBLE ELASTIC,"77% PA, 23% ELASTANE",150 - 160 cm.,145 - 155 cm.,24 - 28 g/m2,78,,,,
Mastex,173,no-header-detected,45608,"3,000 m",350-600 m,257373,"79% Pre-consumer Recycled Polyamide, 21% Elastane",,155-165 cm,150-160 cm,28-32 g/m2,82,,,,
Mastex,181,no-header-detected,257198AA/16,NYF 20f1 SD,100% PA,,,Note 4,RSE 28 E,Rigid tulle,Invisible,PFD price : $1.10 - $1.50/ Color price : $2.20 - $2.90,"Interested to need Greige price 10,000 m.+ 
 Color $2.40-3.00/m.","Greige 10,000 m. yield 40 m./kg. = THB 920/kg.",,
Mastex,182,no-header-detected,257198AA/42,NYF 20f1 SD,100% PA,,>100 Kpa,Note 3,RSE 28 E,Rigid tulle,Invisible,,,,,
Mastex,183,no-header-detected,257243AA/15,NYF 30f3 BR +LUREX 65f3 Gold,80%PA 20%Metallised PES (Lurex),MULTIFLAMENT,>200 Kpa,Note 3,REL 28 E,Mesh,LUREX,PFD price : $2.76 - $2.88/ Color price : $3.85 - $4.55,"MQO 3,000 m. / MCQ 500 m. PFD price $3.00/m. & Color $3.90-4.00/m.",,,
Mastex,184,no-header-detected,257243AA/11,NYF 30f3 BR +LUREX 65f3 Gold,80%PA 20%Metallised PES (Lurex),MULTIFLAMENT,>200 Kpa,Note 3,REL 28 E,Mesh,LUREX,,,,,
Mastex,188,no-header-detected,45608,"3,000 m",200-600 m,257243AA/11,,80%PA 20%Metallised PES (Lurex),165 - 175,160 - 170,33-37 g/m2,-,130,,,
Mastex,199,no-header-detected,45621,"3,000 m",200-599 m.,255766AA/14,,100% PA,165 - 175 cm.,160 - 170 cm.,15 - 20 g/m2,46,,,,
Mastex,204,no-header-detected,45621,"3,000 m",200-599 m.,257028AA/14,Alya TM EMB,100%PA,165 - 175 cm.,160 - 170 cm.,18-22 g/m2,54,,,,
Mastex,214,no-header-detected,01.07.2025 (Revised),"3,000 m.",254824AA/15,ELASTIC TULLE PASCAL TM PFD,"70% PA, 30% ELASTANE",150 - 155 cm.,145 - 150 cm.,48 - 53 g/m2,66,,,,,
Mastex,218,no-header-detected,01.07.2025,"3,000 m.",255826AA/15,Recycle PA Elastic Tulle Pascal TM,"70% PA(recycled), 30% ELASTANE",150 - 160 cm.,145 - 155 cm.,50 - 55 g/m2,73,,,,,
Mastex,220,no-header-detected,01.07.2025,"3,000 m.",255827AA/15,Recycled Pre-Consumer PA + Recycled Pre-Consumer Elastic Tulle Pascal Plus TM,"73% Pre-consumer recycled Polyamide, 16% Pre-consumer recycled Elastane, 11% Conventional Elastane",150 - 160 cm.,145 - 155 cm.,50 - 55 g/m2,78,,,,,
Mastex,222,no-header-detected,01.07.2025,"5,000 m.",257099AA/14,Recycle Seren TM EMB,"82% PA(recycled), 18% ELASTANE",160 - 170 cm.,155 - 165 cm.,45 - 50 g/m2,94,,,,,
Mastex,225,no-header-detected,01.07.2025,"3,000 m.",257182AA/14,,"71% Recyle PA, 28% ELASTANE",157-166 cm.,152-162 cm.,50-55 g/m2,75,,,,,
Mastex,230,no-header-detected,15.07.2025,"5,000 m.",254804AA/15,ELASTIC TULLE TM PFD,"86% PA, 14% ELASTANE",150 - 155 cm.,145 - 150 cm.,45 - 50 g/m2,63,,,,,
Mastex,239,no-header-detected,30.10.2025,200-600m.,254804,ELASTIC TULLE,"86% PA, 14% ELASTANE",147 - 152 cm.,142 - 147 cm.,45 - 50 g/m2,86,,,,,
Mastex,245,no-header-detected,04.09.2025,"3,000 m.",255589AB/15,PES Tulle PFD,100% PES,160 - 165 cm.,155 - 160 cm.,30-35 g/m2,43,,,,,
Mastex,252,no-header-detected,15.01.2026,200-600 m.,255589AB/14,PES Tulle PFD,100% PES,155 - 165 cm.,150 - 160 cm.,30-35 g/m2,67,,,,,
Mizoroki,4,no-header-detected,,,,254933,,,,,,,,PFD USD 1.95 / m. 2100 m.,,
Mizoroki,5,no-header-detected,,,500-2000 m,255730,,,,,1.93 /m,2.5 /m.,,MOQ =3000 m.,,
MIRAE,5,no-header-detected,45870,257067AA/26,"74% POLYMIDE FD, 26% SPANDEX",CLEAN CUT FIT 03TH SOFTPHILIC,150 g/m2,150 cm.,142 cm.,"3,000 m.",500 m.,-,4.25,,,
Milavitsa,6,no-header-detected,257224AA/23,100% PA,180-190,175-185,120-133,5000,500,3.7,,,,,,
Milavitsa,22,no-header-detected,254555AA/14,100% PES,157-162,152-157,30-35,3000,600,1.9,,,,,,
Milavitsa,23,no-header-detected,254559AA/14,100% PA,165-170,160-165,20-25,3000,600,1.9,,,,,,
Milavitsa,24,no-header-detected,254933,"87% PES, 13% Elastane",152-157,147-152,40-45,3000,600,2.35,,,,,,
Milavitsa,25,no-header-detected,255484AA/11,100% PA,152-162,147-157,13-18,3000,600,2.05,,,,,,
Milavitsa,26,no-header-detected,255730AA/14,100% PES (recycled),150-160,145-155,30-35,3000,600,2.15,,,,,,
Milavitsa,27,no-header-detected,255781AA/11,"45% PA,21% CO,34% Elastane",190-200,185-195,275-305,3000,500,13.3,,,,,,
Milavitsa,28,no-header-detected,255855AA/14,100%PES,135-145,130-140,15-20,3000,600,1.6,,,,,,
Milavitsa,29,no-header-detected,255944AA/11,100%PA,160-170,155-165,28-33,3000,600,1.65,,,,,,
Milavitsa,30,no-header-detected,255950AA/11,100%PA,160-170,155-165,125-135,3000,500,3.65,,,,,,
Milavitsa,31,no-header-detected,257139AA/11,100%PA,160-170,155-165,22-26,3000,600,2.15,,,,,,
Milavitsa,45,no-header-detected,257370DA/67,100% PA,165-175,160-170,128-142,5000,500,2.8,,,,,,
Milavitsa,52,no-header-detected,257370DA/67,100% PA,170-180,165-175,128-142,5000,500,2.5,,,,,,
Nagao,5,no-header-detected,,,200-600 m.,254555,,,,,1.35 /m,,,,,
Nagao,10,no-header-detected,,,200-600 m.,255730,,,,,1.55/m,,,,,
Nagao,16,no-header-detected,,,200-500 m.,254933,,,,,1.60/m,,,,,
Nagao,22,no-header-detected,,,200-600m.,255048,,,,,1.83/m.,,,,,
NAYLIT,7,no-header-detected,20.11.2023,3000M,1000M,,255419,"78%PA,22%Elastane",184-204,145-155,160,,,,,
NAYLIT,8,no-header-detected,20.11.2023,3000M,1000M,,255536,"80%PES,20%Elastane",213-236,145-155,180,,,,,
NAYLIT,9,no-header-detected,20.11.2023,3000M,1000M,,255976AA/12,"80%PA, 20%Elastane",218-240,147-157,205,,,,,
NAYLIT,54,no-header-detected,4826,Naylit,A015,,9/24/2024,257239AA/26,"100% Polyester, 75 Denier / 36 Filament Semi Dull DTY","62""","60""",115 g/m2,10000,500,Machine 28 GG,32 baht per yards
NAYLIT,118,no-header-detected,EL.032/24,NK120,20650,257215AA/26,11M,COCONUT MILK,20,,,,,,,
NAYLIT,119,no-header-detected,EL.032/24,NK120,20650,257215AA/26,00A,BLACK,22.5,,,,,,,
NAYLIT,121,no-header-detected,EL.103/24,PR01,303430,257241AA/25,00A,BLACK,35.5,,,,,,,
NAYLIT,122,no-header-detected,EL.105/24,PR01,303430,257241AA/25,04J,STEAM,33,,,,,,,
NAYLIT,123,no-header-detected,EL.103/24,PR01,303430,257241AA/25,10A,WHITE,33,,,,,,,
NAYLIT,124,no-header-detected,EL.156/24,PR01,303430,257241AA/25,11K,SAIL,33,,,,,,,
NAYLIT,125,no-header-detected,EL.103/24,PR01,303430,257241AA/25,3GS,STADIUM GREEN,35.5,,,,,,,
NAYLIT,126,no-header-detected,EL.103/24#1,PR01,303430,257241AA/25,45B,OBSIDIAN,35.5,,,,,,,
NAYLIT,127,no-header-detected,EL.103/24,PR01,303430,257241AA/25,4EC,LT PHOTO BLUE,33,,,,,,,
NAYLIT,128,no-header-detected,EL.156/24,PR01,303430,257241AA/25,4KY,THUNDER BLUE,33,,,,,,,
NAYLIT,129,no-header-detected,EL.103/24,PR01,303430,257241AA/25,55P,DEEP NIGHT,33,,,,,,,
NAYLIT,130,no-header-detected,EL.105/24,PR01,303430,257241AA/25,58B,DOLL,33,,,,,,,
NAYLIT,131,no-header-detected,EL.103/24,PR01,303430,257241AA/25,65N,UNIVERSITY RED,35.5,,,,,,,
NAYLIT,132,no-header-detected,EL.103/24,PR01,303430,257241AA/25,7AX,LT LEMON TWIST,33,,,,,,,
NAYLIT,133,no-header-detected,EL.105/24,PR01,303430,257241AA/25,83F,ORANGE PEEL,33,,,,,,,
NAYLIT,134,no-header-detected,EL.105/24,PR01,303430,257241AA/25,87V,COPPER MOON,33,,,,,,,
NAYLIT,135,no-header-detected,EL.105/24,PR01,303430,257241AA/25,88N,MAGIC EMBER,33,,,,,,,
NAYLIT,136,no-header-detected,EL.246/24,PR01,303430,257241AA/25,4PR,MYSTIC NAVY,33,,,,,,,
NAYLIT,137,no-header-detected,EL.234/24,PR01,303430,257241AA/25,4RE,DENIM TURQ,33,,,,,,,
NAYLIT,138,no-header-detected,EL.296/24,PR01,303430,257241AA/25,3GV,FIERCE GREEN,33,,,,,,,
NAYLIT,139,no-header-detected,EL.004/25,PR01,303430,257241AA/25,26B,MEDIUM ASH,35.5,,,,,,,
NAYLIT,140,no-header-detected,EL.057/25,PR01,303430,257241AA/25,6DF,PEONY,33,,,,,,,
NAYLIT,142,no-header-detected,EL.228/24,MN19,442557,257214BC/25,6KL,GLOBAL RED,42.5,,,,,,,
Others,4,no-header-detected,43139,"2,000m.",500m.,255613,,,,,,,3.77,K. Sivy quoted by line on 08.02.18 to Mark,,
PANACHE,4,no-header-detected,PANACHE,255731AA/14,100 % PES,155 - 165 CM,150 - 160 CM,34 - 39,TBA,200 - 599 m,$3.10,,,,,
PT. Kelwaram,4,no-header-detected,,"25,000 y","25,000y",254555,,,,,0.85,,,"MOQ = 25,000 yard",,
PT. Kelwaram,5,no-header-detected,,,,255730,,,,,,,,,,
PT. Kelwaram,6,no-header-detected,,,,254723,,,,,,,,"PFD- $1.00/m dyed colour $1.35/m MOQ 5,000m , MCQ 500m per color.",,
PT. Kelwaram,7,no-header-detected,,,,254795,,,,,,,,"PFD - $0.90/m dyed colour $1.25/m MOQ 5,000m , MCQ 500m per color.",,
PT. Kelwaram,8,no-header-detected,,,,255720,,,,,,,,"PFD - $2.00/m, dyed $2.50/m MOQ 5,000m , MCQ 500m per color",,
PT. Kelwaram,10,no-header-detected,,,,255584,,,,3.00 .,,,,MOQ =3000,,
PT. Kelwaram,22,no-header-detected,"5,000 yds",255589,PES Tulle,100% PES,155-165,150-160,30-35 g/m2,0.90/ yd,,,,,,
PT. Kelwaram,30,no-header-detected,"5,000 yds",255589,PES Tulle,100% PES,155-165,150-160,30-35 g/m2,0.90/ yd,,,,,,
PT. Kelwaram,38,no-header-detected,"5,000 yds",255589,PES Tulle,100% PES,155-165,150-160,30-35 g/m2,0.90/ yd,"13/3/2026 Update price K.Sivy confirm to use same price 0.9 for ourder 5,000Y (PO#M067115)",,,,,
PT. Kelwaram,46,no-header-detected,"6,000 yds",257001AA/15,Tithonia TM PFD,100% PA,155-165,150-160,34-38 g/m2,1.15/ yd,,,,,,
PT Mirae Asia Pasifix,3,no-header-detected,"3,000m.",500 m,255026,POWER MESH,"65% PA, 35% ELASTANE",203 - 216 cm.,198 - 212 cm.,170 - 190 g/m2,7.55/ m,,,,,
PT Mirae Asia Pasifix,4,no-header-detected,"3,000m.",500 m,255789,OLENDER TM Soft,"60% PA, 40% ELASTANE",170 - 180 cm.,165 - 175 cm.,106 - 118 g/m2,5.55/ m,,,,,
PT Mirae Asia Pasifix,5,no-header-detected,"3,000m.",500 m,255323,ALICIA,"70% PA, 30% ELASTANE",158 - 168 cm.,153 - 158 cm.,256 - 284 g/m2,8.50/ m,,,,,
PT Mirae Asia Pasifix,6,no-header-detected,"3,000m.",500 m,251205,POWER MESH,"86% PA, 14% ELASTANE",185 - 190 cm.,180 - 185 cm.,130 - 140 g/m2,4.45/ m,,,,,
PT Mirae Asia Pasifix,33,no-header-detected,1,257173AA/93,"67% Polyamide BR, 33% Spandex",160,50,3000,500,3.3,,,,,,
PT Mirae Asia Pasifix,34,no-header-detected,2,257181AA/23,"68% Polyamide , 32% Spandex",175,60,3000,500,2.98,,,,,,
PT Mirae Asia Pasifix,35,no-header-detected,3,257043AA/23,"67% PA, 33% Elastane",155-165,47-53,3000,500,3.3,,,,,,
PT Mirae Asia Pasifix,36,no-header-detected,4,257115AA/23,100% PA,135-145,90-100,3000,500,4.25,,,,,,
PT Mirae Asia Pasifix,64,no-header-detected,257119AA/67,"85% PA , 15% ELASTANE",150-160,209-231,3000,500,5.25,,,,,,,
PT Mirae Asia Pasifix,71,no-header-detected,255153,"75% PA, 25% ELASTANE",145 - 155,140 - 150,134 - 148,3000,500,4.2,,,,,,
PT Mirae Asia Pasifix,72,no-header-detected,255156,"65% PA, 35% ELASTANE",165 - 175,160 - 170,175 - 195,3000,500,5.85,,,,,,
PT Mirae Asia Pasifix,89,no-header-detected,100%PA,,256634,Voile Matt,Full 158 - 163 cm,,,,,,,,,
PT Mirae Asia Pasifix,93,no-header-detected,,TULLE Regid,254559,MICHO,,,,,,,,,,
PT Mirae Asia Pasifix,98,no-header-detected,PA+EL,TULLE Elastic,254804,AURORA,Full : 147 - 152 cm.,,,,,,,,,
PT Mirae Asia Pasifix,104,no-header-detected,45890,255028AA/11,"75% PA , 25% ELASTANE",95-105,185-190,non-china yarn,3000,500,3.9,,,,,
PT Mirae Asia Pasifix,105,no-header-detected,45890,254992,"88% PA , 12% ELASTANE",85-95,153-163,non-china yarn,3000,500,2.7,,,,,
PT Mirae Asia Pasifix,109,no-header-detected,45890,255028AA/11,"75% PA , 25% ELASTANE",95-105,185-190,china yarn,3000,500,3.8,,,,,
PT Mirae Asia Pasifix,110,no-header-detected,45890,254992,"88% PA , 12% ELASTANE",85-95,153-163,china yarn,3000,500,2.6,,,,,
Setafil Thailand,4,no-header-detected,254555,PES TULLE,100%PES,157 - 162 cm.,152 - 157 cm.,30 - 35 g/m2,360bht/kg,,26bht/m,,,,,
Setafil Thailand,7,no-header-detected,254582,PA TULLE,100 % PA,157 - 162 cm.,152 - 157 cm.,18 - 23 g/m2,500kg/bht,,24bht/m,,,,,
Setafil Thailand,10,no-header-detected,254559,PA TULLE MICRO-TOUCH,100% PA,165 - 170 cm.,160 - 165 cm.,20 - 25 g/m2,530bht/kg,,29bht/m,,,,,
Setafil Thailand,13,no-header-detected,254933,ELASTIC TULLE CREO,"87% PES, 13% ELASTANE",152 - 157 cm.,147 - 152 cm.,40 - 45 g/m2,400bht/kg,,34bht/m,,,,,
Setafil Thailand,16,no-header-detected,255804,ELASTIC TULLE,"86% PA, 14% ELASTANE",147 - 152 cm.,142 - 147 cm.,45 - 50 g/m2,430bht/kg,,44bht/m,,,,,
Setafil Thailand,19,no-header-detected,255603,Elastic Tulle Pascal Wider,"70% PA, 30% Elastane",155 - 160 cm.,150 - 155 cm.,50 - 55 g/m2,450bht/kg,,49bht/m,,,,,
Setafil Thailand,22,no-header-detected,255048,PES TULLE INVISIBLE,100% PES,170 - 175 cm.,165 - 170 cm.,18 - 23 g/m2,550bht/kg,,34bht/m,,,,,
Setafil Thailand,25,no-header-detected,255314,PES INVISIBLE TULLE MONO,100% PES,153 - 163 cm.,148 - 158 cm.,18 - 23 g/m2,590bht/kg,,34bht/m,,,,,
Setafil Thailand,28,no-header-detected,255484,Invisible Tulle Bright,100%PA,152 - 162cm,147 - 157 cm,13 - 18g/m2,830bht/kg,,40bht/m,,,,,
Setafil Thailand,31,no-header-detected,255239,PA UTRA INVISIBLE TULLE,100% PA,155 - 160 cm.,150 - 155 cm.,15 - 20 g/m2,670bht/kg,,38bht/m,,,,,
Setafil Thailand,35,no-header-detected,254723,PES TULLE TORINO 35,100% PES,155 - 160 cm.,150 - 155 cm.,17 - 22 g/m2,NO OFFER,,25bht/m,,,,,
Setafil Thailand,38,no-header-detected,255584,PES/COTTON COMPACT TULLE,"76% PES, 24% CO",143-153 cm,138-48 cm,40-45 g/m2,500bht/kg,,42bht/m,,,,,
Setafil Thailand,41,no-header-detected,256562,PES VOILE,100% PES,177-182 cm,172-177 cm,33-38 g/m2,420bht/kg,,35bht/m,,,,,
Setafil Thailand,44,no-header-detected,256530,PA VOILE TRILOBAL,100% PA,153 - 158 cm.,148 - 153 cm.,38 - 43 g/m2,420bht/kg,,35bht/m,,,,,
Setafil Thailand,47,no-header-detected,255363,PA VOILE BRIGHT,100% PA,150 - 160 cm.,145 - 155 cm.,18 - 23 g/m2,,,36bht/m,,,,,
Setafil Thailand,53,no-header-detected,255305,PES PIQUET,100% PES,150 - 160 cm.,145 - 155 cm.,33 - 37 g/m2,520bht/kg,,30bht/m,,,,,
Setafil Thailand,54,no-header-detected,255560,PES TULLE CHOICE,100% PES,160 - 170 cm.,155 - 165 cm.,25 - 30 g/m2,370bht/kg,,27bht/m,,,,,
Setafil Thailand,55,no-header-detected,255621,MYLA 03 TM PFD,100% PES,148 - 158 cm.,143 - 153 cm.,45 - 50 g/m2,720bht/kg,,63bht/m,,,,,
Setafil Thailand,56,no-header-detected,254804,ELASTIC TULLE,"86% PA, 14% ELASTANE",147 - 152 cm.,142 - 147 cm.,45 - 50 g/m2,465bht/kg,,42bht/m,,,,,
Setafil Thailand,57,no-header-detected,255010,PES TULLE RHOMBE / POINT,100% PES,145 - 150 cm.,140 - 145 cm.,24 - 29 g/m2,600bht/kg,,42bht/m,,,,,
Setafil Thailand,58,no-header-detected,255080,PES TULLE BUDGET,100% PES (PLEATING),150-155 cm.,145-150 cm.,35 - 40 g/m2,No offer,,No offer,USD 3.30/M (FOB BANGKOK),,,,
Setafil Thailand,59,no-header-detected,255539,PES VOILE 150 cm.,100% PES,145 - 155 cm.,140 - 150 cm.,33 - 38 g/m2,385bht/kg,,30bht/m,,,,,
Setafil Thailand,60,no-header-detected,256575,PES VOILE LIGHT,100% PES,170 - 175 cm.,165 - 170 cm.,23 - 28 g/m2,435bht/kg,,31bht/m,,,,,
Setafil Thailand,61,no-header-detected,255099,PES TULLE,100% PES,150 - 155 cm.,145 - 150 cm.,20 - 25 g/m2,380bht/kg,,29bht/m,,,,,
Setafil Thailand,62,no-header-detected,255699,PORTO INVISIBLE TM EMB,100% PES,152 - 162 cm.,147 - 157 cm.,15 - 20 g/m2,No offer,,40bht/m,,,,,
Setafil Thailand,63,no-header-detected,255399,DIAMOND,"76% PA, 24% ELASTANE",150 - 160 cm.,145 - 155 cm.,95 - 105 g/m2,No offer,,No offer,,,,,
Setafil Thailand,64,no-header-detected,254588,PES TULLE ALPHA TM PFD,100% PES,152 - 157 cm.,147 – 152 cm.,23 - 28 g/m2,No offer,,24bht/m,,,,,
Setafil Thailand,65,no-header-detected,255141,ELASTIC TULLE GRAPHIC,"85% PA, 15% ELASTANE",142 - 152 cm.,137 - 147 cm.,46 - 52 g/m2,No offer,,85bht/m,,,,,
Setafil Thailand,66,no-header-detected,255165,TATTOO,100% PES,137 - 142 cm.,132 - 137 cm.,12 - 17 g/m2,No offer,,37bht/m,,,,,
Setafil Thailand,67,no-header-detected,255204,DOUBLE CHECK,100% PES,152 - 157 cm.,147 - 152 cm.,35 - 40 g/m2,No offer,,42bht/m,,,,,
Setafil Thailand,68,no-header-detected,255196,PES TULLE STAR,100% PES,157 - 162 cm.,152 - 157 cm.,30 - 35 g/m2,No offer,,52bht/m,,,,,
Setafil Thailand,69,no-header-detected,254786,PES TORINO POINT,100% PES,158 - 163 cm.,153 - 158 cm.,20 - 25 g/m2,No offer,,43bht/m,K. Sivy confirmed by e-mail on 04.07.2023 to keep this same price.,,,,
Setafil Thailand,70,no-header-detected,255167,TATTOO,100% PA,152 - 157 cm.,147 - 152 cm.,15 - 20 g/m2,No offer,,35bht/m,,,,,
Setafil Thailand,71,no-header-detected,255610,MYLA 01,"91% PA, 9% Metallised PES ( LUREX )",145 - 155 cm.,140 - 150 cm.,48 - 53 g/m2,,,50bht/m,,,,,
Setafil Thailand,72,no-header-detected,255691,ALPHA LUREX TM EMB,"64% PA, 36% LU",140 - 150 cm.,135 - 145 cm.,30 - 35 g/m2,,,60bht/m,,,,,
Setafil Thailand,73,no-header-detected,255674,TATTOO LUREX TM EMB,"65% PA, 35% ELASTANE",140 - 150 cm.,135 - 145 cm.,30 - 35 g/m2,,,60bht/m,,,,,
Setafil Thailand,74,no-header-detected,255640,LUNA TM Soft,100% PA,155 - 165 cm.,150 - 160 cm.,23 - 28 g/m2,,,35bht/m,,,,,
Setafil Thailand,75,no-header-detected,255322,MERCY,"92% PA, 8% Metallised PES ( LUREX )",160 - 170 cm.,155 - 165 cm.,33 - 37 g/m2,DISCONTINUED,,,,,,,
Setafil Thailand,81,no-header-detected,70%PA 30%ELASTANE,255603,Elastic Tulle Pascal Wider,PFD,,,,63,54.5,52,51,"05.05.2026 : Updated unit price, No % for discount, K. Sivy quoted.",,
Setafil Thailand,82,no-header-detected,70%PA 30%ELASTANE,254824,Elastic Tulle Pascal,PFD,76,,,,,52,51,"7.12.21 : Updated unit price, 12.02.2024 THB76/m. for 200 m. same as STG",,
Setafil Thailand,85,no-header-detected,100 % PA,255484,,PFD,,,,,,40,30,7.12.21 : Updated unit price,,
Setafil Thailand,88,no-header-detected,100 % PA,256634,Voile Matt,PFD,,,,,,36,34,,,
Setafil Thailand,89,no-header-detected,100% PES,255730,PES Recycled Havana,PFD,,,,,,40,37,,,
Setafil Thailand,90,no-header-detected,"70% PA, 30% ELASTANE",255827,Recycle PA+Recycle spandex,PFD,,,,,,77,,,,
Setafil Thailand,91,no-header-detected,100% PES,255099,PES TULLE,PFD,20 (PFD stock only) on 30.06.2025,,,20 (PFD stock only),,22,,"K. Sivy quoted PFD THB 20/m. for PFD stock, give 5% discount on 27.03.2025, on 30.06.2025",,
Setafil Thailand,92,no-header-detected,100% PES,255165,TATTOO,PFD,,,,,,37,,,,
Setafil Thailand,93,no-header-detected,"87% PES, 13% ELASTANE",254933,ELASTIC TULLE CREO,PFD,41,,,,,41,,"for PO#BE55755 / OC#OC-2500462 = 400 m. @THB41.00/m. only for PFD stock, but no 5% discount quoted by K. Sivy on 29.042025",,
Setafil Thailand,94,no-header-detected,100% PES,255010,PES TULLE RHOMBE / POINT,PFD,,,,,,35,,,,
Setafil Thailand,95,no-header-detected,100% PA,255167,TATTOO,PFD,,,,,,35,,K. Sivy OK to keep this price valid 6 months (November) on 10.05.2023,,
Setafil Thailand,96,no-header-detected,100% PA,255167,TATTOO,,,,,,,,,Black stock 150 m. @THB 50/m. on 10.05.2023,,
Setafil Thailand,97,no-header-detected,"75% PA, 25% ELASTANE",255028,POWER MESH,PFD,,,,,,122,,,,
Setafil Thailand,98,no-header-detected,100% PES,255776,RECYCLE TORINO 35 TM Soft,PFD,,,,,,31,,,,
Setafil Thailand,99,no-header-detected,100% PES,255699,PORTO INVISIBLE TM,PFD,,,,,,40,,,,
Setafil Thailand,100,no-header-detected,"76% PES, 24% CO",255777,POPLAR,PFD,,,,,,53,,,,
Setafil Thailand,101,no-header-detected,100% PA,255828,Recycle PA TULLE,PFD,,,,,,39,38,"K. Sivy need the same as STG price on e-mail 27.07.2023, to have greige from STG.",,
Setafil Thailand,102,no-header-detected,"70% Recycled PES, 30% Recycled Elastane",255908,RECYCLE PES ELASTIC TULLE TM PFD,PFD,,,,,,TBA,,rechk with Xiaojing,,
Setafil Thailand,103,no-header-detected,100% PES,256575,Light Voile,PFD,,,,,,31,25,,,
Setafil Thailand,104,no-header-detected,100% PES,254555,Havana,PFD,,,,,,30,29,26.11.21 : Updated unit price,,
Setafil Thailand,108,no-header-detected,100% PES,254588,ALPHA TATTOO,PFD,,,,,,24,20,,,
Setafil Thailand,109,no-header-detected,100% PES,255676,PES TULLE RIGID,PFD,,,,,,72,,,,
Setafil Thailand,110,no-header-detected,100 % PA,256530,THILOBAL VOILE,PFD,,,,,,36,34,,,
Setafil Thailand,111,no-header-detected,100% PA,254559,MICHO,PFD,,,,,,31,29,,,
Setafil Thailand,112,no-header-detected,100 % PA,254580,MARVIN,PFD,,,,,,32,31,,,
Setafil Thailand,113,no-header-detected,100 % PA,254582,SABA,PFD,,,,,,28,26,,,
Setafil Thailand,114,no-header-detected,100 % PA,255363,Voile BRIGHT,PFD,,,,,,36,30,,,
Setafil Thailand,115,no-header-detected,90%PA 10%ELASTANE,254823,SENA,PFD,,,,,,51,50,,,
Setafil Thailand,116,no-header-detected,"86% PA, 14% ELASTANE",255193,TERESA,PFD,,,,,,107,,,,
Setafil Thailand,117,no-header-detected,79%PA 21%ELASTANE,255554,INVISIBLE ELASTANE,PFD,,,,,,49,44,22.12.21 : Updated unit price,,
Setafil Thailand,123,no-header-detected,79%PA 21%ELASTANE,255555,INVISIBLE ELASTANE,PFD,,,,,,,,200 m. @THB 65/m. K. Sivy quoted 09.01.23,,
Setafil Thailand,124,no-header-detected,67%PA 33%ELASTANE,257043AA,Crytal 01 narrow,PFD,,,,,,TBA,,rechk STG price,,
Setafil Thailand,125,no-header-detected,80%PA 20%ELASTANE,255708AA,Canes,PFD,,,,,,TBA,,rechk STG price,,
Setafil Thailand,126,no-header-detected,68%PA 32% ELASTANE,255707AA,Cannis,PFD,,,,,,TBA,,rechk STG price,,
Setafil Thailand,127,no-header-detected,70%PA 30% ELASTANE,255345,Tammy,PFD,,,,,,TBA,,rechk STG price,,
Setafil Thailand,128,no-header-detected,70%PA 30% ELASTANE,254956,,PFD,,,,,,85,,,,
Setafil Thailand,129,no-header-detected,100% PA,255288,ICE NET TATTOO,PFD,,,,,,32,,,,
Setafil Thailand,130,no-header-detected,"70% PA, 30% ELASTANE",255826,Recycle PA Elastic Tulle Pascal,PFD,,,,,,67,,,,
Setafil Thailand,131,no-header-detected,CO/PA PIQUE,256524,,PFD,,,,,,98,94,,,
Setafil Thailand,132,no-header-detected,100%PES,254723,,PFD,,,,,,30,25,16.12.21 : Updated unit price,,
Setafil Thailand,134,no-header-detected,100% PA,251051,PA CHARMEUSE 2020,PFD,,,,,,32,,,,
Setafil Thailand,135,no-header-detected,"86%PA, 14% ELASTANE",254804,ELASTIC TULLE,PFD,,,,,,48,45,22.12.21 : Updated unit price,,
Setafil Thailand,137,no-header-detected,"86%PA, 14% ELASTANE",254804,ELASTIC TULLE,PFD,,,,,,50,47,19.08.22 - updated price by K.Sivy,,
Setafil Thailand,139,no-header-detected,100% PES,255539,PES VOILE 150CM.,PFD,,,,,,28,27,22.12.21 : Updated unit price,,
Setafil Thailand,141,no-header-detected,100% PES,254741,PES TULLE POINT,PFD,59,50,47,,,,,"K. Sivy quoted on 14.03.2024, give 5% discount for end buyer Surelace/Potencier",,
Setafil Thailand,142,no-header-detected,100%PA,255021,PA TULLE PUNTO,PFD,75,65,62,,,,,"K. Sivy quoted on 14.03.2024, give 5% discount for end buyer Surelace/Potencier",,
Setafil Thailand,143,no-header-detected,100%PA,255021,PA TULLE PUNTO,PFD,,,,,,60,,"K. Sivy quoted on 13.03.2025, give 5% discount for end buyer SLD China",,
Setafil Thailand,144,no-header-detected,"82% PA, 18% ELASTANE",255022,Power Mesh,PFD,,,,,,105,,"K. Sivy quoted on 15.03.2024, give 5% discount for end buyer Surelace/Potencier",,
SLD China,12,no-header-detected,254555,100%PES,Greige,"approx net weight 1,472 kg. 
 ( approx finished fabric 32,000 m.)","approx net weight 2,944 kg. 
 (approx finished fabric 64,000 m.)","approx net weight 1,472 kg. 
 ( approx finished fabric 32,000 m.)","approx net weight 2,944 kg. 
 (approx finished fabric 64,000 m.)",,,,,,,
SLD China,19,no-header-detected,255484,100%PA,Greige,"approx net weight 742.40 kg.
 (approx finished fabric 32,000 m.)","approx net weight 1,484.80 kg 
 (approx finished fabric 64,000 m.)","approx net weight 742.40 kg.
 (approx finished fabric 32,000 m.)","approx net weight 1,484.80 kg 
 (approx finished fabric 64,000 m.)",,,,,,,
SLD China,26,no-header-detected,13.03.2025,"3,000m.","3,000 m.",255021,PA TULLE PUNTO,100% PA,158 - 163 cm.,153 - 158 cm.,35 - 40 g/m2,2.3,,,,
SLD China,32,no-header-detected,14.03.2025,"3,000m. (188 kg.)","3,000m. (188 kg.).",255021,PA TULLE PUNTO,100% PA,158 - 163 cm.,153 - 158 cm.,35 - 40 g/m2,33,,,,
STG,5,no-header-detected,100% PES,Voile Regid,256575,Light Voile,PFD,,,,31,25,,,,
STG,9,no-header-detected,100% PES,Tulle Regid,254555,Havana,,200 m,400 m,600 m,1000 m+,5000 m,,,,
STG,13,no-header-detected,,,,254599,,,,,,,,,,
STG,20,no-header-detected,Full width : 158-163 cm,Tulle Torino,254723,,PFD,,,,30,25,MOQ 3000M,,,
STG,21,no-header-detected,Usable width : 155-160 cm,35TM soft,New art.S-213 TURIN,254580,White,61,56,51,48,,Offer : 25/6/2024,,,
STG,25,no-header-detected,100%PES,,257064AA,,PFD,,,48,45,,,,,
STG,30,no-header-detected,100% PES,Sport,255676,PES TULLE RIGID,PFD,92,92,82,72,,,,,
STG,41,no-header-detected,100% PES Multifilament (PE30f6 SD),,255539AA,PE voile,PFD,,,,30,29,MOQ : 3000M,,,
STG,47,no-header-detected,100% PES,Fantasy,254588,ALPHA TATTOO,PFD,,,,24,20,,,,
STG,52,no-header-detected,50%PES 50%PES CD,Rigid Tulle,255557,PES OUTER MELANGE,PFD,,,,62,59,"MOQ : 3,000M",,,
STG,58,no-header-detected,100%PE,Fantasy,255204,DOUBLE CHECK,PFD,,,,64,61,"MOQ : 3,000M",,,
STG,64,no-header-detected,100% PA,Fantasy,255288,ICE NET TATTOO,PFD,,,,32,,,,,
STG,69,no-header-detected,100 % PA,Voile Regid,256530,THILOBAL VOILE,PFD,,,,36,34,,,,
STG,74,no-header-detected,100 % PA Multifilament,,256634,Voile Matt,PFD,,54,45,36,34,,,,
STG,79,no-header-detected,100 % PA,TULLE Regid,254559,MICRO,PFD,,,,31,29,,,,
STG,80,no-header-detected,,,New art.S-202 OSAKA,254804,white,78,71,59,56,,,,,
STG,84,no-header-detected,Full width : 155-160cm,,254580,MARVIN,PFD,,,,32,31,,,,
STG,99,no-header-detected,100 % PA,Invisible,255363,Voile BRIGHT,PFD,,,,36,30,,,,
STG,104,no-header-detected,100% PA,Invisible,255484,INVISIBLE BRIGHT,PFD,,,,40,30,Original,,,
STG,115,no-header-detected,100% PA Monofilament,Tulle Rigid,257139,,PFD,,,,49,44,offer 01/02/2024,,,
STG,120,no-header-detected,100% PA Multifilament,Rigid,257127AA/14,,PFD,,54,,36,34,,,,
STG,125,no-header-detected,100% PA,Lining Charmeuse,251051,PA CHARMEUSE 2020,PFD,,,,32,,PRICE 14/12/2022,,,
STG,130,no-header-detected,100%PA,FANTASY,257206AA,TREDDY,PFD,,,,67,63,rev.price 22.11,,,
STG,135,no-header-detected,100%PA Monofilament,,257201AA,,PFD,,,,28,26,Update price 07/11/2024,,,
STG,141,no-header-detected,100% PA,,257198AA,,PFD,,,,28,26,update price 07/11/2024,,,
STG,147,no-header-detected,100% PA Monofilament,,257200AA,,PFD,,,,37,32,Price offer 07/11/2024,,,
STG,161,no-header-detected,79%PA 21%ELASTANE,Invisible,255554,INVISIBLE ELASTANE,PFD,,,,49,44,,,,
STG,173,no-header-detected,86%PA 14%ELASTANE,Elastic Tulle,254804,AURORA,PFD,,58,,48,45,,,,
STG,183,no-header-detected,Full width : 147-152 cm,Elastic Tulle Pascal,254824,Pascal,PFD,76,68,60,52,51,,,,
STG,187,no-header-detected,70%PA 30%EA multifilament,Elastic Tulle Pascal,255603,Pascal wider width,,200 m,400 m,600 m,1000 m+,5000 m,,,,
STG,192,no-header-detected,87% PES 13% EA,Elastic Tulle,254933,CREO,,200 m,400 m,600 m,1000 m+,5000 m,,,,
STG,198,no-header-detected,65%PA 35%ELASTANE,Elastic Tulle,255785,ELIVINA TM Soft,PFD,,,,54,49,price offer 21/5/2024,,,
STG,203,no-header-detected,"86% PA, 14% ELASTANE",,255782AA/11,NEMESIS TM Soft,Black,THB 110 / m for black = 3000 m.,,,,,K.Sivy cfm price 29/10,,,
STG,208,no-header-detected,67%PA 33%ELASTANE,STRETCH TULLE,257043AA,Crytal 01 narrow,PFD,,,,,,MOQ = 3000M,,,
STG,213,no-header-detected,80%PA 20%ELASTANE,STRETCH TULLE,255708AA,Canes,PFD,,,,,,MOQ = 3000M,,,
STG,218,no-header-detected,68%PA 32% ELASTANE,STRETCH TULLE,255707AA,Cannis,PFD,,,,,,MOQ = 3000M,,,
STG,223,no-header-detected,70%PA 30% ELASTANE,,255345,Tammy,PFD,,,125,,,,,,
STG,227,no-header-detected,70%PA 30% ELASTANE,ELASTIC TULLE PASCAL,254956,,,200 m,400 m,600 m,1000 m+,,,,,
STG,233,no-header-detected,PA6 MONOFILAMENT,,257097AA,,PFD,,,,72,64,MAIL K.SIVY 9 March,,,
STG,243,no-header-detected,PA6 MONOFILAMENT,,257098,,White,103,98,91,86,,valid 6 months,,,
STG,247,no-header-detected,80%PA 20% ELASTANE,Bra & panty,255485,FAIRY,,200 m,400 m,600 m,1000 m+,5000 m,,,,
STG,254,no-header-detected,"87% PA, 13% ELASTANE",Power mesh,257129AA/11,,PFD,,,,120,110,price offer 06.02.2023,,,
STG,258,no-header-detected,82% PA 18%EA,Power mesh,255022,,,,,500-600 m,1000 m+,5000 m,,,,
STG,263,no-header-detected,88%PA 12%EA,Power mesh,254992,,,200 m,400 m,600 m,1000 m+,5000 m,,,,
STG,269,no-header-detected,Fashion and fantasy fabric,Fantasy,254949AA/11,ELASTIC TULLE ESPRIT,PFD,,,,,,MOQ =2000,,,
STG,275,no-header-detected,"86% PA, 14% ELASTANE",Fantasy,255193,TERESA,PFD,120,,,107,,update price 06.06.2024,,,
STG,280,no-header-detected,85%PA 9%EA,Fantasy,255469AB/11,MERCY STRETCH TM SOFT,White,,,131,125,,MOQ =2000,,,
STG,284,no-header-detected,80%PA 20%Metallised PES (lurex),Fantasy,257243AA/11,,PFD,,,,82,79,,,,
STG,310,no-header-detected,74%PA 26%EA,,257154AA,,PFD,,,,140,135,,,,
STG,315,no-header-detected,73%PE 27%EA,POWER MESH,255628,ASTER,All colors,197,,,,,MCQ : 500M,,,
STG,321,no-header-detected,65%PA35%EA,POWER MESH,255026,,All colors,210,,,,,MCQ : 500M,,,
STG,327,no-header-detected,72%PA 28%EA,POWER MESH,255042,,All colors,155,,,,,MCQ : 500M,,,
STG,335,no-header-detected,100% PES Recycle,Recyecle,255730,Havana recycled,PFD,,,,40,37,,,,
STG,340,no-header-detected,"70% Recycle PA, 30% EA",RECYCLE,255826,Recycle PA Elastic Tulle Pascal,PFD,,,,70,,update price,,,
STG,346,no-header-detected,"70% Recycle PA, 30% Recycle EA",RECYCLE,255827,Recycle PA+Recycle spandex,PFD,,,,79,,update price,,,
STG,351,no-header-detected,100% RecylePA,RECYCLE,255828,Recycle PA Tulle,PFD,,,,39,38,update price,,,
STG,357,no-header-detected,Regina Recycle,RECYCLE,257066AA,,PFD,,,,49,45,price offering 4/May,,,
STG,362,no-header-detected,"82% Recycle PA, 18% EA",RECYCLE,257099,,PFD,,,,92,90,update price 29/2/2024,,,
STG,367,no-header-detected,86%PA recycle 14%EA,RECYCLE,257102,,PFD,,,,70,65,,,,
STG,376,no-header-detected,87%Recycle PE 13%EA,RECYCLE,257101,,,200 m,400 m,600 m,1000 m+,5000 m,Price offer 31/7/23,,,
STG,382,no-header-detected,76%Recycle PE 24%Cotton,RECYCLE,255777,POPLAR TM EMB,PFD,,,,53,51,Price offer 26/4/2024,,,
STG,388,no-header-detected,100%PES RECYCLE,RECYCLE,255776,,PFD,,,,35,30,Price offer 16/4/2024,,,
STG,394,no-header-detected,"79% Pre-consumer Recycled 
Polyamide, 21% ELASTANE",RECYCLE,257373AA,,PFD,,,,60,54,price 27/9/2024,,,
STG,400,no-header-detected,100%pre-consumer recycled PA,RECYCLE,257247CA,,PFD,,,,44,34,price 8/11/2024,,,
STG,408,no-header-detected,59%CO/41%PA PIQUE,Tulle rigid,256524,,PFD,,,,98,94,price offer 06.02.2023,,,
STG,413,no-header-detected,"Polyamide 47.0%,",,257137AA,,PFD,,,,170,155,,,,
STG,417,no-header-detected,100%Cotton,Natural,257203AA,,,200 m,400 m,600 m,1000 m+,5000 m,,,,
STG,423,no-header-detected,97%Cotton 3%PA,Natural,257204AA,,PFD,,,,117,105,MOQ : 3000M,,,
STG,428,no-header-detected,97%Cotton 3%EA,Natural,257205AA,,PFD,,,,110,98,price valid 6 months,,,
STG,432,no-header-detected,84%Cotton 16%EA,Natural,257253AA,,,200 m,400 m,600 m,1000 m+,5000 m,,,,
STG,437,no-header-detected,76%PE 24%CO,Natural,255584,PES/Cotton compact Tulle fine TM EMB,,200 m,400 m,600 m,1000 m+,5000 m,,,,
STG,444,no-header-detected,100%PES,,255196,Star,PFD,,,,52,50,Price : 26/7/23,,,
STG,448,no-header-detected,100%recycle PE,,255196,,PFD,,,,55,53,MOQ 3000M MCQ : 500M,,,
SUEDOECONOMIC,6,no-header-detected,257185AA/67,"78% PA, 22% Elastane",165-175,160-170,266-294,5000,500,7.95,,,,,,
SUEDOECONOMIC,7,no-header-detected,255781AA/11,"45%PA , 21%CO, 34% Elastane",190-200,185-195,275-305,5000,500,13.05,,,,,,
SUEDOECONOMIC,8,no-header-detected,255835BA/25,"87%PA , 13% Elastane",195-205,190-200,202-224,5000,500,6.75,,,,,,
Thai Wacoal,4,no-header-detected,"3,000m.",200 - 499m.,254824AB/14,ELASTIC TULLE PASCAL CFE TM EMB,"70% PA, 30% ELASTANE",147 - 152,142 - 147 cm.,50 - 55 g/m2,160,,,,,
Timex,5,no-header-detected,254990,354990,All colors,,200m.,3.37,,,,,,,,
Timex,8,no-header-detected,,255042,,,MCQ =480 m,$ 8,,,,,,,,
Timex,13,no-header-detected,End of buyer Alitizia,255028,,,MCQ = 200 m.,$ 6.17,,,,,,,,
Triumph art. 254615 old until N,33,no-header-detected,200 m. and more,254615,PA Tuell-SH,100%PA,ca 137-142 cm.,35-40g/m2,2.65,,,,,,,
Triumph art. 254615 old until N,37,no-header-detected,200 m. and more,254615,PA Tuell-SH,100%PA,ca 137-142 cm.,35-40g/m2,2.8,,,,,,,
Triumph art. 254615 old until N,44,no-header-detected,200 m. and more,254615,PA Tuell-SH,100%PA,ca 137-142 cm.,35-40g/m2,2.65,,,,,,,
Triumph art. 254615 old until N,48,no-header-detected,200 m. and more,254615,PA Tuell-SH,100%PA,ca 137-142 cm.,35-40g/m2,2.8,,,,,,,
Triumph art. 254615 old until N,53,no-header-detected,,257066AA,recycled version,,,,,,,,,,,
Triumph art. 254615 updated sta,6,no-header-detected,200-599 m.,137 cm.,254615,30004230,15401,All colors,2.55,,,,,,,
Triumph art. 254615 updated sta,7,no-header-detected,600 m. up,137 cm.,254615,30004230,15401,All colors,2.2,,,,,,,
Triumph art. 254615 updated sta,337,no-header-detected,15401-137,254615,2.8,2.2,,,,,,,,,,
Triumph-Busana254615 updated st,6,no-header-detected,200-599 m.,137 cm.,254615,30004230,15401,All colors,2.55,,,,,,,
Triumph-Busana254615 updated st,7,no-header-detected,600 m. up,137 cm.,254615,30004230,15401,All colors,2.2,,,,,,,
Triumph-Busana254615 updated st,337,no-header-detected,15401-137,254615,2.8,2.2,,,,,,,,,,
Triumph art. 255193,2,no-header-detected,,,,,,,,"Eschler Thaiknit Co.,Ltd",255193,Teresa,Usable width 145cm,All colors expect Neon color,4.67,USD
Triumph German price recycle ,9,no-header-detected,Triumph German,257182AA/14,"72% Recyle PA, 28% EL",157 - 166,152 - 162,50 - 55,3000,600,$2.95,,,,,
Triumph-PT Busana (257066AA11),18,no-header-detected,257066AA/11,,140-150 cm,,135-145 cm,,White & Black,,100% Recycled PA,,USD 2.95/ m for White and Black colour,,40-45 g/m2,
UTAX,6,no-header-detected,255634AA/11,"77.5% PA, 22.5% ELASTANE",170 - 180,165 - 175,137 - 152,3000,500,3.8,,,,,,
UTAX,13,no-header-detected,255060,"75% PA, 25% ELASTANE",145-150,140-145,138-142,3000,500,4.25,,,,,,
UTAX,14,no-header-detected,251168,"72% PA, 28% ELASTANE",153-158,148-153,125-135,3000,500,4,,,,,,
UTAX,15,no-header-detected,255153,"75% PA, 25% ELASTANE",145-155,140-150,138-148,3000,500,4.15,,,,,,
VAN Huasen,10,no-header-detected,257043AA/23,67% POLYAMIDE 33% SPANDEX,155 - 165,150 - 160,47 - 53,3000,1000,$3.05,,,,,,
VAN Huasen,11,no-header-detected,255691AA/26,"65% PA, 35% METALISSED PES ( LUREX)",140 - 150,135 - 145,33 - 38,3000,1000,$2.45,,,,,,
VAN Huasen,12,no-header-detected,255621,"80% PA, 20% METALLISSED PES ( LUREX)",148 - 158,143 - 153,45 - 50,3000,1000,$2.65,,,,,,
VAN Huasen,13,no-header-detected,255399AA/11,"76% PA, 24% ELASTANE",150 - 160,145 - 155,95 - 105,3000,1000,$4.70,,,,,,
VAN Huasen,14,no-header-detected,255271,"75% PA, 25% ELASTANE",150 - 155,145 - 150,52 - 57,3000,1000,$2.50,,,,,,
VAN Huasen,15,no-header-detected,255167,100% PA,152 - 157,147 - 152,15 - 20,3000,1000,$1.50,,,,,,
VAN Huasen,18,no-header-detected,255141,"85% PA, 15% ELASTANE",142 - 152,137 - 147,46 - 52,3000,1000,$2.90,,,,,,
VAN Huasen,19,no-header-detected,254763AA/11,"84% PA, 16% ELASTANE",150 - 155,145 - 150,40 - 45,3000,1000,$2.90,,,,,,
VAN Huasen,20,no-header-detected,251208,"80% PA, 20% ELASTANE",143 - 148,138 - 143,68 - 73,3000,1000,$2.35,,,,,,
VAN Huasen,21,no-header-detected,255469AB/11,"85% PA, 9% ELASTANE, 6% METALISSED PES ( LUREX)",167 - 177,162 - 172,61 - 69,3000,1000,$2.95,,,,,,
VAN Huasen,22,no-header-detected,255350AA/11,"76% PA, 24% ELASTANE",150 - 160,145 - 155,95 - 105,3000,1000,$4.80,,,,,,
VAN Huasen,23,no-header-detected,255346,"80% PA, 20% ELASTANE",145 - 155,140 - 150,57 - 63,3000,1000,$2.90,,,,,,
WEDTEX,2,no-header-detected,,"5,000m.","5,000m.",255603,,1.9,2.65,Quote price by K.Sivy by LINE application on 29.10.18,,,,,,
WEDTEX,3,no-header-detected,,"5,000m.","5,000m.",254559,,1.05,1.5,Quote price by K.Sivy by LINE application on 29.10.18,,,,,,
WEDTEX,4,no-header-detected,,"5,000m.","5,000m.",254933,,1.25,1.7,Quote price by K.Sivy by LINE application on 29.10.18,,,,,,
WEDTEX,5,no-header-detected,,"5,000m.","5,000m.",255584,,1.6,2,Quote price by K.Sivy by LINE application on 29.10.18,,,,,,
WEDTEX,6,no-header-detected,,"5,000m.","5,000m.",254723,,0.9,1.4,Quote price by K.Sivy by LINE application on 29.10.18,,,,,,
WEDTEX,7,no-header-detected,,"5,000m.","5,000m.",255484,,1.4,1.8,Quote price by K.Sivy by LINE application on 29.10.18,,,,,,
WEDTEX,8,no-header-detected,,"5,000m.","600-2,000m.",255484,,$1.50,$1.95,Quoted by K.Sivy at GMK office on 22.09.20,,,,,,
WEDTEX,11,no-header-detected,,"5,000m.","600-2,000m.",255484,,1.55,2,Quoted by K.Sivy at Asoke office on 25.10.22,,,,,,
WEDTEX,14,no-header-detected,,"5,000m.","5,000m.",255239,,1.4,1.85,Quote price by K.Sivy by LINE application on 29.10.18,,,,,,
WEDTEX,15,no-header-detected,,"5,000m.","5,000m.",254555,,0.88,1.3,,,,,,,
WEDTEX,16,no-header-detected,,"5,000m.","5,000m.",255560,,0.84,1.15,,,,,,,
WEDTEX,17,no-header-detected,,"5,000m.","500-1,999m.",254933,,,2.25,Step price & quoted by K.Sivy by LINE on 28.08.19,,,,,,
WEDTEX,18,no-header-detected,,"5,000m.","2,000-4,999m.",254933,,,1.9,,,,,,,
WEDTEX,19,no-header-detected,,"5,000m.","5,000m.+",254933,,,1.7,,,,,,,
WEDTEX,20,no-header-detected,,"5,000m.",200 - 400 m.,254933,,1.6,2.75,price update : 4/09/2019,,,,,,
WEDTEX,21,no-header-detected,,"5,000m.","501 - 1,000 m.",254933,,1.45,2.35,,,,,,,
WEDTEX,22,no-header-detected,,"5,000m.","1,001 - 3,000 m.",254933,,1.4,2.18,,,,,,,
WEDTEX,23,no-header-detected,,"5,000m.","3,001 - 5,000 m.",254933,,1.32,2.15,,,,,,,
WEDTEX,24,no-header-detected,,"5,000m.","5,000 m. +",254933,,1.28,2.1,,,,,,,
WEDTEX,25,no-header-detected,,"5,000 m.","5,000 m. +",254933,,,2.1,"6.09.22 - mail by P'Wai ( price for Running color BK, Ivory and Skin only )",,,,,,
WEDTEX,26,no-header-detected,,"5,000 m.","1,001 - 3,000 m.",254933,,,2.25,6.09.22 - mail by P'Wai ( price for Fashion color ),,,,,,
WEDTEX,27,no-header-detected,,"5,000m.","1,000m.+",255776,,1.1,2.1,Quoted price by K.Sivy by LINE on 18.11.19,,,,,,
WEDTEX,28,no-header-detected,,"5,000m.","1,000m.+",255777,,1.8,2.65,,,,,,,
WEDTEX,29,no-header-detected,,"5,000m.","1,000m.+",255730,,1.2,2.1,,,,,,,
WEDTEX,30,no-header-detected,45079,"5,000m.","600 - 2,000 m.",255584,,,2.8,Quoted by K.Sivy @Asoke office on 2.06.23,,,,,,
WEDTEX,31,no-header-detected,,,"2,001 - 4,000 m.",255584,,,2.45,,,,,,,
WEDTEX,32,no-header-detected,,,"4,001 m.",255584,,,2.35,,,,,,,
WEDTEX,33,no-header-detected,45485,"5,000 m.","5,000 m. +",254933,,,2.1,"(price for Running color BK, Ivory and Skin only)  K.Sivy cfm to keep this price on 12/7/2024",,,,,,
WEDTEX,34,no-header-detected,,"5,000 m.","1,001 - 3,000 m.",254933,,,2.25,(price for Fashion color) K.Sivy cfm to keep this price on 12/7/2024,,,,,,
WEDTEX,36,no-header-detected,46057,"5,000 m.","5,000 m. +",254933,,,1.98,"(price for Running color BK, Ivory and Skin only)  K.Sivy cfm to keep this price on 12/7/2024",,,,,,
WEDTEX,37,no-header-detected,,"5,000 m.","1,001 - 3,000 m.",254933,,,2.2,(price for Fashion color) K.Sivy cfm to keep this price on 12/7/2024,,,,,,
WEDTEX,39,no-header-detected,45951,"5,000 m.","20,000 m",255484,,0.95,-,"MINIMUM QTY. 5,000m. for MOQ & MCQ",,,,,,
WEDTEX,43,no-header-detected,46057,"5,000 m.","20,000 m",255484,,0.95,-,"MINIMUM QTY. 5,000m. for MOQ & MCQ",,,,,,
WEDTEX,47,no-header-detected,45951,"5,000 m.","20,000 m.",255554,,1.5,-,"MINIMUM QTY. 5,000m. for MOQ & MCQ",,,,,,
WEDTEX,51,no-header-detected,46057,"5,000 m.","20,000 m.",255554,,1.5,-,"MINIMUM QTY. 5,000m. for MOQ & MCQ",,,,,,
WEDTEX,55,no-header-detected,46038,3000 m.,600 m,255363,,-,2.15,"MOQ : 3,000M  MCQ : 600M",,,,,,
WEDTEX,59,no-header-detected,46057,3000 m.,"1,000 M",255167,,0.89,1.86,Price valid ; 6 months,,,,,,
WEDTEX,63,no-header-detected,46057,3000 m.,"1,000 M",255288,,0.75,1.67,Price valid ; 6 months,,,,,,
